0
SECTION
2
HEADER
9
$ACADVER
1
AC1027
9
$INSUNITS
70
4.0
9
$MEASUREMENT
70
1.0
0
ENDSEC
0
SECTION
2
TABLES
0
TABLE
2
LAYER
0
LAYER
2
0
70
0.0
62
7.0
0
LAYER
2
BIN_BOUNDARY
70
0.0
62
5.0
0
ENDTAB
0
ENDSEC
0
SECTION
2
ENTITIES
0
CIRCLE
5
1
100
AcDbEntity
8
0
62
7.0
100
AcDbCircle
10
54.02515411376953
20
54.00456237792969
40
35.00000000000001
0
LINE
5
2
100
AcDbEntity
8
0
62
7.0
100
AcDbLine
10
4.025154113769531
20
4.0045623779296875
11
104.02515411376953
21
4.0045623779296875
0
LINE
5
3
100
AcDbEntity
8
0
62
7.0
100
AcDbLine
10
4.025154113769531
20
4.0045623779296875
11
4.025154113769531
21
104.00456237792969
0
LINE
5
4
100
AcDbEntity
8
0
62
7.0
100
AcDbLine
10
4.025154113769531
20
104.00456237792969
11
104.02515411376953
21
104.00456237792969
0
LINE
5
5
100
AcDbEntity
8
0
62
7.0
100
AcDbLine
10
104.02515411376953
20
4.0045623779296875
11
104.02515411376953
21
104.00456237792969
0
POINT
5
6
100
AcDbEntity
8
0
62
7.0
100
AcDbPoint
10
54.02515411376953
20
54.00456237792969
0
CIRCLE
5
7
100
AcDbEntity
8
0
62
7.0
100
AcDbCircle
10
54.02904510498047
20
158.008544921875
40
35.00000000000001
0
LINE
5
8
100
AcDbEntity
8
0
62
7.0
100
AcDbLine
10
104.02904510498047
20
208.008544921875
11
4.029045104980462
21
208.008544921875
0
LINE
5
9
100
AcDbEntity
8
0
62
7.0
100
AcDbLine
10
104.02904510498047
20
208.008544921875
11
104.02904510498047
21
108.008544921875
0
LINE
5
A
100
AcDbEntity
8
0
62
7.0
100
AcDbLine
10
104.02904510498047
20
108.008544921875
11
4.029045104980476
21
108.008544921875
0
LINE
5
B
100
AcDbEntity
8
0
62
7.0
100
AcDbLine
10
4.029045104980462
20
208.008544921875
11
4.029045104980476
21
108.008544921875
0
POINT
5
C
100
AcDbEntity
8
0
62
7.0
100
AcDbPoint
10
54.02904510498047
20
158.008544921875
0
CIRCLE
5
D
100
AcDbEntity
8
0
62
7.0
100
AcDbCircle
10
54.02725601196289
20
262.0162353515625
40
35.00000000000001
0
LINE
5
E
100
AcDbEntity
8
0
62
7.0
100
AcDbLine
10
104.02725601196289
20
212.0162353515625
11
104.02725601196289
21
312.0162353515625
0
LINE
5
F
100
AcDbEntity
8
0
62
7.0
100
AcDbLine
10
104.02725601196289
20
212.0162353515625
11
4.027256011962891
21
212.0162353515625
0
LINE
5
10
100
AcDbEntity
8
0
62
7.0
100
AcDbLine
10
4.027256011962891
20
212.0162353515625
11
4.027256011962891
21
312.0162353515625
0
LINE
5
11
100
AcDbEntity
8
0
62
7.0
100
AcDbLine
10
104.02725601196289
20
312.0162353515625
11
4.027256011962891
21
312.0162353515625
0
POINT
5
12
100
AcDbEntity
8
0
62
7.0
100
AcDbPoint
10
54.02725601196289
20
262.0162353515625
0
CIRCLE
5
13
100
AcDbEntity
8
0
62
7.0
100
AcDbCircle
10
54.02900314331055
20
366.0176086425781
40
35.00000000000001
0
LINE
5
14
100
AcDbEntity
8
0
62
7.0
100
AcDbLine
10
4.029003143310547
20
316.0176086425781
11
104.02900314331055
21
316.0176086425781
0
LINE
5
15
100
AcDbEntity
8
0
62
7.0
100
AcDbLine
10
4.029003143310547
20
316.0176086425781
11
4.029003143310547
21
416.0176086425781
0
LINE
5
16
100
AcDbEntity
8
0
62
7.0
100
AcDbLine
10
4.029003143310547
20
416.0176086425781
11
104.02900314331055
21
416.0176086425781
0
LINE
5
17
100
AcDbEntity
8
0
62
7.0
100
AcDbLine
10
104.02900314331055
20
316.0176086425781
11
104.02900314331055
21
416.0176086425781
0
POINT
5
18
100
AcDbEntity
8
0
62
7.0
100
AcDbPoint
10
54.02900314331055
20
366.0176086425781
0
CIRCLE
5
19
100
AcDbEntity
8
0
62
7.0
100
AcDbCircle
10
54.05057144165039
20
470.01904296875
40
35.00000000000001
0
LINE
5
1A
100
AcDbEntity
8
0
62
7.0
100
AcDbLine
10
4.050571441650391
20
520.01904296875
11
4.050571441650391
21
420.01904296875
0
LINE
5
1B
100
AcDbEntity
8
0
62
7.0
100
AcDbLine
10
4.050571441650391
20
520.01904296875
11
104.05057144165039
21
520.01904296875
0
LINE
5
1C
100
AcDbEntity
8
0
62
7.0
100
AcDbLine
10
104.05057144165039
20
520.01904296875
11
104.05057144165039
21
420.01904296875
0
LINE
5
1D
100
AcDbEntity
8
0
62
7.0
100
AcDbLine
10
4.050571441650391
20
420.01904296875
11
104.05057144165039
21
420.01904296875
0
POINT
5
1E
100
AcDbEntity
8
0
62
7.0
100
AcDbPoint
10
54.05057144165039
20
470.01904296875
0
CIRCLE
5
1F
100
AcDbEntity
8
0
62
7.0
100
AcDbCircle
10
54.02893829345703
20
574.021484375
40
35.00000000000001
0
LINE
5
20
100
AcDbEntity
8
0
62
7.0
100
AcDbLine
10
4.028938293457031
20
524.021484375
11
104.02893829345703
21
524.021484375
0
LINE
5
21
100
AcDbEntity
8
0
62
7.0
100
AcDbLine
10
4.028938293457031
20
524.021484375
11
4.028938293457031
21
624.021484375
0
LINE
5
22
100
AcDbEntity
8
0
62
7.0
100
AcDbLine
10
4.028938293457031
20
624.021484375
11
104.02893829345703
21
624.021484375
0
LINE
5
23
100
AcDbEntity
8
0
62
7.0
100
AcDbLine
10
104.02893829345703
20
524.021484375
11
104.02893829345703
21
624.021484375
0
POINT
5
24
100
AcDbEntity
8
0
62
7.0
100
AcDbPoint
10
54.02893829345703
20
574.021484375
0
CIRCLE
5
25
100
AcDbEntity
8
0
62
7.0
100
AcDbCircle
10
216.86013793945313
20
131.46241760253906
40
35.00000000000001
0
LINE
5
26
100
AcDbEntity
8
0
62
7.0
100
AcDbLine
10
266.8601379394531
20
81.46241760253906
11
266.8601379394531
21
181.46241760253906
0
LINE
5
27
100
AcDbEntity
8
0
62
7.0
100
AcDbLine
10
266.8601379394531
20
81.46241760253906
11
166.86013793945313
21
81.46241760253906
0
LINE
5
28
100
AcDbEntity
8
0
62
7.0
100
AcDbLine
10
166.86013793945313
20
81.46241760253906
11
166.86013793945313
21
181.46241760253906
0
LINE
5
29
100
AcDbEntity
8
0
62
7.0
100
AcDbLine
10
266.8601379394531
20
181.46241760253906
11
166.86013793945313
21
181.46241760253906
0
POINT
5
2A
100
AcDbEntity
8
0
62
7.0
100
AcDbPoint
10
216.86013793945313
20
131.46241760253906
0
CIRCLE
5
2B
100
AcDbEntity
8
0
62
7.0
100
AcDbCircle
10
275.8377990722656
20
762.528564453125
40
35.00000000000001
0
LINE
5
2C
100
AcDbEntity
8
0
62
7.0
100
AcDbLine
10
325.8377990722656
20
812.528564453125
11
225.83779907226563
21
812.528564453125
0
LINE
5
2D
100
AcDbEntity
8
0
62
7.0
100
AcDbLine
10
325.8377990722656
20
812.528564453125
11
325.8377990722656
21
712.528564453125
0
LINE
5
2E
100
AcDbEntity
8
0
62
7.0
100
AcDbLine
10
325.8377990722656
20
712.528564453125
11
225.83779907226563
21
712.528564453125
0
LINE
5
2F
100
AcDbEntity
8
0
62
7.0
100
AcDbLine
10
225.83779907226563
20
812.528564453125
11
225.83779907226563
21
712.528564453125
0
POINT
5
30
100
AcDbEntity
8
0
62
7.0
100
AcDbPoint
10
275.8377990722656
20
762.528564453125
0
CIRCLE
5
31
100
AcDbEntity
8
0
62
7.0
100
AcDbCircle
10
443.56195068359375
20
827.4409790039063
40
35.00000000000001
0
LINE
5
32
100
AcDbEntity
8
0
62
7.0
100
AcDbLine
10
393.56195068359375
20
777.4409790039063
11
493.56195068359375
21
777.4409790039063
0
LINE
5
33
100
AcDbEntity
8
0
62
7.0
100
AcDbLine
10
393.56195068359375
20
777.4409790039063
11
393.56195068359375
21
877.4409790039063
0
LINE
5
34
100
AcDbEntity
8
0
62
7.0
100
AcDbLine
10
393.56195068359375
20
877.4409790039063
11
493.56195068359375
21
877.4409790039063
0
LINE
5
35
100
AcDbEntity
8
0
62
7.0
100
AcDbLine
10
493.56195068359375
20
777.4409790039063
11
493.56195068359375
21
877.4409790039063
0
POINT
5
36
100
AcDbEntity
8
0
62
7.0
100
AcDbPoint
10
443.56195068359375
20
827.4409790039063
0
CIRCLE
5
37
100
AcDbEntity
8
0
62
7.0
100
AcDbCircle
10
611.3804321289063
20
440.3738403320313
40
35.00000000000001
0
LINE
5
38
100
AcDbEntity
8
0
62
7.0
100
AcDbLine
10
661.3804321289063
20
390.3738403320313
11
661.3804321289063
21
490.3738403320313
0
LINE
5
39
100
AcDbEntity
8
0
62
7.0
100
AcDbLine
10
661.3804321289063
20
390.3738403320313
11
561.3804321289063
21
390.3738403320313
0
LINE
5
3A
100
AcDbEntity
8
0
62
7.0
100
AcDbLine
10
561.3804321289063
20
390.3738403320313
11
561.3804321289063
21
490.3738403320313
0
LINE
5
3B
100
AcDbEntity
8
0
62
7.0
100
AcDbLine
10
661.3804321289063
20
490.3738403320313
11
561.3804321289063
21
490.3738403320313
0
POINT
5
3C
100
AcDbEntity
8
0
62
7.0
100
AcDbPoint
10
611.3804321289063
20
440.3738403320313
0
CIRCLE
5
3D
100
AcDbEntity
8
0
62
7.0
100
AcDbCircle
10
796.7869262695313
20
829.7233276367188
40
35.00000000000001
0
LINE
5
3E
100
AcDbEntity
8
0
62
7.0
100
AcDbLine
10
746.7869262695313
20
779.7233276367188
11
846.7869262695313
21
779.7233276367188
0
LINE
5
3F
100
AcDbEntity
8
0
62
7.0
100
AcDbLine
10
746.7869262695313
20
779.7233276367188
11
746.7869262695313
21
879.7233276367188
0
LINE
5
40
100
AcDbEntity
8
0
62
7.0
100
AcDbLine
10
746.7869262695313
20
879.7233276367188
11
846.7869262695313
21
879.7233276367188
0
LINE
5
41
100
AcDbEntity
8
0
62
7.0
100
AcDbLine
10
846.7869262695313
20
779.7233276367188
11
846.7869262695313
21
879.7233276367188
0
POINT
5
42
100
AcDbEntity
8
0
62
7.0
100
AcDbPoint
10
796.7869262695313
20
829.7233276367188
0
CIRCLE
5
43
100
AcDbEntity
8
0
62
7.0
100
AcDbCircle
10
937.6720581054688
20
799.2694091796875
40
35.00000000000001
0
LINE
5
44
100
AcDbEntity
8
0
62
7.0
100
AcDbLine
10
887.6720581054688
20
849.2694091796875
11
887.6720581054688
21
749.2694091796875
0
LINE
5
45
100
AcDbEntity
8
0
62
7.0
100
AcDbLine
10
887.6720581054688
20
849.2694091796875
11
987.6720581054688
21
849.2694091796875
0
LINE
5
46
100
AcDbEntity
8
0
62
7.0
100
AcDbLine
10
987.6720581054688
20
849.2694091796875
11
987.6720581054688
21
749.2694091796875
0
LINE
5
47
100
AcDbEntity
8
0
62
7.0
100
AcDbLine
10
887.6720581054688
20
749.2694091796875
11
987.6720581054688
21
749.2694091796875
0
POINT
5
48
100
AcDbEntity
8
0
62
7.0
100
AcDbPoint
10
937.6720581054688
20
799.2694091796875
0
ARC
5
49
100
AcDbEntity
8
0
62
7.0
100
AcDbCircle
10
135.98811645440156
20
23.971426010131836
40
28.0
50
135.0
51
225.0
0
LINE
5
4A
100
AcDbEntity
8
0
62
7.0
100
AcDbLine
10
135.98811645440156
20
23.971426010131836
11
116.18912658110156
21
4.172436136931836
0
LINE
5
4B
100
AcDbEntity
8
0
62
7.0
100
AcDbLine
10
116.18912658110156
20
43.770415883331836
11
135.98811645440156
21
23.971426010131836
0
ARC
5
4C
100
AcDbEntity
8
0
62
7.0
100
AcDbCircle
10
108.16980438300078
20
57.4552116394043
40
28.0
50
-45.0
51
45.0
0
LINE
5
4D
100
AcDbEntity
8
0
62
7.0
100
AcDbLine
10
108.16980438300078
20
57.4552116394043
11
127.96879425630078
21
77.2542015126043
0
LINE
5
4E
100
AcDbEntity
8
0
62
7.0
100
AcDbLine
10
127.96879425630078
20
37.6562217662043
11
108.16980438300078
21
57.4552116394043
0
ARC
5
4F
100
AcDbEntity
8
0
62
7.0
100
AcDbCircle
10
23.88725471496582
20
655.9835235588937
40
28.0
50
-135.0
51
-45.0
0
LINE
5
50
100
AcDbEntity
8
0
62
7.0
100
AcDbLine
10
23.88725471496582
20
655.9835235588937
11
43.68624458816582
21
636.1845336855938
0
LINE
5
51
100
AcDbEntity
8
0
62
7.0
100
AcDbLine
10
4.088264841765824
20
636.1845336855937
11
23.88725471496582
21
655.9835235588937
0
ARC
5
52
100
AcDbEntity
8
0
62
7.0
100
AcDbCircle
10
57.38010025024414
20
628.1610076911063
40
28.0
50
45.0
51
135.0
0
LINE
5
53
100
AcDbEntity
8
0
62
7.0
100
AcDbLine
10
57.38010025024414
20
628.1610076911063
11
37.58111037704414
21
647.9599975644062
0
LINE
5
54
100
AcDbEntity
8
0
62
7.0
100
AcDbLine
10
77.17909012344414
20
647.9599975644062
11
57.38010025024414
21
628.1610076911063
0
ARC
5
55
100
AcDbEntity
8
0
62
7.0
100
AcDbCircle
10
135.9868347161203
20
90.93924713134766
40
28.0
50
135.0
51
225.0
0
LINE
5
56
100
AcDbEntity
8
0
62
7.0
100
AcDbLine
10
135.9868347161203
20
90.93924713134766
11
116.18784484282031
21
71.14025725814766
0
LINE
5
57
100
AcDbEntity
8
0
62
7.0
100
AcDbLine
10
116.18784484282031
20
110.73823700454766
11
135.9868347161203
21
90.93924713134766
0
ARC
5
58
100
AcDbEntity
8
0
62
7.0
100
AcDbCircle
10
135.99800414971406
20
134.63475036621094
40
28.0
50
135.0
51
225.0
0
LINE
5
59
100
AcDbEntity
8
0
62
7.0
100
AcDbLine
10
135.99800414971406
20
134.63475036621094
11
116.19901427641406
21
114.83576049301094
0
LINE
5
5A
100
AcDbEntity
8
0
62
7.0
100
AcDbLine
10
116.19901427641406
20
154.43374023941095
11
135.99800414971406
21
134.63475036621094
0
ARC
5
5B
100
AcDbEntity
8
0
62
7.0
100
AcDbCircle
10
107.16097259521484
20
627.7223480231376
40
28.0
50
45.0
51
135.0
0
LINE
5
5C
100
AcDbEntity
8
0
62
7.0
100
AcDbLine
10
107.16097259521484
20
627.7223480231376
11
87.36198272201484
21
647.5213378964374
0
LINE
5
5D
100
AcDbEntity
8
0
62
7.0
100
AcDbLine
10
126.95996246841484
20
647.5213378964374
11
107.16097259521484
21
627.7223480231376
0
ARC
5
5E
100
AcDbEntity
8
0
62
7.0
100
AcDbCircle
10
135.99211425713594
20
178.35435485839844
40
28.0
50
135.0
51
225.0
0
LINE
5
5F
100
AcDbEntity
8
0
62
7.0
100
AcDbLine
10
135.99211425713594
20
178.35435485839844
11
116.19312438383594
21
158.55536498519842
0
LINE
5
60
100
AcDbEntity
8
0
62
7.0
100
AcDbLine
10
116.19312438383594
20
198.15334473159845
11
135.99211425713594
21
178.35435485839844
0
ARC
5
61
100
AcDbEntity
8
0
62
7.0
100
AcDbCircle
10
136.0030395501047
20
222.03439331054688
40
28.0
50
135.0
51
225.0
0
LINE
5
62
100
AcDbEntity
8
0
62
7.0
100
AcDbLine
10
136.0030395501047
20
222.03439331054688
11
116.20404967680469
21
202.23540343734686
0
LINE
5
63
100
AcDbEntity
8
0
62
7.0
100
AcDbLine
10
116.20404967680469
20
241.8333831837469
11
136.0030395501047
21
222.03439331054688
0
ARC
5
64
100
AcDbEntity
8
0
62
7.0
100
AcDbCircle
10
108.18968658514922
20
255.5148162841797
40
28.0
50
-45.0
51
45.0
0
LINE
5
65
100
AcDbEntity
8
0
62
7.0
100
AcDbLine
10
108.18968658514922
20
255.5148162841797
11
127.98867645844922
21
275.3138061573797
0
LINE
5
66
100
AcDbEntity
8
0
62
7.0
100
AcDbLine
10
127.98867645844922
20
235.71582641097967
11
108.18968658514922
21
255.5148162841797
0
ARC
5
67
100
AcDbEntity
8
0
62
7.0
100
AcDbCircle
10
135.99446411065156
20
289.0045471191406
40
28.0
50
135.0
51
225.0
0
LINE
5
68
100
AcDbEntity
8
0
62
7.0
100
AcDbLine
10
135.99446411065156
20
289.0045471191406
11
116.19547423735156
21
269.2055572459406
0
LINE
5
69
100
AcDbEntity
8
0
62
7.0
100
AcDbLine
10
116.19547423735156
20
308.80353699234064
11
135.99446411065156
21
289.0045471191406
0
ARC
5
6A
100
AcDbEntity
8
0
62
7.0
100
AcDbCircle
10
135.99104614190156
20
332.6932678222656
40
28.0
50
135.0
51
225.0
0
LINE
5
6B
100
AcDbEntity
8
0
62
7.0
100
AcDbLine
10
135.99104614190156
20
332.6932678222656
11
116.19205626860156
21
312.8942779490656
0
LINE
5
6C
100
AcDbEntity
8
0
62
7.0
100
AcDbLine
10
116.19205626860156
20
352.49225769546564
11
135.99104614190156
21
332.6932678222656
0
ARC
5
6D
100
AcDbEntity
8
0
62
7.0
100
AcDbCircle
10
135.99106140069063
20
376.3728332519531
40
28.0
50
135.0
51
225.0
0
LINE
5
6E
100
AcDbEntity
8
0
62
7.0
100
AcDbLine
10
135.99106140069063
20
376.3728332519531
11
116.19207152739062
21
356.5738433787531
0
LINE
5
6F
100
AcDbEntity
8
0
62
7.0
100
AcDbLine
10
116.19207152739062
20
396.17182312515314
11
135.99106140069063
21
376.3728332519531
0
ARC
5
70
100
AcDbEntity
8
0
62
7.0
100
AcDbCircle
10
25.76184844970703
20
659.7707489020438
40
28.0
50
45.0
51
135.0
0
LINE
5
71
100
AcDbEntity
8
0
62
7.0
100
AcDbLine
10
25.76184844970703
20
659.7707489020438
11
5.962858576507031
21
679.5697387753437
0
LINE
5
72
100
AcDbEntity
8
0
62
7.0
100
AcDbLine
10
45.56083832290703
20
679.5697387753437
11
25.76184844970703
21
659.7707489020438
0
ARC
5
73
100
AcDbEntity
8
0
62
7.0
100
AcDbCircle
10
69.28543853759766
20
658.1080291754813
40
28.0
50
45.0
51
135.0
0
LINE
5
74
100
AcDbEntity
8
0
62
7.0
100
AcDbLine
10
69.28543853759766
20
658.1080291754813
11
49.486448664397656
21
677.9070190487812
0
LINE
5
75
100
AcDbEntity
8
0
62
7.0
100
AcDbLine
10
89.08442841079766
20
677.9070190487812
11
69.28543853759766
21
658.1080291754813
0
ARC
5
76
100
AcDbEntity
8
0
62
7.0
100
AcDbCircle
10
48.3004035949707
20
682.5445526129813
40
28.0
50
45.0
51
135.0
0
LINE
5
77
100
AcDbEntity
8
0
62
7.0
100
AcDbLine
10
48.3004035949707
20
682.5445526129813
11
28.501413721770703
21
702.3435424862812
0
LINE
5
78
100
AcDbEntity
8
0
62
7.0
100
AcDbLine
10
68.0993934681707
20
702.3435424862812
11
48.3004035949707
21
682.5445526129813
0
ARC
5
79
100
AcDbEntity
8
0
62
7.0
100
AcDbCircle
10
94.5577621459961
20
678.1627166754813
40
28.0
50
45.0
51
135.0
0
LINE
5
7A
100
AcDbEntity
8
0
62
7.0
100
AcDbLine
10
94.5577621459961
20
678.1627166754813
11
74.7587722727961
21
697.9617065487812
0
LINE
5
7B
100
AcDbEntity
8
0
62
7.0
100
AcDbLine
10
114.3567520191961
20
697.9617065487812
11
94.5577621459961
21
678.1627166754813
0
ARC
5
7C
100
AcDbEntity
8
0
62
7.0
100
AcDbCircle
10
32.00379486016328
20
711.7130737304688
40
28.0
50
135.0
51
225.0
0
LINE
5
7D
100
AcDbEntity
8
0
62
7.0
100
AcDbLine
10
32.00379486016328
20
711.7130737304688
11
12.20480498686328
21
691.9140838572688
0
LINE
5
7E
100
AcDbEntity
8
0
62
7.0
100
AcDbLine
10
12.20480498686328
20
731.5120636036687
11
32.00379486016328
21
711.7130737304688
0
ARC
5
7F
100
AcDbEntity
8
0
62
7.0
100
AcDbCircle
10
62.298118591308594
20
740.8320343010812
40
28.0
50
-135.0
51
-45.0
0
LINE
5
80
100
AcDbEntity
8
0
62
7.0
100
AcDbLine
10
62.298118591308594
20
740.8320343010812
11
82.0971084645086
21
721.0330444277813
0
LINE
5
81
100
AcDbEntity
8
0
62
7.0
100
AcDbLine
10
42.499128718108594
20
721.0330444277812
11
62.298118591308594
21
740.8320343010812
0
ARC
5
82
100
AcDbEntity
8
0
62
7.0
100
AcDbCircle
10
106.0203857421875
20
736.9912139885812
40
28.0
50
-135.0
51
-45.0
0
LINE
5
83
100
AcDbEntity
8
0
62
7.0
100
AcDbLine
10
106.0203857421875
20
736.9912139885812
11
125.8193756153875
21
717.1922241152813
0
LINE
5
84
100
AcDbEntity
8
0
62
7.0
100
AcDbLine
10
86.2213958689875
20
717.1922241152812
11
106.0203857421875
21
736.9912139885812
0
ARC
5
85
100
AcDbEntity
8
0
62
7.0
100
AcDbCircle
10
136.01225585869844
20
420.0568237304687
40
28.0
50
135.0
51
225.0
0
LINE
5
86
100
AcDbEntity
8
0
62
7.0
100
AcDbLine
10
136.01225585869844
20
420.0568237304687
11
116.21326598539844
21
400.2578338572687
0
LINE
5
87
100
AcDbEntity
8
0
62
7.0
100
AcDbLine
10
116.21326598539844
20
439.8558136036687
11
136.01225585869844
21
420.0568237304687
0
ARC
5
88
100
AcDbEntity
8
0
62
7.0
100
AcDbCircle
10
108.18994598456328
20
453.5434265136719
40
28.0
50
-45.0
51
45.0
0
LINE
5
89
100
AcDbEntity
8
0
62
7.0
100
AcDbLine
10
108.18994598456328
20
453.5434265136719
11
127.98893585786328
21
473.3424163868719
0
LINE
5
8A
100
AcDbEntity
8
0
62
7.0
100
AcDbLine
10
127.98893585786328
20
433.74443664047186
11
108.18994598456328
21
453.5434265136719
0
ARC
5
8B
100
AcDbEntity
8
0
62
7.0
100
AcDbCircle
10
109.7109375
20
687.6548492424874
40
28.0
50
-135.0
51
-45.0
0
LINE
5
8C
100
AcDbEntity
8
0
62
7.0
100
AcDbLine
10
109.7109375
20
687.6548492424874
11
129.50992737320001
21
667.8558593691876
0
LINE
5
8D
100
AcDbEntity
8
0
62
7.0
100
AcDbLine
10
89.9119476268
20
667.8558593691874
11
109.7109375
21
687.6548492424874
0
ARC
5
8E
100
AcDbEntity
8
0
62
7.0
100
AcDbCircle
10
66.20898895331328
20
742.5838623046875
40
28.0
50
-45.0
51
45.0
0
LINE
5
8F
100
AcDbEntity
8
0
62
7.0
100
AcDbLine
10
66.20898895331328
20
742.5838623046875
11
86.00797882661328
21
762.3828521778875
0
LINE
5
90
100
AcDbEntity
8
0
62
7.0
100
AcDbLine
10
86.00797882661328
20
722.7848724314875
11
66.20898895331328
21
742.5838623046875
0
ARC
5
91
100
AcDbEntity
8
0
62
7.0
100
AcDbCircle
10
6.800919342717578
20
742.5802612304688
40
28.0
50
-45.0
51
45.0
0
LINE
5
92
100
AcDbEntity
8
0
62
7.0
100
AcDbLine
10
6.800919342717578
20
742.5802612304688
11
26.59990921601758
21
762.3792511036687
0
LINE
5
93
100
AcDbEntity
8
0
62
7.0
100
AcDbLine
10
26.59990921601758
20
722.7812713572688
11
6.800919342717578
21
742.5802612304688
0
ARC
5
94
100
AcDbEntity
8
0
62
7.0
100
AcDbCircle
10
115.9092025756836
20
734.309628296575
40
28.0
50
45.0
51
135.0
0
LINE
5
95
100
AcDbEntity
8
0
62
7.0
100
AcDbLine
10
115.9092025756836
20
734.309628296575
11
96.1102127024836
21
754.108618169875
0
LINE
5
96
100
AcDbEntity
8
0
62
7.0
100
AcDbLine
10
135.7081924488836
20
754.108618169875
11
115.9092025756836
21
734.309628296575
0
ARC
5
97
100
AcDbEntity
8
0
62
7.0
100
AcDbCircle
10
54.45022201538086
20
738.6927459723563
40
28.0
50
45.0
51
135.0
0
LINE
5
98
100
AcDbEntity
8
0
62
7.0
100
AcDbLine
10
54.45022201538086
20
738.6927459723563
11
34.65123214218086
21
758.4917358456562
0
LINE
5
99
100
AcDbEntity
8
0
62
7.0
100
AcDbLine
10
74.24921188858086
20
758.4917358456562
11
54.45022201538086
21
738.6927459723563
0
ARC
5
9A
100
AcDbEntity
8
0
62
7.0
100
AcDbCircle
10
95.36083984375
20
758.8834198004813
40
28.0
50
45.0
51
135.0
0
LINE
5
9B
100
AcDbEntity
8
0
62
7.0
100
AcDbLine
10
95.36083984375
20
758.8834198004813
11
75.56184997055
21
778.6824096737812
0
LINE
5
9C
100
AcDbEntity
8
0
62
7.0
100
AcDbLine
10
115.15982971695
20
778.6824096737812
11
95.36083984375
21
758.8834198004813
0
ARC
5
9D
100
AcDbEntity
8
0
62
7.0
100
AcDbCircle
10
30.888538360595703
20
763.9467742926688
40
28.0
50
45.0
51
135.0
0
LINE
5
9E
100
AcDbEntity
8
0
62
7.0
100
AcDbLine
10
30.888538360595703
20
763.9467742926688
11
11.089548487395703
21
783.7457641659687
0
LINE
5
9F
100
AcDbEntity
8
0
62
7.0
100
AcDbLine
10
50.6875282337957
20
783.7457641659687
11
30.888538360595703
21
763.9467742926688
0
ARC
5
A0
100
AcDbEntity
8
0
62
7.0
100
AcDbCircle
10
81.91131133965547
20
791.0789794921875
40
28.0
50
135.0
51
225.0
0
LINE
5
A1
100
AcDbEntity
8
0
62
7.0
100
AcDbLine
10
81.91131133965547
20
791.0789794921875
11
62.11232146635547
21
771.2799896189875
0
LINE
5
A2
100
AcDbEntity
8
0
62
7.0
100
AcDbLine
10
62.11232146635547
20
810.8779693653875
11
81.91131133965547
21
791.0789794921875
0
ARC
5
A3
100
AcDbEntity
8
0
62
7.0
100
AcDbCircle
10
23.88741874694824
20
823.4692413323312
40
28.0
50
-135.0
51
-45.0
0
LINE
5
A4
100
AcDbEntity
8
0
62
7.0
100
AcDbLine
10
23.88741874694824
20
823.4692413323312
11
43.68640862014824
21
803.6702514590313
0
LINE
5
A5
100
AcDbEntity
8
0
62
7.0
100
AcDbLine
10
4.088428873748242
20
803.6702514590312
11
23.88741874694824
21
823.4692413323312
0
ARC
5
A6
100
AcDbEntity
8
0
62
7.0
100
AcDbCircle
10
95.60058288641876
20
803.7083740234375
40
28.0
50
-45.0
51
45.0
0
LINE
5
A7
100
AcDbEntity
8
0
62
7.0
100
AcDbLine
10
95.60058288641876
20
803.7083740234375
11
115.39957275971877
21
823.5073638966375
0
LINE
5
A8
100
AcDbEntity
8
0
62
7.0
100
AcDbLine
10
115.39957275971877
20
783.9093841502375
11
95.60058288641876
21
803.7083740234375
0
ARC
5
A9
100
AcDbEntity
8
0
62
7.0
100
AcDbCircle
10
51.368770599365234
20
841.3047515862374
40
28.0
50
-135.0
51
-45.0
0
LINE
5
AA
100
AcDbEntity
8
0
62
7.0
100
AcDbLine
10
51.368770599365234
20
841.3047515862374
11
71.16776047256523
21
821.5057617129376
0
LINE
5
AB
100
AcDbEntity
8
0
62
7.0
100
AcDbLine
10
31.569780726165238
20
821.5057617129374
11
51.368770599365234
21
841.3047515862374
0
ARC
5
AC
100
AcDbEntity
8
0
62
7.0
100
AcDbCircle
10
92.20105743408205
20
845.7919952385812
40
28.0
50
-135.0
51
-45.0
0
LINE
5
AD
100
AcDbEntity
8
0
62
7.0
100
AcDbLine
10
92.20105743408205
20
845.7919952385812
11
112.00004730728205
21
825.9930053652813
0
LINE
5
AE
100
AcDbEntity
8
0
62
7.0
100
AcDbLine
10
72.40206756088205
20
825.9930053652812
11
92.20105743408205
21
845.7919952385812
0
ARC
5
AF
100
AcDbEntity
8
0
62
7.0
100
AcDbCircle
10
23.912363052368164
20
827.5243499762626
40
28.0
50
45.0
51
135.0
0
LINE
5
B0
100
AcDbEntity
8
0
62
7.0
100
AcDbLine
10
23.912363052368164
20
827.5243499762626
11
4.113373179168164
21
847.3233398495624
0
LINE
5
B1
100
AcDbEntity
8
0
62
7.0
100
AcDbLine
10
43.711352925568164
20
847.3233398495624
11
23.912363052368164
21
827.5243499762626
0
ARC
5
B2
100
AcDbEntity
8
0
62
7.0
100
AcDbCircle
10
115.93319702148438
20
827.7297332770438
40
28.0
50
45.0
51
135.0
0
LINE
5
B3
100
AcDbEntity
8
0
62
7.0
100
AcDbLine
10
115.93319702148438
20
827.7297332770438
11
96.13420714828437
21
847.5287231503437
0
LINE
5
B4
100
AcDbEntity
8
0
62
7.0
100
AcDbLine
10
135.7321868946844
20
847.5287231503437
11
115.93319702148438
21
827.7297332770438
0
ARC
5
B5
100
AcDbEntity
8
0
62
7.0
100
AcDbCircle
10
69.07105255126953
20
829.2597015387626
40
28.0
50
45.0
51
135.0
0
LINE
5
B6
100
AcDbEntity
8
0
62
7.0
100
AcDbLine
10
69.07105255126953
20
829.2597015387626
11
49.27206267806953
21
849.0586914120624
0
LINE
5
B7
100
AcDbEntity
8
0
62
7.0
100
AcDbLine
10
88.87004242446953
20
849.0586914120624
11
69.07105255126953
21
829.2597015387626
0
ARC
5
B8
100
AcDbEntity
8
0
62
7.0
100
AcDbCircle
10
136.01599426201875
20
487.083740234375
40
28.0
50
135.0
51
225.0
0
LINE
5
B9
100
AcDbEntity
8
0
62
7.0
100
AcDbLine
10
136.01599426201875
20
487.083740234375
11
116.21700438871875
21
467.284750361175
0
LINE
5
BA
100
AcDbEntity
8
0
62
7.0
100
AcDbLine
10
116.21700438871875
20
506.882730107575
11
136.01599426201875
21
487.083740234375
0
ARC
5
BB
100
AcDbEntity
8
0
62
7.0
100
AcDbCircle
10
37.75343704223633
20
856.6054656989188
40
28.0
50
45.0
51
135.0
0
LINE
5
BC
100
AcDbEntity
8
0
62
7.0
100
AcDbLine
10
37.75343704223633
20
856.6054656989188
11
17.954447169036328
21
876.4044555722187
0
LINE
5
BD
100
AcDbEntity
8
0
62
7.0
100
AcDbLine
10
57.55242691543633
20
876.4044555722187
11
37.75343704223633
21
856.6054656989188
0
ARC
5
BE
100
AcDbEntity
8
0
62
7.0
100
AcDbCircle
10
86.12076568603516
20
856.5480316168876
40
28.0
50
45.0
51
135.0
0
LINE
5
BF
100
AcDbEntity
8
0
62
7.0
100
AcDbLine
10
86.12076568603516
20
856.5480316168876
11
66.32177581283516
21
876.3470214901874
0
LINE
5
C0
100
AcDbEntity
8
0
62
7.0
100
AcDbLine
10
105.91975555923516
20
876.3470214901874
11
86.12076568603516
21
856.5480316168876
0
ARC
5
C1
100
AcDbEntity
8
0
62
7.0
100
AcDbCircle
10
136.00772399834688
20
887.6251220703125
40
28.0
50
135.0
51
225.0
0
LINE
5
C2
100
AcDbEntity
8
0
62
7.0
100
AcDbLine
10
136.00772399834688
20
887.6251220703125
11
116.20873412504687
21
867.8261321971125
0
LINE
5
C3
100
AcDbEntity
8
0
62
7.0
100
AcDbLine
10
116.20873412504687
20
907.4241119435125
11
136.00772399834688
21
887.6251220703125
0
ARC
5
C4
100
AcDbEntity
8
0
62
7.0
100
AcDbCircle
10
23.880584716796875
20
914.919863890925
40
28.0
50
-135.0
51
-45.0
0
LINE
5
C5
100
AcDbEntity
8
0
62
7.0
100
AcDbLine
10
23.880584716796875
20
914.919863890925
11
43.679574589996875
21
895.120874017625
0
LINE
5
C6
100
AcDbEntity
8
0
62
7.0
100
AcDbLine
10
4.0815948435968785
20
895.1208740176249
11
23.880584716796875
21
914.919863890925
0
ARC
5
C7
100
AcDbEntity
8
0
62
7.0
100
AcDbCircle
10
57.379024505615234
20
887.0891082770438
40
28.0
50
45.0
51
135.0
0
LINE
5
C8
100
AcDbEntity
8
0
62
7.0
100
AcDbLine
10
57.379024505615234
20
887.0891082770438
11
37.580034632415234
21
906.8880981503437
0
LINE
5
C9
100
AcDbEntity
8
0
62
7.0
100
AcDbLine
10
77.17801437881523
20
906.8880981503437
11
57.379024505615234
21
887.0891082770438
0
ARC
5
CA
100
AcDbEntity
8
0
62
7.0
100
AcDbCircle
10
80.00890808173125
20
909.7814331054688
40
28.0
50
-45.0
51
45.0
0
LINE
5
CB
100
AcDbEntity
8
0
62
7.0
100
AcDbLine
10
80.00890808173125
20
909.7814331054688
11
99.80789795503125
21
929.5804229786687
0
LINE
5
CC
100
AcDbEntity
8
0
62
7.0
100
AcDbLine
10
99.80789795503125
20
889.9824432322688
11
80.00890808173125
21
909.7814331054688
0
ARC
5
CD
100
AcDbEntity
8
0
62
7.0
100
AcDbCircle
10
31.985797118464063
20
928.7093505859376
40
28.0
50
135.0
51
225.0
0
LINE
5
CE
100
AcDbEntity
8
0
62
7.0
100
AcDbLine
10
31.985797118464063
20
928.7093505859376
11
12.186807245164061
21
908.9103607127377
0
LINE
5
CF
100
AcDbEntity
8
0
62
7.0
100
AcDbLine
10
12.186807245164061
20
948.5083404591376
11
31.985797118464063
21
928.7093505859376
0
ARC
5
D0
100
AcDbEntity
8
0
62
7.0
100
AcDbCircle
10
107.98551635809844
20
925.4977416992188
40
28.0
50
-45.0
51
45.0
0
LINE
5
D1
100
AcDbEntity
8
0
62
7.0
100
AcDbLine
10
107.98551635809844
20
925.4977416992188
11
127.78450623139844
21
945.2967315724187
0
LINE
5
D2
100
AcDbEntity
8
0
62
7.0
100
AcDbLine
10
127.78450623139844
20
905.6987518260188
11
107.98551635809844
21
925.4977416992188
0
ARC
5
D3
100
AcDbEntity
8
0
62
7.0
100
AcDbCircle
10
46.14312744140625
20
920.2089813239188
40
28.0
50
45.0
51
135.0
0
LINE
5
D4
100
AcDbEntity
8
0
62
7.0
100
AcDbLine
10
46.14312744140625
20
920.2089813239188
11
26.34413756820625
21
940.0079711972187
0
LINE
5
D5
100
AcDbEntity
8
0
62
7.0
100
AcDbLine
10
65.94211731460625
20
940.0079711972187
11
46.14312744140625
21
920.2089813239188
0
ARC
5
D6
100
AcDbEntity
8
0
62
7.0
100
AcDbCircle
10
97.24816436699922
20
932.7039184570313
40
28.0
50
135.0
51
225.0
0
LINE
5
D7
100
AcDbEntity
8
0
62
7.0
100
AcDbLine
10
97.24816436699922
20
932.7039184570313
11
77.44917449369922
21
912.9049285838313
0
LINE
5
D8
100
AcDbEntity
8
0
62
7.0
100
AcDbLine
10
77.44917449369922
20
952.5029083302312
11
97.24816436699922
21
932.7039184570313
0
ARC
5
D9
100
AcDbEntity
8
0
62
7.0
100
AcDbCircle
10
135.99077148369844
20
530.763427734375
40
28.0
50
135.0
51
225.0
0
LINE
5
DA
100
AcDbEntity
8
0
62
7.0
100
AcDbLine
10
135.99077148369844
20
530.763427734375
11
116.19178161039844
21
510.964437861175
0
LINE
5
DB
100
AcDbEntity
8
0
62
7.0
100
AcDbLine
10
116.19178161039844
20
550.562417607575
11
135.99077148369844
21
530.763427734375
0
ARC
5
DC
100
AcDbEntity
8
0
62
7.0
100
AcDbCircle
10
120.27088623114533
20
824.1224365234375
40
28.0
50
-45.0
51
45.0
0
LINE
5
DD
100
AcDbEntity
8
0
62
7.0
100
AcDbLine
10
120.27088623114533
20
824.1224365234375
11
140.0698761044453
21
843.9214263966375
0
LINE
5
DE
100
AcDbEntity
8
0
62
7.0
100
AcDbLine
10
140.0698761044453
20
804.3234466502375
11
120.27088623114533
21
824.1224365234375
0
ARC
5
DF
100
AcDbEntity
8
0
62
7.0
100
AcDbCircle
10
125.56729431084688
20
948.7528686523438
40
28.0
50
135.0
51
225.0
0
LINE
5
E0
100
AcDbEntity
8
0
62
7.0
100
AcDbLine
10
125.56729431084688
20
948.7528686523438
11
105.76830443754687
21
928.9538787791438
0
LINE
5
E1
100
AcDbEntity
8
0
62
7.0
100
AcDbLine
10
105.76830443754687
20
968.5518585255437
11
125.56729431084688
21
948.7528686523438
0
ARC
5
E2
100
AcDbEntity
8
0
62
7.0
100
AcDbCircle
10
132.5505828857422
20
670.4774139411063
40
28.0
50
45.0
51
135.0
0
LINE
5
E3
100
AcDbEntity
8
0
62
7.0
100
AcDbLine
10
132.5505828857422
20
670.4774139411063
11
112.75159301254219
21
690.2764038144062
0
LINE
5
E4
100
AcDbEntity
8
0
62
7.0
100
AcDbLine
10
152.3495727589422
20
690.2764038144062
11
132.5505828857422
21
670.4774139411063
0
ARC
5
E5
100
AcDbEntity
8
0
62
7.0
100
AcDbCircle
10
23.914403915405273
20
943.4467742926688
40
28.0
50
45.0
51
135.0
0
LINE
5
E6
100
AcDbEntity
8
0
62
7.0
100
AcDbLine
10
23.914403915405273
20
943.4467742926688
11
4.115414042205273
21
963.2457641659687
0
LINE
5
E7
100
AcDbEntity
8
0
62
7.0
100
AcDbLine
10
43.71339378860527
20
963.2457641659687
11
23.914403915405273
21
943.4467742926688
0
ARC
5
E8
100
AcDbEntity
8
0
62
7.0
100
AcDbCircle
10
165.0889770501047
20
76.20759582519531
40
28.0
50
135.0
51
225.0
0
LINE
5
E9
100
AcDbEntity
8
0
62
7.0
100
AcDbLine
10
165.0889770501047
20
76.20759582519531
11
145.2899871768047
21
56.40860595199531
0
LINE
5
EA
100
AcDbEntity
8
0
62
7.0
100
AcDbLine
10
145.2899871768047
20
96.00658569839531
11
165.0889770501047
21
76.20759582519531
0
ARC
5
EB
100
AcDbEntity
8
0
62
7.0
100
AcDbCircle
10
139.71678161621094
20
290.9417083747
40
28.0
50
45.0
51
135.0
0
LINE
5
EC
100
AcDbEntity
8
0
62
7.0
100
AcDbLine
10
139.71678161621094
20
290.9417083747
11
119.91779174301094
21
310.740698248
0
LINE
5
ED
100
AcDbEntity
8
0
62
7.0
100
AcDbLine
10
159.51577148941095
20
310.740698248
11
139.71678161621094
21
290.9417083747
0
ARC
5
EE
100
AcDbEntity
8
0
62
7.0
100
AcDbCircle
10
136.00085754326875
20
574.4520874023438
40
28.0
50
135.0
51
225.0
0
LINE
5
EF
100
AcDbEntity
8
0
62
7.0
100
AcDbLine
10
136.00085754326875
20
574.4520874023438
11
116.20186766996875
21
554.6530975291438
0
LINE
5
F0
100
AcDbEntity
8
0
62
7.0
100
AcDbLine
10
116.20186766996875
20
594.2510772755437
11
136.00085754326875
21
574.4520874023438
0
ARC
5
F1
100
AcDbEntity
8
0
62
7.0
100
AcDbCircle
10
124.37516479559844
20
393.6533203125
40
28.0
50
-45.0
51
45.0
0
LINE
5
F2
100
AcDbEntity
8
0
62
7.0
100
AcDbLine
10
124.37516479559844
20
393.6533203125
11
144.17415466889844
21
413.4523101857
0
LINE
5
F3
100
AcDbEntity
8
0
62
7.0
100
AcDbLine
10
144.17415466889844
20
373.8543304393
11
124.37516479559844
21
393.6533203125
0
ARC
5
F4
100
AcDbEntity
8
0
62
7.0
100
AcDbCircle
10
127.93396759033205
20
624.2230255120187
40
28.0
50
-135.0
51
-45.0
0
LINE
5
F5
100
AcDbEntity
8
0
62
7.0
100
AcDbLine
10
127.93396759033205
20
624.2230255120187
11
147.73295746353205
21
604.4240356387188
0
LINE
5
F6
100
AcDbEntity
8
0
62
7.0
100
AcDbLine
10
108.13497771713205
20
604.4240356387187
11
127.93396759033205
21
624.2230255120187
0
ARC
5
F7
100
AcDbEntity
8
0
62
7.0
100
AcDbCircle
10
126.89452819891876
20
149.40101623535156
40
28.0
50
-45.0
51
45.0
0
LINE
5
F8
100
AcDbEntity
8
0
62
7.0
100
AcDbLine
10
126.89452819891876
20
149.40101623535156
11
146.69351807221875
21
169.20000610855158
0
LINE
5
F9
100
AcDbEntity
8
0
62
7.0
100
AcDbLine
10
146.69351807221875
20
129.60202636215155
11
126.89452819891876
21
149.40101623535156
0
ARC
5
FA
100
AcDbEntity
8
0
62
7.0
100
AcDbCircle
10
139.71397399902344
20
528.6977569573312
40
28.0
50
-135.0
51
-45.0
0
LINE
5
FB
100
AcDbEntity
8
0
62
7.0
100
AcDbLine
10
139.71397399902344
20
528.6977569573312
11
159.51296387222345
21
508.89876708403125
0
LINE
5
FC
100
AcDbEntity
8
0
62
7.0
100
AcDbLine
10
119.91498412582344
20
508.89876708403125
11
139.71397399902344
21
528.6977569573312
0
ARC
5
FD
100
AcDbEntity
8
0
62
7.0
100
AcDbCircle
10
118.83787231512967
20
776.6954956054688
40
28.0
50
-45.0
51
45.0
0
LINE
5
FE
100
AcDbEntity
8
0
62
7.0
100
AcDbLine
10
118.83787231512967
20
776.6954956054688
11
138.6368621884297
21
796.4944854786687
0
LINE
5
FF
100
AcDbEntity
8
0
62
7.0
100
AcDbLine
10
138.6368621884297
20
756.8965057322688
11
118.83787231512967
21
776.6954956054688
0
ARC
5
100
100
AcDbEntity
8
0
62
7.0
100
AcDbCircle
10
119.82662658759062
20
552.60986328125
40
28.0
50
-45.0
51
45.0
0
LINE
5
101
100
AcDbEntity
8
0
62
7.0
100
AcDbLine
10
119.82662658759062
20
552.60986328125
11
139.62561646089063
21
572.40885315445
0
LINE
5
102
100
AcDbEntity
8
0
62
7.0
100
AcDbLine
10
139.62561646089063
20
532.81087340805
11
119.82662658759062
21
552.60986328125
0
ARC
5
103
100
AcDbEntity
8
0
62
7.0
100
AcDbCircle
10
145.6215057373047
20
703.059628296575
40
28.0
50
45.0
51
135.0
0
LINE
5
104
100
AcDbEntity
8
0
62
7.0
100
AcDbLine
10
145.6215057373047
20
703.059628296575
11
125.82251586410469
21
722.858618169875
0
LINE
5
105
100
AcDbEntity
8
0
62
7.0
100
AcDbLine
10
165.4204956105047
20
722.858618169875
11
145.6215057373047
21
703.059628296575
0
ARC
5
106
100
AcDbEntity
8
0
62
7.0
100
AcDbCircle
10
159.82084960869844
20
199.8068695068359
40
28.0
50
135.0
51
225.0
0
LINE
5
107
100
AcDbEntity
8
0
62
7.0
100
AcDbLine
10
159.82084960869844
20
199.8068695068359
11
140.02185973539844
21
180.00787963363592
0
LINE
5
108
100
AcDbEntity
8
0
62
7.0
100
AcDbLine
10
140.02185973539844
20
219.6058593800359
11
159.82084960869844
21
199.8068695068359
0
ARC
5
109
100
AcDbEntity
8
0
62
7.0
100
AcDbCircle
10
134.88976745673125
20
112.06414794921876
40
28.0
50
-45.0
51
45.0
0
LINE
5
10A
100
AcDbEntity
8
0
62
7.0
100
AcDbLine
10
134.88976745673125
20
112.06414794921876
11
154.68875733003125
21
131.86313782241876
0
LINE
5
10B
100
AcDbEntity
8
0
62
7.0
100
AcDbLine
10
154.68875733003125
20
92.26515807601876
11
134.88976745673125
21
112.06414794921876
0
ARC
5
10C
100
AcDbEntity
8
0
62
7.0
100
AcDbCircle
10
130.8825042731375
20
34.73729705810547
40
28.0
50
-45.0
51
45.0
0
LINE
5
10D
100
AcDbEntity
8
0
62
7.0
100
AcDbLine
10
130.8825042731375
20
34.73729705810547
11
150.6814941464375
21
54.53628693130547
0
LINE
5
10E
100
AcDbEntity
8
0
62
7.0
100
AcDbLine
10
150.6814941464375
20
14.938307184905469
11
130.8825042731375
21
34.73729705810547
0
ARC
5
10F
100
AcDbEntity
8
0
62
7.0
100
AcDbCircle
10
145.57229614257813
20
974.0633575432687
40
28.0
50
-135.0
51
-45.0
0
LINE
5
110
100
AcDbEntity
8
0
62
7.0
100
AcDbLine
10
145.57229614257813
20
974.0633575432687
11
165.37128601577814
21
954.2643676699688
0
LINE
5
111
100
AcDbEntity
8
0
62
7.0
100
AcDbLine
10
125.77330626937812
20
954.2643676699687
11
145.57229614257813
21
974.0633575432687
0
ARC
5
112
100
AcDbEntity
8
0
62
7.0
100
AcDbCircle
10
134.4603088385672
20
273.9087219238281
40
28.0
50
-45.0
51
45.0
0
LINE
5
113
100
AcDbEntity
8
0
62
7.0
100
AcDbLine
10
134.4603088385672
20
273.9087219238281
11
154.2592987118672
21
293.70771179702814
0
LINE
5
114
100
AcDbEntity
8
0
62
7.0
100
AcDbLine
10
154.2592987118672
20
254.1097320506281
11
134.4603088385672
21
273.9087219238281
0
ARC
5
115
100
AcDbEntity
8
0
62
7.0
100
AcDbCircle
10
124.37156372137967
20
349.9698486328125
40
28.0
50
-45.0
51
45.0
0
LINE
5
116
100
AcDbEntity
8
0
62
7.0
100
AcDbLine
10
124.37156372137967
20
349.9698486328125
11
144.1705535946797
21
369.7688385060125
0
LINE
5
117
100
AcDbEntity
8
0
62
7.0
100
AcDbLine
10
144.1705535946797
20
330.1708587596125
11
124.37156372137967
21
349.9698486328125
0
ARC
5
118
100
AcDbEntity
8
0
62
7.0
100
AcDbCircle
10
133.00365905829375
20
430.47998046875
40
28.0
50
-45.0
51
45.0
0
LINE
5
119
100
AcDbEntity
8
0
62
7.0
100
AcDbLine
10
133.00365905829375
20
430.47998046875
11
152.80264893159375
21
450.27897034195
0
LINE
5
11A
100
AcDbEntity
8
0
62
7.0
100
AcDbLine
10
152.80264893159375
20
410.68099059555
11
133.00365905829375
21
430.47998046875
0
ARC
5
11B
100
AcDbEntity
8
0
62
7.0
100
AcDbCircle
10
135.0512817389578
20
230.23602294921875
40
28.0
50
-45.0
51
45.0
0
LINE
5
11C
100
AcDbEntity
8
0
62
7.0
100
AcDbLine
10
135.0512817389578
20
230.23602294921875
11
154.8502716122578
21
250.03501282241876
0
LINE
5
11D
100
AcDbEntity
8
0
62
7.0
100
AcDbLine
10
154.8502716122578
20
210.43703307601874
11
135.0512817389578
21
230.23602294921875
0
ARC
5
11E
100
AcDbEntity
8
0
62
7.0
100
AcDbCircle
10
166.09836120537813
20
469.2403869628906
40
28.0
50
135.0
51
225.0
0
LINE
5
11F
100
AcDbEntity
8
0
62
7.0
100
AcDbLine
10
166.09836120537813
20
469.2403869628906
11
146.29937133207812
21
449.4413970896906
0
LINE
5
120
100
AcDbEntity
8
0
62
7.0
100
AcDbLine
10
146.29937133207812
20
489.03937683609064
11
166.09836120537813
21
469.2403869628906
0
ARC
5
121
100
AcDbEntity
8
0
62
7.0
100
AcDbCircle
10
124.0276916510672
20
865.818115234375
40
28.0
50
-45.0
51
45.0
0
LINE
5
122
100
AcDbEntity
8
0
62
7.0
100
AcDbLine
10
124.0276916510672
20
865.818115234375
11
143.8266815243672
21
885.617105107575
0
LINE
5
123
100
AcDbEntity
8
0
62
7.0
100
AcDbLine
10
143.8266815243672
20
846.019125361175
11
124.0276916510672
21
865.818115234375
0
ARC
5
124
100
AcDbEntity
8
0
62
7.0
100
AcDbCircle
10
139.45316772528594
20
751.9973754882813
40
28.0
50
-45.0
51
45.0
0
LINE
5
125
100
AcDbEntity
8
0
62
7.0
100
AcDbLine
10
139.45316772528594
20
751.9973754882813
11
159.25215759858594
21
771.7963653614812
0
LINE
5
126
100
AcDbEntity
8
0
62
7.0
100
AcDbLine
10
159.25215759858594
20
732.1983856150813
11
139.45316772528594
21
751.9973754882813
0
ARC
5
127
100
AcDbEntity
8
0
62
7.0
100
AcDbCircle
10
141.45559692382813
20
616.358944702825
40
28.0
50
45.0
51
135.0
0
LINE
5
128
100
AcDbEntity
8
0
62
7.0
100
AcDbLine
10
141.45559692382813
20
616.358944702825
11
121.65660705062812
21
636.157934576125
0
LINE
5
129
100
AcDbEntity
8
0
62
7.0
100
AcDbLine
10
161.25458679702814
20
636.157934576125
11
141.45559692382813
21
616.358944702825
0
ARC
5
12A
100
AcDbEntity
8
0
62
7.0
100
AcDbCircle
10
173.31006164483125
20
665.8135986328125
40
28.0
50
135.0
51
225.0
0
LINE
5
12B
100
AcDbEntity
8
0
62
7.0
100
AcDbLine
10
173.31006164483125
20
665.8135986328125
11
153.51107177153125
21
646.0146087596125
0
LINE
5
12C
100
AcDbEntity
8
0
62
7.0
100
AcDbLine
10
153.51107177153125
20
685.6125885060125
11
173.31006164483125
21
665.8135986328125
0
ARC
5
12D
100
AcDbEntity
8
0
62
7.0
100
AcDbCircle
10
133.35342102118437
20
901.9509887695313
40
28.0
50
-45.0
51
45.0
0
LINE
5
12E
100
AcDbEntity
8
0
62
7.0
100
AcDbLine
10
133.35342102118437
20
901.9509887695313
11
153.15241089448438
21
921.7499786427312
0
LINE
5
12F
100
AcDbEntity
8
0
62
7.0
100
AcDbLine
10
153.15241089448438
20
882.1519988963313
11
133.35342102118437
21
901.9509887695313
0
ARC
5
130
100
AcDbEntity
8
0
62
7.0
100
AcDbCircle
10
147.8305786139578
20
328.1572570800781
40
28.0
50
-45.0
51
45.0
0
LINE
5
131
100
AcDbEntity
8
0
62
7.0
100
AcDbLine
10
147.8305786139578
20
328.1572570800781
11
167.6295684872578
21
347.95624695327814
0
LINE
5
132
100
AcDbEntity
8
0
62
7.0
100
AcDbLine
10
167.6295684872578
20
308.3582672068781
11
147.8305786139578
21
328.1572570800781
0
ARC
5
133
100
AcDbEntity
8
0
62
7.0
100
AcDbCircle
10
65.64667510986328
20
947.0255096442313
40
28.0
50
45.0
51
135.0
0
LINE
5
134
100
AcDbEntity
8
0
62
7.0
100
AcDbLine
10
65.64667510986328
20
947.0255096442313
11
45.84768523666328
21
966.8244995175312
0
LINE
5
135
100
AcDbEntity
8
0
62
7.0
100
AcDbLine
10
85.44566498306328
20
966.8244995175312
11
65.64667510986328
21
947.0255096442313
0
ARC
5
136
100
AcDbEntity
8
0
62
7.0
100
AcDbCircle
10
167.37135314941406
20
950.4730255120187
40
28.0
50
-135.0
51
-45.0
0
LINE
5
137
100
AcDbEntity
8
0
62
7.0
100
AcDbLine
10
167.37135314941406
20
950.4730255120187
11
187.17034302261408
21
930.6740356387188
0
LINE
5
138
100
AcDbEntity
8
0
62
7.0
100
AcDbLine
10
147.57236327621408
20
930.6740356387187
11
167.37135314941406
21
950.4730255120187
0
ARC
5
139
100
AcDbEntity
8
0
62
7.0
100
AcDbCircle
10
175.27460021905
20
796.9242553710938
40
28.0
50
135.0
51
225.0
0
LINE
5
13A
100
AcDbEntity
8
0
62
7.0
100
AcDbLine
10
175.27460021905
20
796.9242553710938
11
155.47561034575
21
777.1252654978938
0
LINE
5
13B
100
AcDbEntity
8
0
62
7.0
100
AcDbLine
10
155.47561034575
20
816.7232452442937
11
175.27460021905
21
796.9242553710938
0
ARC
5
13C
100
AcDbEntity
8
0
62
7.0
100
AcDbCircle
10
180.27461547783903
20
371.8367309570313
40
28.0
50
135.0
51
225.0
0
LINE
5
13D
100
AcDbEntity
8
0
62
7.0
100
AcDbLine
10
180.27461547783903
20
371.8367309570313
11
160.47562560453903
21
352.0377410838313
0
LINE
5
13E
100
AcDbEntity
8
0
62
7.0
100
AcDbLine
10
160.47562560453903
20
391.6357208302313
11
180.27461547783903
21
371.8367309570313
0
ARC
5
13F
100
AcDbEntity
8
0
62
7.0
100
AcDbCircle
10
173.37890625
20
77.30444641045625
40
28.0
50
-135.0
51
-45.0
0
LINE
5
140
100
AcDbEntity
8
0
62
7.0
100
AcDbLine
10
173.37890625
20
77.30444641045625
11
193.17789612320001
21
57.50545653715625
0
LINE
5
141
100
AcDbEntity
8
0
62
7.0
100
AcDbLine
10
153.5799163768
20
57.50545653715625
11
173.37890625
21
77.30444641045625
0
ARC
5
142
100
AcDbEntity
8
0
62
7.0
100
AcDbCircle
10
190.7234985344797
20
252.8141326904297
40
28.0
50
135.0
51
225.0
0
LINE
5
143
100
AcDbEntity
8
0
62
7.0
100
AcDbLine
10
190.7234985344797
20
252.8141326904297
11
170.9245086611797
21
233.01514281722967
0
LINE
5
144
100
AcDbEntity
8
0
62
7.0
100
AcDbLine
10
170.9245086611797
20
272.6131225636297
11
190.7234985344797
21
252.8141326904297
0
ARC
5
145
100
AcDbEntity
8
0
62
7.0
100
AcDbCircle
10
188.89384765557344
20
408.6770935058594
40
28.0
50
135.0
51
225.0
0
LINE
5
146
100
AcDbEntity
8
0
62
7.0
100
AcDbLine
10
188.89384765557344
20
408.6770935058594
11
169.09485778227344
21
388.87810363265936
0
LINE
5
147
100
AcDbEntity
8
0
62
7.0
100
AcDbLine
10
169.09485778227344
20
428.4760833790594
11
188.89384765557344
21
408.6770935058594
0
ARC
5
148
100
AcDbEntity
8
0
62
7.0
100
AcDbCircle
10
177.59704894951875
20
536.2771606445313
40
28.0
50
135.0
51
225.0
0
LINE
5
149
100
AcDbEntity
8
0
62
7.0
100
AcDbLine
10
177.59704894951875
20
536.2771606445313
11
157.79805907621875
21
516.4781707713313
0
LINE
5
14A
100
AcDbEntity
8
0
62
7.0
100
AcDbLine
10
157.79805907621875
20
556.0761505177312
11
177.59704894951875
21
536.2771606445313
0
ARC
5
14B
100
AcDbEntity
8
0
62
7.0
100
AcDbCircle
10
180.81048583984375
20
4.150439072331836
40
28.0
50
45.0
51
135.0
0
LINE
5
14C
100
AcDbEntity
8
0
62
7.0
100
AcDbLine
10
180.81048583984375
20
4.150439072331836
11
161.01149596664374
21
23.949428945631837
0
LINE
5
14D
100
AcDbEntity
8
0
62
7.0
100
AcDbLine
10
200.60947571304376
20
23.949428945631837
11
180.81048583984375
21
4.150439072331836
0
ARC
5
14E
100
AcDbEntity
8
0
62
7.0
100
AcDbCircle
10
191.33584899834688
20
205.36524963378903
40
28.0
50
135.0
51
225.0
0
LINE
5
14F
100
AcDbEntity
8
0
62
7.0
100
AcDbLine
10
191.33584899834688
20
205.36524963378903
11
171.53685912504687
21
185.56625976058905
0
LINE
5
150
100
AcDbEntity
8
0
62
7.0
100
AcDbLine
10
171.53685912504687
20
225.16423950698902
11
191.33584899834688
21
205.36524963378903
0
ARC
5
151
100
AcDbEntity
8
0
62
7.0
100
AcDbCircle
10
208.12808227539065
20
22.143839646062304
40
28.0
50
45.0
51
135.0
0
LINE
5
152
100
AcDbEntity
8
0
62
7.0
100
AcDbLine
10
208.12808227539065
20
22.143839646062304
11
188.32909240219067
21
41.942829519362306
0
LINE
5
153
100
AcDbEntity
8
0
62
7.0
100
AcDbLine
10
227.92707214859064
20
41.942829519362306
11
208.12808227539065
21
22.143839646062304
0
ARC
5
154
100
AcDbEntity
8
0
62
7.0
100
AcDbCircle
10
173.48904724053438
20
579.2911376953125
40
28.0
50
135.0
51
225.0
0
LINE
5
155
100
AcDbEntity
8
0
62
7.0
100
AcDbLine
10
173.48904724053438
20
579.2911376953125
11
153.69005736723437
21
559.4921478221125
0
LINE
5
156
100
AcDbEntity
8
0
62
7.0
100
AcDbLine
10
153.69005736723437
20
599.0901275685125
11
173.48904724053438
21
579.2911376953125
0
ARC
5
157
100
AcDbEntity
8
0
62
7.0
100
AcDbCircle
10
172.98415832587187
20
229.37550354003903
40
28.0
50
-45.0
51
45.0
0
LINE
5
158
100
AcDbEntity
8
0
62
7.0
100
AcDbLine
10
172.98415832587187
20
229.37550354003903
11
192.78314819917188
21
249.17449341323902
0
LINE
5
159
100
AcDbEntity
8
0
62
7.0
100
AcDbLine
10
192.78314819917188
20
209.57651366683905
11
172.98415832587187
21
229.37550354003903
0
ARC
5
15A
100
AcDbEntity
8
0
62
7.0
100
AcDbCircle
10
159.2249114997
20
294.2086486816406
40
28.0
50
-45.0
51
45.0
0
LINE
5
15B
100
AcDbEntity
8
0
62
7.0
100
AcDbLine
10
159.2249114997
20
294.2086486816406
11
179.023901373
21
314.00763855484064
0
LINE
5
15C
100
AcDbEntity
8
0
62
7.0
100
AcDbLine
10
179.023901373
20
274.4096588084406
11
159.2249114997
21
294.2086486816406
0
ARC
5
15D
100
AcDbEntity
8
0
62
7.0
100
AcDbCircle
10
166.15110778808594
20
474.8493011481375
40
28.0
50
45.0
51
135.0
0
LINE
5
15E
100
AcDbEntity
8
0
62
7.0
100
AcDbLine
10
166.15110778808594
20
474.8493011481375
11
146.35211791488592
21
494.6482910214375
0
LINE
5
15F
100
AcDbEntity
8
0
62
7.0
100
AcDbLine
10
185.95009766128595
20
494.6482910214375
11
166.15110778808594
21
474.8493011481375
0
ARC
5
160
100
AcDbEntity
8
0
62
7.0
100
AcDbCircle
10
199.2406494133859
20
560.0994262695313
40
28.0
50
135.0
51
225.0
0
LINE
5
161
100
AcDbEntity
8
0
62
7.0
100
AcDbLine
10
199.2406494133859
20
560.0994262695313
11
179.4416595400859
21
540.3004363963313
0
LINE
5
162
100
AcDbEntity
8
0
62
7.0
100
AcDbLine
10
179.4416595400859
20
579.8984161427312
11
199.2406494133859
21
560.0994262695313
0
ARC
5
163
100
AcDbEntity
8
0
62
7.0
100
AcDbCircle
10
178.99540405341094
20
319.8964538574219
40
28.0
50
-45.0
51
45.0
0
LINE
5
164
100
AcDbEntity
8
0
62
7.0
100
AcDbLine
10
178.99540405341094
20
319.8964538574219
11
198.79439392671094
21
339.6954437306219
0
LINE
5
165
100
AcDbEntity
8
0
62
7.0
100
AcDbLine
10
198.79439392671094
20
300.09746398422186
11
178.99540405341094
21
319.8964538574219
0
ARC
5
166
100
AcDbEntity
8
0
62
7.0
100
AcDbCircle
10
180.58759765692656
20
268.61444091796875
40
28.0
50
-45.0
51
45.0
0
LINE
5
167
100
AcDbEntity
8
0
62
7.0
100
AcDbLine
10
180.58759765692656
20
268.61444091796875
11
200.38658753022656
21
288.41343079116876
0
LINE
5
168
100
AcDbEntity
8
0
62
7.0
100
AcDbLine
10
200.38658753022656
20
248.81545104476874
11
180.58759765692656
21
268.61444091796875
0
ARC
5
169
100
AcDbEntity
8
0
62
7.0
100
AcDbCircle
10
206.0723297112375
20
352.73272705078125
40
28.0
50
135.0
51
225.0
0
LINE
5
16A
100
AcDbEntity
8
0
62
7.0
100
AcDbLine
10
206.0723297112375
20
352.73272705078125
11
186.2733398379375
21
332.93373717758124
0
LINE
5
16B
100
AcDbEntity
8
0
62
7.0
100
AcDbLine
10
186.2733398379375
20
372.53171692398126
11
206.0723297112375
21
352.73272705078125
0
ARC
5
16C
100
AcDbEntity
8
0
62
7.0
100
AcDbCircle
10
195.36266784735625
20
205.5044403076172
40
28.0
50
-45.0
51
45.0
0
LINE
5
16D
100
AcDbEntity
8
0
62
7.0
100
AcDbLine
10
195.36266784735625
20
205.5044403076172
11
215.16165772065625
21
225.3034301808172
0
LINE
5
16E
100
AcDbEntity
8
0
62
7.0
100
AcDbLine
10
215.16165772065625
20
185.70545043441717
11
195.36266784735625
21
205.5044403076172
0
ARC
5
16F
100
AcDbEntity
8
0
62
7.0
100
AcDbCircle
10
144.6098449713797
20
613.8330688476563
40
28.0
50
-45.0
51
45.0
0
LINE
5
170
100
AcDbEntity
8
0
62
7.0
100
AcDbLine
10
144.6098449713797
20
613.8330688476563
11
164.4088348446797
21
633.6320587208562
0
LINE
5
171
100
AcDbEntity
8
0
62
7.0
100
AcDbLine
10
164.4088348446797
20
594.0340789744563
11
144.6098449713797
21
613.8330688476563
0
ARC
5
172
100
AcDbEntity
8
0
62
7.0
100
AcDbCircle
10
158.06705932684844
20
450.4072570800781
40
28.0
50
-45.0
51
45.0
0
LINE
5
173
100
AcDbEntity
8
0
62
7.0
100
AcDbLine
10
158.06705932684844
20
450.4072570800781
11
177.86604920014844
21
470.20624695327814
0
LINE
5
174
100
AcDbEntity
8
0
62
7.0
100
AcDbLine
10
177.86604920014844
20
430.6082672068781
11
158.06705932684844
21
450.4072570800781
0
ARC
5
175
100
AcDbEntity
8
0
62
7.0
100
AcDbCircle
10
186.4865875244141
20
499.7046783454031
40
28.0
50
45.0
51
135.0
0
LINE
5
176
100
AcDbEntity
8
0
62
7.0
100
AcDbLine
10
186.4865875244141
20
499.7046783454031
11
166.6875976512141
21
519.5036682187031
0
LINE
5
177
100
AcDbEntity
8
0
62
7.0
100
AcDbLine
10
206.28557739761408
20
519.5036682187031
11
186.4865875244141
21
499.7046783454031
0
ARC
5
178
100
AcDbEntity
8
0
62
7.0
100
AcDbCircle
10
178.2848541253
20
839.4102783203125
40
28.0
50
135.0
51
225.0
0
LINE
5
179
100
AcDbEntity
8
0
62
7.0
100
AcDbLine
10
178.2848541253
20
839.4102783203125
11
158.485864252
21
819.6112884471125
0
LINE
5
17A
100
AcDbEntity
8
0
62
7.0
100
AcDbLine
10
158.485864252
20
859.2092681935125
11
178.2848541253
21
839.4102783203125
0
ARC
5
17B
100
AcDbEntity
8
0
62
7.0
100
AcDbCircle
10
158.53561096259062
20
645.3643798828125
40
28.0
50
-45.0
51
45.0
0
LINE
5
17C
100
AcDbEntity
8
0
62
7.0
100
AcDbLine
10
158.53561096259062
20
645.3643798828125
11
178.33460083589063
21
665.1633697560125
0
LINE
5
17D
100
AcDbEntity
8
0
62
7.0
100
AcDbLine
10
178.33460083589063
20
625.5653900096125
11
158.53561096259062
21
645.3643798828125
0
ARC
5
17E
100
AcDbEntity
8
0
62
7.0
100
AcDbCircle
10
148.3000610358328
20
700.0406494140625
40
28.0
50
-45.0
51
45.0
0
LINE
5
17F
100
AcDbEntity
8
0
62
7.0
100
AcDbLine
10
148.3000610358328
20
700.0406494140625
11
168.0990509091328
21
719.8396392872625
0
LINE
5
180
100
AcDbEntity
8
0
62
7.0
100
AcDbLine
10
168.0990509091328
20
680.2416595408625
11
148.3000610358328
21
700.0406494140625
0
ARC
5
181
100
AcDbEntity
8
0
62
7.0
100
AcDbCircle
10
201.9167297370047
20
244.40402221679688
40
28.0
50
-45.0
51
45.0
0
LINE
5
182
100
AcDbEntity
8
0
62
7.0
100
AcDbLine
10
201.9167297370047
20
244.40402221679688
11
221.7157196103047
21
264.2030120899969
0
LINE
5
183
100
AcDbEntity
8
0
62
7.0
100
AcDbLine
10
221.7157196103047
20
224.60503234359686
11
201.9167297370047
21
244.40402221679688
0
ARC
5
184
100
AcDbEntity
8
0
62
7.0
100
AcDbCircle
10
194.6147003173828
20
497.5535919182687
40
28.0
50
-135.0
51
-45.0
0
LINE
5
185
100
AcDbEntity
8
0
62
7.0
100
AcDbLine
10
194.6147003173828
20
497.5535919182687
11
214.41369019058283
21
477.7546020449687
0
LINE
5
186
100
AcDbEntity
8
0
62
7.0
100
AcDbLine
10
174.81571044418283
20
477.7546020449687
11
194.6147003173828
21
497.5535919182687
0
ARC
5
187
100
AcDbEntity
8
0
62
7.0
100
AcDbCircle
10
170.35412292548125
20
594.6566772460938
40
28.0
50
-45.0
51
45.0
0
LINE
5
188
100
AcDbEntity
8
0
62
7.0
100
AcDbLine
10
170.35412292548125
20
594.6566772460938
11
190.15311279878125
21
614.4556671192937
0
LINE
5
189
100
AcDbEntity
8
0
62
7.0
100
AcDbLine
10
190.15311279878125
20
574.8576873728938
11
170.35412292548125
21
594.6566772460938
0
ARC
5
18A
100
AcDbEntity
8
0
62
7.0
100
AcDbCircle
10
180.13378601141875
20
423.0960388183594
40
28.0
50
-45.0
51
45.0
0
LINE
5
18B
100
AcDbEntity
8
0
62
7.0
100
AcDbLine
10
180.13378601141875
20
423.0960388183594
11
199.93277588471875
21
442.8950286915594
0
LINE
5
18C
100
AcDbEntity
8
0
62
7.0
100
AcDbLine
10
199.93277588471875
20
403.29704894515936
11
180.13378601141875
21
423.0960388183594
0
ARC
5
18D
100
AcDbEntity
8
0
62
7.0
100
AcDbCircle
10
256.0082733147531
20
57.58040237426758
40
28.0
50
135.0
51
225.0
0
LINE
5
18E
100
AcDbEntity
8
0
62
7.0
100
AcDbLine
10
256.0082733147531
20
57.58040237426758
11
236.20928344145312
21
37.78141250106758
0
LINE
5
18F
100
AcDbEntity
8
0
62
7.0
100
AcDbLine
10
236.20928344145312
20
77.37939224746758
11
256.0082733147531
21
57.58040237426758
0
ARC
5
190
100
AcDbEntity
8
0
62
7.0
100
AcDbCircle
10
171.8972290045828
20
677.4616088867188
40
28.0
50
-45.0
51
45.0
0
LINE
5
191
100
AcDbEntity
8
0
62
7.0
100
AcDbLine
10
171.8972290045828
20
677.4616088867188
11
191.6962188778828
21
697.2605987599187
0
LINE
5
192
100
AcDbEntity
8
0
62
7.0
100
AcDbLine
10
191.6962188778828
20
657.6626190135188
11
171.8972290045828
21
677.4616088867188
0
ARC
5
193
100
AcDbEntity
8
0
62
7.0
100
AcDbCircle
10
199.54589538641875
20
295.12713623046875
40
28.0
50
-45.0
51
45.0
0
LINE
5
194
100
AcDbEntity
8
0
62
7.0
100
AcDbLine
10
199.54589538641875
20
295.12713623046875
11
219.34488525971875
21
314.92612610366876
0
LINE
5
195
100
AcDbEntity
8
0
62
7.0
100
AcDbLine
10
219.34488525971875
20
275.32814635726874
11
199.54589538641875
21
295.12713623046875
0
ARC
5
196
100
AcDbEntity
8
0
62
7.0
100
AcDbCircle
10
235.9537078850656
20
338.51446533203125
40
28.0
50
135.0
51
225.0
0
LINE
5
197
100
AcDbEntity
8
0
62
7.0
100
AcDbLine
10
235.9537078850656
20
338.51446533203125
11
216.1547180117656
21
318.71547545883124
0
LINE
5
198
100
AcDbEntity
8
0
62
7.0
100
AcDbLine
10
216.1547180117656
20
358.31345520523126
11
235.9537078850656
21
338.51446533203125
0
ARC
5
199
100
AcDbEntity
8
0
62
7.0
100
AcDbCircle
10
184.75993042059844
20
625.7029418945313
40
28.0
50
-45.0
51
45.0
0
LINE
5
19A
100
AcDbEntity
8
0
62
7.0
100
AcDbLine
10
184.75993042059844
20
625.7029418945313
11
204.55892029389844
21
645.5019317677312
0
LINE
5
19B
100
AcDbEntity
8
0
62
7.0
100
AcDbLine
10
204.55892029389844
20
605.9039520213313
11
184.75993042059844
21
625.7029418945313
0
ARC
5
19C
100
AcDbEntity
8
0
62
7.0
100
AcDbCircle
10
156.15900878973906
20
867.2020874023438
40
28.0
50
-45.0
51
45.0
0
LINE
5
19D
100
AcDbEntity
8
0
62
7.0
100
AcDbLine
10
156.15900878973906
20
867.2020874023438
11
175.95799866303906
21
887.0010772755437
0
LINE
5
19E
100
AcDbEntity
8
0
62
7.0
100
AcDbLine
10
175.95799866303906
20
847.4030975291438
11
156.15900878973906
21
867.2020874023438
0
ARC
5
19F
100
AcDbEntity
8
0
62
7.0
100
AcDbCircle
10
223.5473510735422
20
380.7102966308594
40
28.0
50
135.0
51
225.0
0
LINE
5
1A0
100
AcDbEntity
8
0
62
7.0
100
AcDbLine
10
223.5473510735422
20
380.7102966308594
11
203.7483612002422
21
360.91130675765936
0
LINE
5
1A1
100
AcDbEntity
8
0
62
7.0
100
AcDbLine
10
203.7483612002422
20
400.5092865040594
11
223.5473510735422
21
380.7102966308594
0
ARC
5
1A2
100
AcDbEntity
8
0
62
7.0
100
AcDbCircle
10
183.2054443359375
20
710.8144500739188
40
28.0
50
45.0
51
135.0
0
LINE
5
1A3
100
AcDbEntity
8
0
62
7.0
100
AcDbLine
10
183.2054443359375
20
710.8144500739188
11
163.40645446273749
21
730.6134399472187
0
LINE
5
1A4
100
AcDbEntity
8
0
62
7.0
100
AcDbLine
10
203.00443420913751
20
730.6134399472187
11
183.2054443359375
21
710.8144500739188
0
ARC
5
1A5
100
AcDbEntity
8
0
62
7.0
100
AcDbCircle
10
220.76728515692656
20
271.0082702636719
40
28.0
50
-45.0
51
45.0
0
LINE
5
1A6
100
AcDbEntity
8
0
62
7.0
100
AcDbLine
10
220.76728515692656
20
271.0082702636719
11
240.56627503022656
21
290.8072601368719
0
LINE
5
1A7
100
AcDbEntity
8
0
62
7.0
100
AcDbLine
10
240.56627503022656
20
251.20928039047186
11
220.76728515692656
21
271.0082702636719
0
ARC
5
1A8
100
AcDbEntity
8
0
62
7.0
100
AcDbCircle
10
202.36422729492188
20
557.56463928155
40
28.0
50
-135.0
51
-45.0
0
LINE
5
1A9
100
AcDbEntity
8
0
62
7.0
100
AcDbLine
10
202.36422729492188
20
557.56463928155
11
222.1632171681219
21
537.76564940825
0
LINE
5
1AA
100
AcDbEntity
8
0
62
7.0
100
AcDbLine
10
182.5652374217219
20
537.7656494082499
11
202.36422729492188
21
557.56463928155
0
ARC
5
1AB
100
AcDbEntity
8
0
62
7.0
100
AcDbCircle
10
223.69041442871097
20
31.966353606501173
40
28.0
50
-135.0
51
-45.0
0
LINE
5
1AC
100
AcDbEntity
8
0
62
7.0
100
AcDbLine
10
223.69041442871097
20
31.966353606501173
11
243.48940430191098
21
12.167363733201174
0
LINE
5
1AD
100
AcDbEntity
8
0
62
7.0
100
AcDbLine
10
203.89142455551098
20
12.167363733201167
11
223.69041442871097
21
31.966353606501173
0
ARC
5
1AE
100
AcDbEntity
8
0
62
7.0
100
AcDbCircle
10
193.30495910712187
20
572.2894287109375
40
28.0
50
-45.0
51
45.0
0
LINE
5
1AF
100
AcDbEntity
8
0
62
7.0
100
AcDbLine
10
193.30495910712187
20
572.2894287109375
11
213.10394898042188
21
592.0884185841375
0
LINE
5
1B0
100
AcDbEntity
8
0
62
7.0
100
AcDbLine
10
213.10394898042188
20
552.4904388377375
11
193.30495910712187
21
572.2894287109375
0
ARC
5
1B1
100
AcDbEntity
8
0
62
7.0
100
AcDbCircle
10
160.84454040595
20
776.0639038085938
40
28.0
50
-45.0
51
45.0
0
LINE
5
1B2
100
AcDbEntity
8
0
62
7.0
100
AcDbLine
10
160.84454040595
20
776.0639038085938
11
180.64353027925
21
795.8628936817937
0
LINE
5
1B3
100
AcDbEntity
8
0
62
7.0
100
AcDbLine
10
180.64353027925
20
756.2649139353938
11
160.84454040595
21
776.0639038085938
0
ARC
5
1B4
100
AcDbEntity
8
0
62
7.0
100
AcDbCircle
10
204.7204132080078
20
726.6706573479562
40
28.0
50
-135.0
51
-45.0
0
LINE
5
1B5
100
AcDbEntity
8
0
62
7.0
100
AcDbLine
10
204.7204132080078
20
726.6706573479562
11
224.51940308120783
21
706.8716674746563
0
LINE
5
1B6
100
AcDbEntity
8
0
62
7.0
100
AcDbLine
10
184.92142333480783
20
706.8716674746562
11
204.7204132080078
21
726.6706573479562
0
ARC
5
1B7
100
AcDbEntity
8
0
62
7.0
100
AcDbCircle
10
209.37353515625
20
439.4238250739187
40
28.0
50
45.0
51
135.0
0
LINE
5
1B8
100
AcDbEntity
8
0
62
7.0
100
AcDbLine
10
209.37353515625
20
439.4238250739187
11
189.57454528304999
21
459.2228149472187
0
LINE
5
1B9
100
AcDbEntity
8
0
62
7.0
100
AcDbLine
10
229.17252502945001
20
459.2228149472187
11
209.37353515625
21
439.4238250739187
0
ARC
5
1BA
100
AcDbEntity
8
0
62
7.0
100
AcDbCircle
10
163.57348327704375
20
818.7891235351563
40
28.0
50
-45.0
51
45.0
0
LINE
5
1BB
100
AcDbEntity
8
0
62
7.0
100
AcDbLine
10
163.57348327704375
20
818.7891235351563
11
183.37247315034375
21
838.5881134083562
0
LINE
5
1BC
100
AcDbEntity
8
0
62
7.0
100
AcDbLine
10
183.37247315034375
20
798.9901336619563
11
163.57348327704375
21
818.7891235351563
0
ARC
5
1BD
100
AcDbEntity
8
0
62
7.0
100
AcDbCircle
10
225.73521423339844
20
384.1828887946219
40
28.0
50
45.0
51
135.0
0
LINE
5
1BE
100
AcDbEntity
8
0
62
7.0
100
AcDbLine
10
225.73521423339844
20
384.1828887946219
11
205.93622436019842
21
403.9818786679219
0
LINE
5
1BF
100
AcDbEntity
8
0
62
7.0
100
AcDbLine
10
245.53420410659845
20
403.9818786679219
11
225.73521423339844
21
384.1828887946219
0
ARC
5
1C0
100
AcDbEntity
8
0
62
7.0
100
AcDbCircle
10
185.65853576727812
20
753.6519165039063
40
28.0
50
-45.0
51
45.0
0
LINE
5
1C1
100
AcDbEntity
8
0
62
7.0
100
AcDbLine
10
185.65853576727812
20
753.6519165039063
11
205.45752564057813
21
773.4509063771062
0
LINE
5
1C2
100
AcDbEntity
8
0
62
7.0
100
AcDbLine
10
205.45752564057813
20
733.8529266307063
11
185.65853576727812
21
753.6519165039063
0
ARC
5
1C3
100
AcDbEntity
8
0
62
7.0
100
AcDbCircle
10
195.16357116766875
20
502.6649475097656
40
28.0
50
-45.0
51
45.0
0
LINE
5
1C4
100
AcDbEntity
8
0
62
7.0
100
AcDbLine
10
195.16357116766875
20
502.6649475097656
11
214.96256104096875
21
522.4639373829656
0
LINE
5
1C5
100
AcDbEntity
8
0
62
7.0
100
AcDbLine
10
214.96256104096875
20
482.8659576365656
11
195.16357116766875
21
502.6649475097656
0
ARC
5
1C6
100
AcDbEntity
8
0
62
7.0
100
AcDbCircle
10
218.26656799384065
20
478.998291015625
40
28.0
50
-45.0
51
45.0
0
LINE
5
1C7
100
AcDbEntity
8
0
62
7.0
100
AcDbLine
10
218.26656799384065
20
478.998291015625
11
238.06555786714065
21
498.797280888825
0
LINE
5
1C8
100
AcDbEntity
8
0
62
7.0
100
AcDbLine
10
238.06555786714065
20
459.199301142425
11
218.26656799384065
21
478.998291015625
0
ARC
5
1C9
100
AcDbEntity
8
0
62
7.0
100
AcDbCircle
10
208.2897766120047
20
602.7598876953125
40
28.0
50
-45.0
51
45.0
0
LINE
5
1CA
100
AcDbEntity
8
0
62
7.0
100
AcDbLine
10
208.2897766120047
20
602.7598876953125
11
228.0887664853047
21
622.5588775685125
0
LINE
5
1CB
100
AcDbEntity
8
0
62
7.0
100
AcDbLine
10
228.0887664853047
20
582.9608978221125
11
208.2897766120047
21
602.7598876953125
0
ARC
5
1CC
100
AcDbEntity
8
0
62
7.0
100
AcDbCircle
10
214.6176879889578
20
365.5102233886719
40
28.0
50
-45.0
51
45.0
0
LINE
5
1CD
100
AcDbEntity
8
0
62
7.0
100
AcDbLine
10
214.6176879889578
20
365.5102233886719
11
234.4166778622578
21
385.3092132618719
0
LINE
5
1CE
100
AcDbEntity
8
0
62
7.0
100
AcDbLine
10
234.4166778622578
20
345.71123351547186
11
214.6176879889578
21
365.5102233886719
0
ARC
5
1CF
100
AcDbEntity
8
0
62
7.0
100
AcDbCircle
10
184.98826599121097
20
917.703555297175
40
28.0
50
-135.0
51
-45.0
0
LINE
5
1D0
100
AcDbEntity
8
0
62
7.0
100
AcDbLine
10
184.98826599121097
20
917.703555297175
11
204.78725586441098
21
897.904565423875
0
LINE
5
1D1
100
AcDbEntity
8
0
62
7.0
100
AcDbLine
10
165.18927611801098
20
897.9045654238749
11
184.98826599121097
21
917.703555297175
0
ARC
5
1D2
100
AcDbEntity
8
0
62
7.0
100
AcDbCircle
10
218.07055969170625
20
793.8563232421875
40
28.0
50
135.0
51
225.0
0
LINE
5
1D3
100
AcDbEntity
8
0
62
7.0
100
AcDbLine
10
218.07055969170625
20
793.8563232421875
11
198.27156981840625
21
774.0573333689875
0
LINE
5
1D4
100
AcDbEntity
8
0
62
7.0
100
AcDbLine
10
198.27156981840625
20
813.6553131153875
11
218.07055969170625
21
793.8563232421875
0
ARC
5
1D5
100
AcDbEntity
8
0
62
7.0
100
AcDbCircle
10
256.5332672112375
20
313.6644287109375
40
28.0
50
135.0
51
225.0
0
LINE
5
1D6
100
AcDbEntity
8
0
62
7.0
100
AcDbLine
10
256.5332672112375
20
313.6644287109375
11
236.7342773379375
21
293.8654388377375
0
LINE
5
1D7
100
AcDbEntity
8
0
62
7.0
100
AcDbLine
10
236.7342773379375
20
333.4634185841375
11
256.5332672112375
21
313.6644287109375
0
ARC
5
1D8
100
AcDbEntity
8
0
62
7.0
100
AcDbCircle
10
169.58572082587187
20
953.920654296875
40
28.0
50
-45.0
51
45.0
0
LINE
5
1D9
100
AcDbEntity
8
0
62
7.0
100
AcDbLine
10
169.58572082587187
20
953.920654296875
11
189.38471069917188
21
973.719644170075
0
LINE
5
1DA
100
AcDbEntity
8
0
62
7.0
100
AcDbLine
10
189.38471069917188
20
934.121664423675
11
169.58572082587187
21
953.920654296875
0
ARC
5
1DB
100
AcDbEntity
8
0
62
7.0
100
AcDbCircle
10
195.23579101630156
20
823.4595947265625
40
28.0
50
-45.0
51
45.0
0
LINE
5
1DC
100
AcDbEntity
8
0
62
7.0
100
AcDbLine
10
195.23579101630156
20
823.4595947265625
11
215.03478088960156
21
843.2585845997625
0
LINE
5
1DD
100
AcDbEntity
8
0
62
7.0
100
AcDbLine
10
215.03478088960156
20
803.6606048533625
11
195.23579101630156
21
823.4595947265625
0
ARC
5
1DE
100
AcDbEntity
8
0
62
7.0
100
AcDbCircle
10
217.09907226630156
20
526.1840209960938
40
28.0
50
-45.0
51
45.0
0
LINE
5
1DF
100
AcDbEntity
8
0
62
7.0
100
AcDbLine
10
217.09907226630156
20
526.1840209960938
11
236.89806213960156
21
545.9830108692937
0
LINE
5
1E0
100
AcDbEntity
8
0
62
7.0
100
AcDbLine
10
236.89806213960156
20
506.38503112289374
11
217.09907226630156
21
526.1840209960938
0
ARC
5
1E1
100
AcDbEntity
8
0
62
7.0
100
AcDbCircle
10
197.79472045966097
20
658.1211547851563
40
28.0
50
-45.0
51
45.0
0
LINE
5
1E2
100
AcDbEntity
8
0
62
7.0
100
AcDbLine
10
197.79472045966097
20
658.1211547851563
11
217.59371033296097
21
677.9201446583562
0
LINE
5
1E3
100
AcDbEntity
8
0
62
7.0
100
AcDbLine
10
217.59371033296097
20
638.3221649119563
11
197.79472045966097
21
658.1211547851563
0
ARC
5
1E4
100
AcDbEntity
8
0
62
7.0
100
AcDbCircle
10
205.24508666992188
20
873.7305328362374
40
28.0
50
-135.0
51
-45.0
0
LINE
5
1E5
100
AcDbEntity
8
0
62
7.0
100
AcDbLine
10
205.24508666992188
20
873.7305328362374
11
225.0440765431219
21
853.9315429629376
0
LINE
5
1E6
100
AcDbEntity
8
0
62
7.0
100
AcDbLine
10
185.4460967967219
20
853.9315429629374
11
205.24508666992188
21
873.7305328362374
0
ARC
5
1E7
100
AcDbEntity
8
0
62
7.0
100
AcDbCircle
10
205.3668670654297
20
942.4351837151437
40
28.0
50
-135.0
51
-45.0
0
LINE
5
1E8
100
AcDbEntity
8
0
62
7.0
100
AcDbLine
10
205.3668670654297
20
942.4351837151437
11
225.1658569386297
21
922.6361938418438
0
LINE
5
1E9
100
AcDbEntity
8
0
62
7.0
100
AcDbLine
10
185.5678771922297
20
922.6361938418437
11
205.3668670654297
21
942.4351837151437
0
ARC
5
1EA
100
AcDbEntity
8
0
62
7.0
100
AcDbCircle
10
250.2911560051828
20
687.0927124023438
40
28.0
50
135.0
51
225.0
0
LINE
5
1EB
100
AcDbEntity
8
0
62
7.0
100
AcDbLine
10
250.2911560051828
20
687.0927124023438
11
230.4921661318828
21
667.2937225291438
0
LINE
5
1EC
100
AcDbEntity
8
0
62
7.0
100
AcDbLine
10
230.4921661318828
20
706.8917022755437
11
250.2911560051828
21
687.0927124023438
0
ARC
5
1ED
100
AcDbEntity
8
0
62
7.0
100
AcDbCircle
10
262.7483215332031
20
314.03552551201875
40
28.0
50
-135.0
51
-45.0
0
LINE
5
1EE
100
AcDbEntity
8
0
62
7.0
100
AcDbLine
10
262.7483215332031
20
314.03552551201875
11
282.54731140640314
21
294.23653563871875
0
LINE
5
1EF
100
AcDbEntity
8
0
62
7.0
100
AcDbLine
10
242.94933166000314
20
294.23653563871875
11
262.7483215332031
21
314.03552551201875
0
ARC
5
1F0
100
AcDbEntity
8
0
62
7.0
100
AcDbCircle
10
252.6070556640625
20
48.366847228327345
40
28.0
50
-135.0
51
-45.0
0
LINE
5
1F1
100
AcDbEntity
8
0
62
7.0
100
AcDbLine
10
252.6070556640625
20
48.366847228327345
11
272.4060455372625
21
28.567857355027346
0
LINE
5
1F2
100
AcDbEntity
8
0
62
7.0
100
AcDbLine
10
232.8080657908625
20
28.56785735502734
11
252.6070556640625
21
48.366847228327345
0
ARC
5
1F3
100
AcDbEntity
8
0
62
7.0
100
AcDbCircle
10
231.28591918945313
20
415.9230316168875
40
28.0
50
45.0
51
135.0
0
LINE
5
1F4
100
AcDbEntity
8
0
62
7.0
100
AcDbLine
10
231.28591918945313
20
415.9230316168875
11
211.4869293162531
21
435.7220214901875
0
LINE
5
1F5
100
AcDbEntity
8
0
62
7.0
100
AcDbLine
10
251.08490906265314
20
435.7220214901875
11
231.28591918945313
21
415.9230316168875
0
ARC
5
1F6
100
AcDbEntity
8
0
62
7.0
100
AcDbCircle
10
255.371151734075
20
51.26333236694336
40
28.0
50
-45.0
51
45.0
0
LINE
5
1F7
100
AcDbEntity
8
0
62
7.0
100
AcDbLine
10
255.371151734075
20
51.26333236694336
11
275.170141607375
21
71.06232224014336
0
LINE
5
1F8
100
AcDbEntity
8
0
62
7.0
100
AcDbLine
10
275.170141607375
20
31.46434249374336
11
255.371151734075
21
51.26333236694336
0
ARC
5
1F9
100
AcDbEntity
8
0
62
7.0
100
AcDbCircle
10
278.7314788811594
20
336.9205627441406
40
28.0
50
135.0
51
225.0
0
LINE
5
1FA
100
AcDbEntity
8
0
62
7.0
100
AcDbLine
10
278.7314788811594
20
336.9205627441406
11
258.9324890078594
21
317.1215728709406
0
LINE
5
1FB
100
AcDbEntity
8
0
62
7.0
100
AcDbLine
10
258.9324890078594
20
356.71955261734064
11
278.7314788811594
21
336.9205627441406
0
ARC
5
1FC
100
AcDbEntity
8
0
62
7.0
100
AcDbCircle
10
227.47343139716097
20
205.32325744628903
40
28.0
50
-45.0
51
45.0
0
LINE
5
1FD
100
AcDbEntity
8
0
62
7.0
100
AcDbLine
10
227.47343139716097
20
205.32325744628903
11
247.27242127046097
21
225.12224731948902
0
LINE
5
1FE
100
AcDbEntity
8
0
62
7.0
100
AcDbLine
10
247.27242127046097
20
185.52426757308905
11
227.47343139716097
21
205.32325744628903
0
ARC
5
1FF
100
AcDbEntity
8
0
62
7.0
100
AcDbCircle
10
255.7397003173828
20
222.5099456793875
40
28.0
50
45.0
51
135.0
0
LINE
5
200
100
AcDbEntity
8
0
62
7.0
100
AcDbLine
10
255.7397003173828
20
222.5099456793875
11
235.9407104441828
21
242.3089355526875
0
LINE
5
201
100
AcDbEntity
8
0
62
7.0
100
AcDbLine
10
275.5386901905828
20
242.3089355526875
11
255.7397003173828
21
222.5099456793875
0
ARC
5
202
100
AcDbEntity
8
0
62
7.0
100
AcDbCircle
10
290.74859619140625
20
61.34546356268828
40
28.0
50
45.0
51
135.0
0
LINE
5
203
100
AcDbEntity
8
0
62
7.0
100
AcDbLine
10
290.74859619140625
20
61.34546356268828
11
270.94960631820624
21
81.14445343598828
0
LINE
5
204
100
AcDbEntity
8
0
62
7.0
100
AcDbLine
10
310.54758606460626
20
81.14445343598828
11
290.74859619140625
21
61.34546356268828
0
ARC
5
205
100
AcDbEntity
8
0
62
7.0
100
AcDbCircle
10
276.814208984375
20
212.3821441643625
40
28.0
50
-135.0
51
-45.0
0
LINE
5
206
100
AcDbEntity
8
0
62
7.0
100
AcDbLine
10
276.814208984375
20
212.3821441643625
11
296.613198857575
21
192.5831542910625
0
LINE
5
207
100
AcDbEntity
8
0
62
7.0
100
AcDbLine
10
257.015219111175
20
192.5831542910625
11
276.814208984375
21
212.3821441643625
0
ARC
5
208
100
AcDbEntity
8
0
62
7.0
100
AcDbCircle
10
221.30550842352812
20
635.1978149414063
40
28.0
50
-45.0
51
45.0
0
LINE
5
209
100
AcDbEntity
8
0
62
7.0
100
AcDbLine
10
221.30550842352812
20
635.1978149414063
11
241.10449829682813
21
654.9968048146062
0
LINE
5
20A
100
AcDbEntity
8
0
62
7.0
100
AcDbLine
10
241.10449829682813
20
615.3988250682063
11
221.30550842352812
21
635.1978149414063
0
ARC
5
20B
100
AcDbEntity
8
0
62
7.0
100
AcDbCircle
10
241.919189453125
20
577.661563109675
40
28.0
50
-135.0
51
-45.0
0
LINE
5
20C
100
AcDbEntity
8
0
62
7.0
100
AcDbLine
10
241.919189453125
20
577.661563109675
11
261.718179326325
21
557.862573236375
0
LINE
5
20D
100
AcDbEntity
8
0
62
7.0
100
AcDbLine
10
222.120199579925
20
557.8625732363749
11
241.919189453125
21
577.661563109675
0
ARC
5
20E
100
AcDbEntity
8
0
62
7.0
100
AcDbCircle
10
207.10012512274687
20
877.5453491210938
40
28.0
50
-45.0
51
45.0
0
LINE
5
20F
100
AcDbEntity
8
0
62
7.0
100
AcDbLine
10
207.10012512274687
20
877.5453491210938
11
226.89911499604688
21
897.3443389942937
0
LINE
5
210
100
AcDbEntity
8
0
62
7.0
100
AcDbLine
10
226.89911499604688
20
857.7463592478938
11
207.10012512274687
21
877.5453491210938
0
ARC
5
211
100
AcDbEntity
8
0
62
7.0
100
AcDbCircle
10
267.11797790595
20
227.74513244628903
40
28.0
50
-45.0
51
45.0
0
LINE
5
212
100
AcDbEntity
8
0
62
7.0
100
AcDbLine
10
267.11797790595
20
227.74513244628903
11
286.91696777925
21
247.54412231948902
0
LINE
5
213
100
AcDbEntity
8
0
62
7.0
100
AcDbLine
10
286.91696777925
20
207.94614257308905
11
267.11797790595
21
227.74513244628903
0
ARC
5
214
100
AcDbEntity
8
0
62
7.0
100
AcDbCircle
10
272.6418151855469
20
249.88558654852812
40
28.0
50
45.0
51
135.0
0
LINE
5
215
100
AcDbEntity
8
0
62
7.0
100
AcDbLine
10
272.6418151855469
20
249.88558654852812
11
252.84282531234686
21
269.6845764218281
0
LINE
5
216
100
AcDbEntity
8
0
62
7.0
100
AcDbLine
10
292.4408050587469
20
269.6845764218281
11
272.6418151855469
21
249.88558654852812
0
ARC
5
217
100
AcDbEntity
8
0
62
7.0
100
AcDbCircle
10
258.0924072265625
20
397.1387603766531
40
28.0
50
45.0
51
135.0
0
LINE
5
218
100
AcDbEntity
8
0
62
7.0
100
AcDbLine
10
258.0924072265625
20
397.1387603766531
11
238.29341735336249
21
416.9377502499531
0
LINE
5
219
100
AcDbEntity
8
0
62
7.0
100
AcDbLine
10
277.8913970997625
20
416.9377502499531
11
258.0924072265625
21
397.1387603766531
0
ARC
5
21A
100
AcDbEntity
8
0
62
7.0
100
AcDbCircle
10
201.71542053290312
20
951.7537841796876
40
28.0
50
-45.0
51
45.0
0
LINE
5
21B
100
AcDbEntity
8
0
62
7.0
100
AcDbLine
10
201.71542053290312
20
951.7537841796876
11
221.51441040620313
21
971.5527740528876
0
LINE
5
21C
100
AcDbEntity
8
0
62
7.0
100
AcDbLine
10
221.51441040620313
20
931.9547943064877
11
201.71542053290312
21
951.7537841796876
0
ARC
5
21D
100
AcDbEntity
8
0
62
7.0
100
AcDbCircle
10
253.6089508049875
20
837.0596923828125
40
28.0
50
135.0
51
225.0
0
LINE
5
21E
100
AcDbEntity
8
0
62
7.0
100
AcDbLine
10
253.6089508049875
20
837.0596923828125
11
233.8099609316875
21
817.2607025096125
0
LINE
5
21F
100
AcDbEntity
8
0
62
7.0
100
AcDbLine
10
233.8099609316875
20
856.8586822560125
11
253.6089508049875
21
837.0596923828125
0
ARC
5
220
100
AcDbEntity
8
0
62
7.0
100
AcDbCircle
10
260.5343933105469
20
364.3232086188406
40
28.0
50
45.0
51
135.0
0
LINE
5
221
100
AcDbEntity
8
0
62
7.0
100
AcDbLine
10
260.5343933105469
20
364.3232086188406
11
240.73540343734686
21
384.1221984921406
0
LINE
5
222
100
AcDbEntity
8
0
62
7.0
100
AcDbLine
10
280.3333831837469
20
384.1221984921406
11
260.5343933105469
21
364.3232086188406
0
ARC
5
223
100
AcDbEntity
8
0
62
7.0
100
AcDbCircle
10
255.3798065185547
20
470.7947113030344
40
28.0
50
-135.0
51
-45.0
0
LINE
5
224
100
AcDbEntity
8
0
62
7.0
100
AcDbLine
10
255.3798065185547
20
470.7947113030344
11
275.1787963917547
21
450.9957214297344
0
LINE
5
225
100
AcDbEntity
8
0
62
7.0
100
AcDbLine
10
235.5808166453547
20
450.9957214297344
11
255.3798065185547
21
470.7947113030344
0
ARC
5
226
100
AcDbEntity
8
0
62
7.0
100
AcDbCircle
10
256.7388916015625
20
568.502987671575
40
28.0
50
45.0
51
135.0
0
LINE
5
227
100
AcDbEntity
8
0
62
7.0
100
AcDbLine
10
256.7388916015625
20
568.502987671575
11
236.93990172836249
21
588.301977544875
0
LINE
5
228
100
AcDbEntity
8
0
62
7.0
100
AcDbLine
10
276.5378814747625
20
588.301977544875
11
256.7388916015625
21
568.502987671575
0
ARC
5
229
100
AcDbEntity
8
0
62
7.0
100
AcDbCircle
10
271.0017974860281
20
113.16648864746094
40
28.0
50
-45.0
51
45.0
0
LINE
5
22A
100
AcDbEntity
8
0
62
7.0
100
AcDbLine
10
271.0017974860281
20
113.16648864746094
11
290.8007873593281
21
132.96547852066095
0
LINE
5
22B
100
AcDbEntity
8
0
62
7.0
100
AcDbLine
10
290.8007873593281
20
93.36749877426094
11
271.0017974860281
21
113.16648864746094
0
ARC
5
22C
100
AcDbEntity
8
0
62
7.0
100
AcDbCircle
10
264.53997802734375
20
516.9744293206124
40
28.0
50
-135.0
51
-45.0
0
LINE
5
22D
100
AcDbEntity
8
0
62
7.0
100
AcDbLine
10
264.53997802734375
20
516.9744293206124
11
284.33896790054376
21
497.1754394473125
0
LINE
5
22E
100
AcDbEntity
8
0
62
7.0
100
AcDbLine
10
244.74098815414376
20
497.1754394473125
11
264.53997802734375
21
516.9744293206124
0
ARC
5
22F
100
AcDbEntity
8
0
62
7.0
100
AcDbCircle
10
248.45992736884065
20
538.71923828125
40
28.0
50
-45.0
51
45.0
0
LINE
5
230
100
AcDbEntity
8
0
62
7.0
100
AcDbLine
10
248.45992736884065
20
538.71923828125
11
268.2589172421407
21
558.51822815445
0
LINE
5
231
100
AcDbEntity
8
0
62
7.0
100
AcDbLine
10
268.2589172421407
20
518.92024840805
11
248.45992736884065
21
538.71923828125
0
ARC
5
232
100
AcDbEntity
8
0
62
7.0
100
AcDbCircle
10
268.41778564453125
20
598.55352478095
40
28.0
50
45.0
51
135.0
0
LINE
5
233
100
AcDbEntity
8
0
62
7.0
100
AcDbLine
10
268.41778564453125
20
598.55352478095
11
248.61879577133124
21
618.35251465425
0
LINE
5
234
100
AcDbEntity
8
0
62
7.0
100
AcDbLine
10
288.21677551773126
20
618.35251465425
11
268.41778564453125
21
598.55352478095
0
ARC
5
235
100
AcDbEntity
8
0
62
7.0
100
AcDbCircle
10
238.0558319091797
20
892.041561890325
40
28.0
50
45.0
51
135.0
0
LINE
5
236
100
AcDbEntity
8
0
62
7.0
100
AcDbLine
10
238.0558319091797
20
892.041561890325
11
218.25684203597967
21
911.840551763625
0
LINE
5
237
100
AcDbEntity
8
0
62
7.0
100
AcDbLine
10
257.8548217823797
20
911.840551763625
11
238.0558319091797
21
892.041561890325
0
ARC
5
238
100
AcDbEntity
8
0
62
7.0
100
AcDbCircle
10
290.74951171875
20
137.08630065985625
40
28.0
50
45.0
51
135.0
0
LINE
5
239
100
AcDbEntity
8
0
62
7.0
100
AcDbLine
10
290.74951171875
20
137.08630065985625
11
270.95052184555
21
156.88529053315625
0
LINE
5
23A
100
AcDbEntity
8
0
62
7.0
100
AcDbLine
10
310.54850159195
20
156.88529053315625
11
290.74951171875
21
137.08630065985625
0
ARC
5
23B
100
AcDbEntity
8
0
62
7.0
100
AcDbCircle
10
265.3581207282156
20
435.1871948242187
40
28.0
50
-45.0
51
45.0
0
LINE
5
23C
100
AcDbEntity
8
0
62
7.0
100
AcDbLine
10
265.3581207282156
20
435.1871948242187
11
285.1571106015156
21
454.9861846974187
0
LINE
5
23D
100
AcDbEntity
8
0
62
7.0
100
AcDbLine
10
285.1571106015156
20
415.3882049510187
11
265.3581207282156
21
435.1871948242187
0
ARC
5
23E
100
AcDbEntity
8
0
62
7.0
100
AcDbCircle
10
273.6646392829031
20
23.86258316040039
40
28.0
50
-45.0
51
45.0
0
LINE
5
23F
100
AcDbEntity
8
0
62
7.0
100
AcDbLine
10
273.6646392829031
20
23.86258316040039
11
293.4636291562031
21
43.66157303360039
0
LINE
5
240
100
AcDbEntity
8
0
62
7.0
100
AcDbLine
10
293.4636291562031
20
4.063593287200391
11
273.6646392829031
21
23.86258316040039
0
ARC
5
241
100
AcDbEntity
8
0
62
7.0
100
AcDbCircle
10
261.1363250725656
20
943.7413940429688
40
28.0
50
135.0
51
225.0
0
LINE
5
242
100
AcDbEntity
8
0
62
7.0
100
AcDbLine
10
261.1363250725656
20
943.7413940429688
11
241.33733519926562
21
923.9424041697688
0
LINE
5
243
100
AcDbEntity
8
0
62
7.0
100
AcDbLine
10
241.33733519926562
20
963.5403839161687
11
261.1363250725656
21
943.7413940429688
0
ARC
5
244
100
AcDbEntity
8
0
62
7.0
100
AcDbCircle
10
275.5824920647531
20
660.66796875
40
28.0
50
135.0
51
225.0
0
LINE
5
245
100
AcDbEntity
8
0
62
7.0
100
AcDbLine
10
275.5824920647531
20
660.66796875
11
255.78350219145312
21
640.8689788768
0
LINE
5
246
100
AcDbEntity
8
0
62
7.0
100
AcDbLine
10
255.78350219145312
20
680.4669586232
11
275.5824920647531
21
660.66796875
0
ARC
5
247
100
AcDbEntity
8
0
62
7.0
100
AcDbCircle
10
284.4958770758719
20
255.8187255859375
40
28.0
50
-45.0
51
45.0
0
LINE
5
248
100
AcDbEntity
8
0
62
7.0
100
AcDbLine
10
284.4958770758719
20
255.8187255859375
11
304.2948669491719
21
275.6177154591375
0
LINE
5
249
100
AcDbEntity
8
0
62
7.0
100
AcDbLine
10
304.2948669491719
20
236.01973571273749
11
284.4958770758719
21
255.8187255859375
0
ARC
5
24A
100
AcDbEntity
8
0
62
7.0
100
AcDbCircle
10
291.4526031500906
20
181.49713134765625
40
28.0
50
-45.0
51
45.0
0
LINE
5
24B
100
AcDbEntity
8
0
62
7.0
100
AcDbLine
10
291.4526031500906
20
181.49713134765625
11
311.2515930233906
21
201.29612122085626
0
LINE
5
24C
100
AcDbEntity
8
0
62
7.0
100
AcDbLine
10
311.2515930233906
20
161.69814147445624
11
291.4526031500906
21
181.49713134765625
0
ARC
5
24D
100
AcDbEntity
8
0
62
7.0
100
AcDbCircle
10
274.189453125
20
706.8678009026437
40
28.0
50
-135.0
51
-45.0
0
LINE
5
24E
100
AcDbEntity
8
0
62
7.0
100
AcDbLine
10
274.189453125
20
706.8678009026437
11
293.9884429982
21
687.0688110293438
0
LINE
5
24F
100
AcDbEntity
8
0
62
7.0
100
AcDbLine
10
254.3904632518
20
687.0688110293437
11
274.189453125
21
706.8678009026437
0
ARC
5
250
100
AcDbEntity
8
0
62
7.0
100
AcDbCircle
10
301.3478118889719
20
359.7602233886719
40
28.0
50
135.0
51
225.0
0
LINE
5
251
100
AcDbEntity
8
0
62
7.0
100
AcDbLine
10
301.3478118889719
20
359.7602233886719
11
281.5488220156719
21
339.96123351547186
0
LINE
5
252
100
AcDbEntity
8
0
62
7.0
100
AcDbLine
10
281.5488220156719
20
379.5592132618719
11
301.3478118889719
21
359.7602233886719
0
ARC
5
253
100
AcDbEntity
8
0
62
7.0
100
AcDbCircle
10
267.96178894110625
20
314.4899597167969
40
28.0
50
-45.0
51
45.0
0
LINE
5
254
100
AcDbEntity
8
0
62
7.0
100
AcDbLine
10
267.96178894110625
20
314.4899597167969
11
287.76077881440625
21
334.2889495899969
0
LINE
5
255
100
AcDbEntity
8
0
62
7.0
100
AcDbLine
10
287.76077881440625
20
294.69096984359686
11
267.96178894110625
21
314.4899597167969
0
ARC
5
256
100
AcDbEntity
8
0
62
7.0
100
AcDbCircle
10
239.04848938055935
20
879.8861083984375
40
28.0
50
-45.0
51
45.0
0
LINE
5
257
100
AcDbEntity
8
0
62
7.0
100
AcDbLine
10
239.04848938055935
20
879.8861083984375
11
258.8474792538593
21
899.6850982716375
0
LINE
5
258
100
AcDbEntity
8
0
62
7.0
100
AcDbLine
10
258.8474792538593
20
860.0871185252375
11
239.04848938055935
21
879.8861083984375
0
ARC
5
259
100
AcDbEntity
8
0
62
7.0
100
AcDbCircle
10
272.9210784918875
20
397.2491760253906
40
28.0
50
-45.0
51
45.0
0
LINE
5
25A
100
AcDbEntity
8
0
62
7.0
100
AcDbLine
10
272.9210784918875
20
397.2491760253906
11
292.7200683651875
21
417.04816589859064
0
LINE
5
25B
100
AcDbEntity
8
0
62
7.0
100
AcDbLine
10
292.7200683651875
20
377.4501861521906
11
272.9210784918875
21
397.2491760253906
0
ARC
5
25C
100
AcDbEntity
8
0
62
7.0
100
AcDbCircle
10
278.37646484375
20
657.712344359675
40
28.0
50
-135.0
51
-45.0
0
LINE
5
25D
100
AcDbEntity
8
0
62
7.0
100
AcDbLine
10
278.37646484375
20
657.712344359675
11
298.17545471695
21
637.913354486375
0
LINE
5
25E
100
AcDbEntity
8
0
62
7.0
100
AcDbLine
10
258.57747497055
20
637.9133544863749
11
278.37646484375
21
657.712344359675
0
ARC
5
25F
100
AcDbEntity
8
0
62
7.0
100
AcDbCircle
10
277.58959655829375
20
664.3253784179688
40
28.0
50
-45.0
51
45.0
0
LINE
5
260
100
AcDbEntity
8
0
62
7.0
100
AcDbLine
10
277.58959655829375
20
664.3253784179688
11
297.38858643159375
21
684.1243682911687
0
LINE
5
261
100
AcDbEntity
8
0
62
7.0
100
AcDbLine
10
297.38858643159375
20
644.5263885447688
11
277.58959655829375
21
664.3253784179688
0
ARC
5
262
100
AcDbEntity
8
0
62
7.0
100
AcDbCircle
10
285.71142883233125
20
836.4173583984375
40
28.0
50
135.0
51
225.0
0
LINE
5
263
100
AcDbEntity
8
0
62
7.0
100
AcDbLine
10
285.71142883233125
20
836.4173583984375
11
265.91243895903125
21
816.6183685252375
0
LINE
5
264
100
AcDbEntity
8
0
62
7.0
100
AcDbLine
10
265.91243895903125
20
856.2163482716375
11
285.71142883233125
21
836.4173583984375
0
ARC
5
265
100
AcDbEntity
8
0
62
7.0
100
AcDbCircle
10
305.7807342522531
20
521.21435546875
40
28.0
50
135.0
51
225.0
0
LINE
5
266
100
AcDbEntity
8
0
62
7.0
100
AcDbLine
10
305.7807342522531
20
521.21435546875
11
285.9817443789531
21
501.41536559555
0
LINE
5
267
100
AcDbEntity
8
0
62
7.0
100
AcDbLine
10
285.9817443789531
20
541.01334534195
11
305.7807342522531
21
521.21435546875
0
ARC
5
268
100
AcDbEntity
8
0
62
7.0
100
AcDbCircle
10
263.6896667480469
20
946.8507049567313
40
28.0
50
45.0
51
135.0
0
LINE
5
269
100
AcDbEntity
8
0
62
7.0
100
AcDbLine
10
263.6896667480469
20
946.8507049567313
11
243.89067687484686
21
966.6496948300312
0
LINE
5
26A
100
AcDbEntity
8
0
62
7.0
100
AcDbLine
10
283.4886566212469
20
966.6496948300312
11
263.6896667480469
21
946.8507049567313
0
ARC
5
26B
100
AcDbEntity
8
0
62
7.0
100
AcDbCircle
10
292.21020202704375
20
293.5776672363281
40
28.0
50
-45.0
51
45.0
0
LINE
5
26C
100
AcDbEntity
8
0
62
7.0
100
AcDbLine
10
292.21020202704375
20
293.5776672363281
11
312.00919190034375
21
313.37665710952814
0
LINE
5
26D
100
AcDbEntity
8
0
62
7.0
100
AcDbLine
10
312.00919190034375
20
273.7786773631281
11
292.21020202704375
21
293.5776672363281
0
ARC
5
26E
100
AcDbEntity
8
0
62
7.0
100
AcDbCircle
10
281.9334411621094
20
489.5591461174875
40
28.0
50
-135.0
51
-45.0
0
LINE
5
26F
100
AcDbEntity
8
0
62
7.0
100
AcDbLine
10
281.9334411621094
20
489.5591461174875
11
301.7324310353094
21
469.7601562441875
0
LINE
5
270
100
AcDbEntity
8
0
62
7.0
100
AcDbLine
10
262.13445128890936
20
469.7601562441875
11
281.9334411621094
21
489.5591461174875
0
ARC
5
271
100
AcDbEntity
8
0
62
7.0
100
AcDbCircle
10
273.33813171454375
20
597.2161254882813
40
28.0
50
-45.0
51
45.0
0
LINE
5
272
100
AcDbEntity
8
0
62
7.0
100
AcDbLine
10
273.33813171454375
20
597.2161254882813
11
293.13712158784375
21
617.0151153614812
0
LINE
5
273
100
AcDbEntity
8
0
62
7.0
100
AcDbLine
10
293.13712158784375
20
577.4171356150813
11
273.33813171454375
21
597.2161254882813
0
ARC
5
274
100
AcDbEntity
8
0
62
7.0
100
AcDbCircle
10
249.2550628668875
20
926.15478515625
40
28.0
50
-45.0
51
45.0
0
LINE
5
275
100
AcDbEntity
8
0
62
7.0
100
AcDbLine
10
249.2550628668875
20
926.15478515625
11
269.0540527401875
21
945.95377502945
0
LINE
5
276
100
AcDbEntity
8
0
62
7.0
100
AcDbLine
10
269.0540527401875
20
906.35579528305
11
249.2550628668875
21
926.15478515625
0
ARC
5
277
100
AcDbEntity
8
0
62
7.0
100
AcDbCircle
10
293.4871826171875
20
834.3013885504813
40
28.0
50
45.0
51
135.0
0
LINE
5
278
100
AcDbEntity
8
0
62
7.0
100
AcDbLine
10
293.4871826171875
20
834.3013885504813
11
273.6881927439875
21
854.1003784237812
0
LINE
5
279
100
AcDbEntity
8
0
62
7.0
100
AcDbLine
10
313.2861724903875
20
854.1003784237812
11
293.4871826171875
21
834.3013885504813
0
ARC
5
27A
100
AcDbEntity
8
0
62
7.0
100
AcDbCircle
10
277.0949066168875
20
555.564453125
40
28.0
50
-45.0
51
45.0
0
LINE
5
27B
100
AcDbEntity
8
0
62
7.0
100
AcDbLine
10
277.0949066168875
20
555.564453125
11
296.8938964901875
21
575.3634429982
0
LINE
5
27C
100
AcDbEntity
8
0
62
7.0
100
AcDbLine
10
296.8938964901875
20
535.7654632518
11
277.0949066168875
21
555.564453125
0
ARC
5
27D
100
AcDbEntity
8
0
62
7.0
100
AcDbCircle
10
271.74670105048125
20
949.11767578125
40
28.0
50
-45.0
51
45.0
0
LINE
5
27E
100
AcDbEntity
8
0
62
7.0
100
AcDbLine
10
271.74670105048125
20
949.11767578125
11
291.54569092378125
21
968.91666565445
0
LINE
5
27F
100
AcDbEntity
8
0
62
7.0
100
AcDbLine
10
291.54569092378125
20
929.31868590805
11
271.74670105048125
21
949.11767578125
0
ARC
5
280
100
AcDbEntity
8
0
62
7.0
100
AcDbCircle
10
294.4148223883719
20
421.2877197265625
40
28.0
50
-45.0
51
45.0
0
LINE
5
281
100
AcDbEntity
8
0
62
7.0
100
AcDbLine
10
294.4148223883719
20
421.2877197265625
11
314.2138122616719
21
441.0867095997625
0
LINE
5
282
100
AcDbEntity
8
0
62
7.0
100
AcDbLine
10
314.2138122616719
20
401.4887298533625
11
294.4148223883719
21
421.2877197265625
0
ARC
5
283
100
AcDbEntity
8
0
62
7.0
100
AcDbCircle
10
298.45299987860625
20
219.9566345214844
40
28.0
50
-45.0
51
45.0
0
LINE
5
284
100
AcDbEntity
8
0
62
7.0
100
AcDbLine
10
298.45299987860625
20
219.9566345214844
11
318.25198975190625
21
239.7556243946844
0
LINE
5
285
100
AcDbEntity
8
0
62
7.0
100
AcDbLine
10
318.25198975190625
20
200.15764464828442
11
298.45299987860625
21
219.9566345214844
0
ARC
5
286
100
AcDbEntity
8
0
62
7.0
100
AcDbCircle
10
289.0238037109375
20
910.6873809807687
40
28.0
50
-135.0
51
-45.0
0
LINE
5
287
100
AcDbEntity
8
0
62
7.0
100
AcDbLine
10
289.0238037109375
20
910.6873809807687
11
308.8227935841375
21
890.8883911074688
0
LINE
5
288
100
AcDbEntity
8
0
62
7.0
100
AcDbLine
10
269.2248138377375
20
890.8883911074687
11
289.0238037109375
21
910.6873809807687
0
ARC
5
289
100
AcDbEntity
8
0
62
7.0
100
AcDbCircle
10
286.66192321845
20
918.7157592773438
40
28.0
50
-45.0
51
45.0
0
LINE
5
28A
100
AcDbEntity
8
0
62
7.0
100
AcDbLine
10
286.66192321845
20
918.7157592773438
11
306.46091309175
21
938.5147491505437
0
LINE
5
28B
100
AcDbEntity
8
0
62
7.0
100
AcDbLine
10
306.46091309175
20
898.9167694041438
11
286.66192321845
21
918.7157592773438
0
ARC
5
28C
100
AcDbEntity
8
0
62
7.0
100
AcDbCircle
10
299.51025085516875
20
578.6013793945313
40
28.0
50
-45.0
51
45.0
0
LINE
5
28D
100
AcDbEntity
8
0
62
7.0
100
AcDbLine
10
299.51025085516875
20
578.6013793945313
11
319.30924072846875
21
598.4003692677312
0
LINE
5
28E
100
AcDbEntity
8
0
62
7.0
100
AcDbLine
10
319.30924072846875
20
558.8023895213313
11
299.51025085516875
21
578.6013793945313
0
ARC
5
28F
100
AcDbEntity
8
0
62
7.0
100
AcDbCircle
10
326.9870025628
20
623.9180297851563
40
28.0
50
135.0
51
225.0
0
LINE
5
290
100
AcDbEntity
8
0
62
7.0
100
AcDbLine
10
326.9870025628
20
623.9180297851563
11
307.1880126895
21
604.1190399119563
0
LINE
5
291
100
AcDbEntity
8
0
62
7.0
100
AcDbLine
10
307.1880126895
20
643.7170196583562
11
326.9870025628
21
623.9180297851563
0
ARC
5
292
100
AcDbEntity
8
0
62
7.0
100
AcDbCircle
10
308.24273681640625
20
319.6610992438406
40
28.0
50
45.0
51
135.0
0
LINE
5
293
100
AcDbEntity
8
0
62
7.0
100
AcDbLine
10
308.24273681640625
20
319.6610992438406
11
288.44374694320624
21
339.4600891171406
0
LINE
5
294
100
AcDbEntity
8
0
62
7.0
100
AcDbLine
10
328.04172668960626
20
339.4600891171406
11
308.24273681640625
21
319.6610992438406
0
ARC
5
295
100
AcDbEntity
8
0
62
7.0
100
AcDbCircle
10
323.5083953850656
20
493.4361572265625
40
28.0
50
135.0
51
225.0
0
LINE
5
296
100
AcDbEntity
8
0
62
7.0
100
AcDbLine
10
323.5083953850656
20
493.4361572265625
11
303.7094055117656
21
473.6371673533625
0
LINE
5
297
100
AcDbEntity
8
0
62
7.0
100
AcDbLine
10
303.7094055117656
20
513.2351470997625
11
323.5083953850656
21
493.4361572265625
0
ARC
5
298
100
AcDbEntity
8
0
62
7.0
100
AcDbCircle
10
307.10009460516875
20
866.0137329101563
40
28.0
50
-45.0
51
45.0
0
LINE
5
299
100
AcDbEntity
8
0
62
7.0
100
AcDbLine
10
307.10009460516875
20
866.0137329101563
11
326.89908447846875
21
885.8127227833562
0
LINE
5
29A
100
AcDbEntity
8
0
62
7.0
100
AcDbLine
10
326.89908447846875
20
846.2147430369563
11
307.10009460516875
21
866.0137329101563
0
ARC
5
29B
100
AcDbEntity
8
0
62
7.0
100
AcDbCircle
10
289.1382110602469
20
53.8415412902832
40
28.0
50
-45.0
51
45.0
0
LINE
5
29C
100
AcDbEntity
8
0
62
7.0
100
AcDbLine
10
289.1382110602469
20
53.8415412902832
11
308.9372009335469
21
73.6405311634832
0
LINE
5
29D
100
AcDbEntity
8
0
62
7.0
100
AcDbLine
10
308.9372009335469
20
34.0425514170832
11
289.1382110602469
21
53.8415412902832
0
ARC
5
29E
100
AcDbEntity
8
0
62
7.0
100
AcDbCircle
10
299.41137390204375
20
97.9946517944336
40
28.0
50
-45.0
51
45.0
0
LINE
5
29F
100
AcDbEntity
8
0
62
7.0
100
AcDbLine
10
299.41137390204375
20
97.9946517944336
11
319.21036377534375
21
117.7936416676336
0
LINE
5
2A0
100
AcDbEntity
8
0
62
7.0
100
AcDbLine
10
319.21036377534375
20
78.1956619212336
11
299.41137390204375
21
97.9946517944336
0
ARC
5
2A1
100
AcDbEntity
8
0
62
7.0
100
AcDbCircle
10
300.8895843512625
20
141.56675720214844
40
28.0
50
-45.0
51
45.0
0
LINE
5
2A2
100
AcDbEntity
8
0
62
7.0
100
AcDbLine
10
300.8895843512625
20
141.56675720214844
11
320.6885742245625
21
161.36574707534845
0
LINE
5
2A3
100
AcDbEntity
8
0
62
7.0
100
AcDbLine
10
320.6885742245625
20
121.76776732894844
11
300.8895843512625
21
141.56675720214844
0
ARC
5
2A4
100
AcDbEntity
8
0
62
7.0
100
AcDbCircle
10
293.95727233954375
20
372.808837890625
40
28.0
50
-45.0
51
45.0
0
LINE
5
2A5
100
AcDbEntity
8
0
62
7.0
100
AcDbLine
10
293.95727233954375
20
372.808837890625
11
313.75626221284375
21
392.607827763825
0
LINE
5
2A6
100
AcDbEntity
8
0
62
7.0
100
AcDbLine
10
313.75626221284375
20
353.009848017425
11
293.95727233954375
21
372.808837890625
0
ARC
5
2A7
100
AcDbEntity
8
0
62
7.0
100
AcDbCircle
10
299.57323913641875
20
461.5819396972656
40
28.0
50
-45.0
51
45.0
0
LINE
5
2A8
100
AcDbEntity
8
0
62
7.0
100
AcDbLine
10
299.57323913641875
20
461.5819396972656
11
319.37222900971875
21
481.38092957046564
0
LINE
5
2A9
100
AcDbEntity
8
0
62
7.0
100
AcDbLine
10
319.37222900971875
20
441.7829498240656
11
299.57323913641875
21
461.5819396972656
0
ARC
5
2AA
100
AcDbEntity
8
0
62
7.0
100
AcDbCircle
10
323.4731750488281
20
965.7246124260812
40
28.0
50
-135.0
51
-45.0
0
LINE
5
2AB
100
AcDbEntity
8
0
62
7.0
100
AcDbLine
10
323.4731750488281
20
965.7246124260812
11
343.27216492202814
21
945.9256225527813
0
LINE
5
2AC
100
AcDbEntity
8
0
62
7.0
100
AcDbLine
10
303.6741851756281
20
945.9256225527812
11
323.4731750488281
21
965.7246124260812
0
ARC
5
2AD
100
AcDbEntity
8
0
62
7.0
100
AcDbCircle
10
345.95825500420625
20
909.5960083007813
40
28.0
50
135.0
51
225.0
0
LINE
5
2AE
100
AcDbEntity
8
0
62
7.0
100
AcDbLine
10
345.95825500420625
20
909.5960083007813
11
326.15926513090625
21
889.7970184275813
0
LINE
5
2AF
100
AcDbEntity
8
0
62
7.0
100
AcDbLine
10
326.15926513090625
20
929.3949981739812
11
345.95825500420625
21
909.5960083007813
0
ARC
5
2B0
100
AcDbEntity
8
0
62
7.0
100
AcDbCircle
10
341.05786437920625
20
23.90076065063477
40
28.0
50
135.0
51
225.0
0
LINE
5
2B1
100
AcDbEntity
8
0
62
7.0
100
AcDbLine
10
341.05786437920625
20
23.90076065063477
11
321.25887450590625
21
4.101770777434769
0
LINE
5
2B2
100
AcDbEntity
8
0
62
7.0
100
AcDbLine
10
321.25887450590625
20
43.699750523834766
11
341.05786437920625
21
23.90076065063477
0
ARC
5
2B3
100
AcDbEntity
8
0
62
7.0
100
AcDbCircle
10
344.4206878655344
20
258.4421691894531
40
28.0
50
135.0
51
225.0
0
LINE
5
2B4
100
AcDbEntity
8
0
62
7.0
100
AcDbLine
10
344.4206878655344
20
258.4421691894531
11
324.6216979922344
21
238.6431793162531
0
LINE
5
2B5
100
AcDbEntity
8
0
62
7.0
100
AcDbLine
10
324.6216979922344
20
278.24115906265314
11
344.4206878655344
21
258.4421691894531
0
ARC
5
2B6
100
AcDbEntity
8
0
62
7.0
100
AcDbCircle
10
312.9917877204031
20
318.25189208984375
40
28.0
50
-45.0
51
45.0
0
LINE
5
2B7
100
AcDbEntity
8
0
62
7.0
100
AcDbLine
10
312.9917877204031
20
318.25189208984375
11
332.7907775937031
21
338.05088196304376
0
LINE
5
2B8
100
AcDbEntity
8
0
62
7.0
100
AcDbLine
10
332.7907775937031
20
298.45290221664374
11
312.9917877204031
21
318.25189208984375
0
ARC
5
2B9
100
AcDbEntity
8
0
62
7.0
100
AcDbCircle
10
308.9816253668875
20
513.6215209960938
40
28.0
50
-45.0
51
45.0
0
LINE
5
2BA
100
AcDbEntity
8
0
62
7.0
100
AcDbLine
10
308.9816253668875
20
513.6215209960938
11
328.7806152401875
21
533.4205108692937
0
LINE
5
2BB
100
AcDbEntity
8
0
62
7.0
100
AcDbLine
10
328.7806152401875
20
493.82253112289374
11
308.9816253668875
21
513.6215209960938
0
ARC
5
2BC
100
AcDbEntity
8
0
62
7.0
100
AcDbCircle
10
322.2552764899344
20
354.4447937011719
40
28.0
50
-45.0
51
45.0
0
LINE
5
2BD
100
AcDbEntity
8
0
62
7.0
100
AcDbLine
10
322.2552764899344
20
354.4447937011719
11
342.0542663632344
21
374.2437835743719
0
LINE
5
2BE
100
AcDbEntity
8
0
62
7.0
100
AcDbLine
10
342.0542663632344
20
334.64580382797186
11
322.2552764899344
21
354.4447937011719
0
ARC
5
2BF
100
AcDbEntity
8
0
62
7.0
100
AcDbCircle
10
306.5011260993094
20
650.0962524414063
40
28.0
50
-45.0
51
45.0
0
LINE
5
2C0
100
AcDbEntity
8
0
62
7.0
100
AcDbLine
10
306.5011260993094
20
650.0962524414063
11
326.3001159726094
21
669.8952423146062
0
LINE
5
2C1
100
AcDbEntity
8
0
62
7.0
100
AcDbLine
10
326.3001159726094
20
630.2972625682063
11
306.5011260993094
21
650.0962524414063
0
ARC
5
2C2
100
AcDbEntity
8
0
62
7.0
100
AcDbCircle
10
167.2894287109375
20
958.006893921575
40
28.0
50
45.0
51
135.0
0
LINE
5
2C3
100
AcDbEntity
8
0
62
7.0
100
AcDbLine
10
167.2894287109375
20
958.006893921575
11
147.49043883773749
21
977.805883794875
0
LINE
5
2C4
100
AcDbEntity
8
0
62
7.0
100
AcDbLine
10
187.08841858413751
20
977.805883794875
11
167.2894287109375
21
958.006893921575
0
ARC
5
2C5
100
AcDbEntity
8
0
62
7.0
100
AcDbCircle
10
330.39324951171875
20
964.4641082770438
40
28.0
50
45.0
51
135.0
0
LINE
5
2C6
100
AcDbEntity
8
0
62
7.0
100
AcDbLine
10
330.39324951171875
20
964.4641082770438
11
310.59425963851874
21
984.2630981503437
0
LINE
5
2C7
100
AcDbEntity
8
0
62
7.0
100
AcDbLine
10
350.19223938491876
20
984.2630981503437
11
330.39324951171875
21
964.4641082770438
0
ARC
5
2C8
100
AcDbEntity
8
0
62
7.0
100
AcDbCircle
10
350.2947418206125
20
393.3414611816406
40
28.0
50
135.0
51
225.0
0
LINE
5
2C9
100
AcDbEntity
8
0
62
7.0
100
AcDbLine
10
350.2947418206125
20
393.3414611816406
11
330.4957519473125
21
373.5424713084406
0
LINE
5
2CA
100
AcDbEntity
8
0
62
7.0
100
AcDbLine
10
330.4957519473125
20
413.14045105484064
11
350.2947418206125
21
393.3414611816406
0
ARC
5
2CB
100
AcDbEntity
8
0
62
7.0
100
AcDbCircle
10
321.7737396247
20
166.13626098632813
40
28.0
50
-45.0
51
45.0
0
LINE
5
2CC
100
AcDbEntity
8
0
62
7.0
100
AcDbLine
10
321.7737396247
20
166.13626098632813
11
341.572729498
21
185.93525085952814
0
LINE
5
2CD
100
AcDbEntity
8
0
62
7.0
100
AcDbLine
10
341.572729498
20
146.3372711131281
11
321.7737396247
21
166.13626098632813
0
ARC
5
2CE
100
AcDbEntity
8
0
62
7.0
100
AcDbCircle
10
317.3456695563406
20
69.10443115234375
40
28.0
50
-45.0
51
45.0
0
LINE
5
2CF
100
AcDbEntity
8
0
62
7.0
100
AcDbLine
10
317.3456695563406
20
69.10443115234375
11
337.1446594296406
21
88.90342102554375
0
LINE
5
2D0
100
AcDbEntity
8
0
62
7.0
100
AcDbLine
10
337.1446594296406
20
49.30544127914375
11
317.3456695563406
21
69.10443115234375
0
ARC
5
2D1
100
AcDbEntity
8
0
62
7.0
100
AcDbCircle
10
324.3046234137625
20
284.21624755859375
40
28.0
50
-45.0
51
45.0
0
LINE
5
2D2
100
AcDbEntity
8
0
62
7.0
100
AcDbLine
10
324.3046234137625
20
284.21624755859375
11
344.1036132870625
21
304.01523743179376
0
LINE
5
2D3
100
AcDbEntity
8
0
62
7.0
100
AcDbLine
10
344.1036132870625
20
264.41725768539374
11
324.3046234137625
21
284.21624755859375
0
ARC
5
2D4
100
AcDbEntity
8
0
62
7.0
100
AcDbCircle
10
311.1678131110281
20
690.8817138671875
40
28.0
50
-45.0
51
45.0
0
LINE
5
2D5
100
AcDbEntity
8
0
62
7.0
100
AcDbLine
10
311.1678131110281
20
690.8817138671875
11
330.9668029843281
21
710.6807037403875
0
LINE
5
2D6
100
AcDbEntity
8
0
62
7.0
100
AcDbLine
10
330.9668029843281
20
671.0827239939875
11
311.1678131110281
21
690.8817138671875
0
ARC
5
2D7
100
AcDbEntity
8
0
62
7.0
100
AcDbCircle
10
322.40020446845
20
436.9841003417969
40
28.0
50
-45.0
51
45.0
0
LINE
5
2D8
100
AcDbEntity
8
0
62
7.0
100
AcDbLine
10
322.40020446845
20
436.9841003417969
11
342.19919434175
21
456.7830902149969
0
LINE
5
2D9
100
AcDbEntity
8
0
62
7.0
100
AcDbLine
10
342.19919434175
20
417.18511046859686
11
322.40020446845
21
436.9841003417969
0
ARC
5
2DA
100
AcDbEntity
8
0
62
7.0
100
AcDbCircle
10
357.8031036370187
20
728.520263671875
40
28.0
50
135.0
51
225.0
0
LINE
5
2DB
100
AcDbEntity
8
0
62
7.0
100
AcDbLine
10
357.8031036370187
20
728.520263671875
11
338.0041137637187
21
708.721273798675
0
LINE
5
2DC
100
AcDbEntity
8
0
62
7.0
100
AcDbLine
10
338.0041137637187
20
748.319253545075
11
357.8031036370187
21
728.520263671875
0
ARC
5
2DD
100
AcDbEntity
8
0
62
7.0
100
AcDbCircle
10
327.0091827399344
20
114.35424041748048
40
28.0
50
-45.0
51
45.0
0
LINE
5
2DE
100
AcDbEntity
8
0
62
7.0
100
AcDbLine
10
327.0091827399344
20
114.35424041748048
11
346.8081726132344
21
134.15323029068048
0
LINE
5
2DF
100
AcDbEntity
8
0
62
7.0
100
AcDbLine
10
346.8081726132344
20
94.55525054428048
11
327.0091827399344
21
114.35424041748048
0
ARC
5
2E0
100
AcDbEntity
8
0
62
7.0
100
AcDbCircle
10
315.8153961188406
20
829.3887329101563
40
28.0
50
-45.0
51
45.0
0
LINE
5
2E1
100
AcDbEntity
8
0
62
7.0
100
AcDbLine
10
315.8153961188406
20
829.3887329101563
11
335.6143859921406
21
849.1877227833562
0
LINE
5
2E2
100
AcDbEntity
8
0
62
7.0
100
AcDbLine
10
335.6143859921406
20
809.5897430369563
11
315.8153961188406
21
829.3887329101563
0
ARC
5
2E3
100
AcDbEntity
8
0
62
7.0
100
AcDbCircle
10
332.58477478095
20
38.03961563110352
40
28.0
50
-45.0
51
45.0
0
LINE
5
2E4
100
AcDbEntity
8
0
62
7.0
100
AcDbLine
10
332.58477478095
20
38.03961563110352
11
352.38376465425
21
57.83860550430352
0
LINE
5
2E5
100
AcDbEntity
8
0
62
7.0
100
AcDbLine
10
352.38376465425
20
18.240625757903523
11
332.58477478095
21
38.03961563110352
0
ARC
5
2E6
100
AcDbEntity
8
0
62
7.0
100
AcDbCircle
10
115.63921356201172
20
964.3392303473563
40
28.0
50
45.0
51
135.0
0
LINE
5
2E7
100
AcDbEntity
8
0
62
7.0
100
AcDbLine
10
115.63921356201172
20
964.3392303473563
11
95.84022368881172
21
984.1382202206562
0
LINE
5
2E8
100
AcDbEntity
8
0
62
7.0
100
AcDbLine
10
135.43820343521173
20
984.1382202206562
11
115.63921356201172
21
964.3392303473563
0
ARC
5
2E9
100
AcDbEntity
8
0
62
7.0
100
AcDbCircle
10
336.5524597167969
20
531.5084198004813
40
28.0
50
45.0
51
135.0
0
LINE
5
2EA
100
AcDbEntity
8
0
62
7.0
100
AcDbLine
10
336.5524597167969
20
531.5084198004813
11
316.75346984359686
21
551.3074096737812
0
LINE
5
2EB
100
AcDbEntity
8
0
62
7.0
100
AcDbLine
10
356.3514495899969
20
551.3074096737812
11
336.5524597167969
21
531.5084198004813
0
ARC
5
2EC
100
AcDbEntity
8
0
62
7.0
100
AcDbCircle
10
349.72430419921875
20
205.9227111823172
40
28.0
50
45.0
51
135.0
0
LINE
5
2ED
100
AcDbEntity
8
0
62
7.0
100
AcDbLine
10
349.72430419921875
20
205.9227111823172
11
329.92531432601874
21
225.7217010556172
0
LINE
5
2EE
100
AcDbEntity
8
0
62
7.0
100
AcDbLine
10
369.52329407241876
20
225.7217010556172
11
349.72430419921875
21
205.9227111823172
0
ARC
5
2EF
100
AcDbEntity
8
0
62
7.0
100
AcDbCircle
10
342.2479827887625
20
407.0464782714844
40
28.0
50
-45.0
51
45.0
0
LINE
5
2F0
100
AcDbEntity
8
0
62
7.0
100
AcDbLine
10
342.2479827887625
20
407.0464782714844
11
362.0469726620625
21
426.8454681446844
0
LINE
5
2F1
100
AcDbEntity
8
0
62
7.0
100
AcDbLine
10
362.0469726620625
20
387.24748839828436
11
342.2479827887625
21
407.0464782714844
0
ARC
5
2F2
100
AcDbEntity
8
0
62
7.0
100
AcDbCircle
10
324.576718140325
20
598.52392578125
40
28.0
50
-45.0
51
45.0
0
LINE
5
2F3
100
AcDbEntity
8
0
62
7.0
100
AcDbLine
10
324.576718140325
20
598.52392578125
11
344.375708013625
21
618.32291565445
0
LINE
5
2F4
100
AcDbEntity
8
0
62
7.0
100
AcDbLine
10
344.375708013625
20
578.72493590805
11
324.576718140325
21
598.52392578125
0
ARC
5
2F5
100
AcDbEntity
8
0
62
7.0
100
AcDbCircle
10
357.2342864983469
20
478.0619201660156
40
28.0
50
135.0
51
225.0
0
LINE
5
2F6
100
AcDbEntity
8
0
62
7.0
100
AcDbLine
10
357.2342864983469
20
478.0619201660156
11
337.4352966250469
21
458.2629302928156
0
LINE
5
2F7
100
AcDbEntity
8
0
62
7.0
100
AcDbLine
10
337.4352966250469
20
497.86091003921564
11
357.2342864983469
21
478.0619201660156
0
ARC
5
2F8
100
AcDbEntity
8
0
62
7.0
100
AcDbCircle
10
365.8833038323313
20
641.7538452148438
40
28.0
50
135.0
51
225.0
0
LINE
5
2F9
100
AcDbEntity
8
0
62
7.0
100
AcDbLine
10
365.8833038323313
20
641.7538452148438
11
346.0843139590313
21
621.9548553416438
0
LINE
5
2FA
100
AcDbEntity
8
0
62
7.0
100
AcDbLine
10
346.0843139590313
20
661.5528350880437
11
365.8833038323313
21
641.7538452148438
0
ARC
5
2FB
100
AcDbEntity
8
0
62
7.0
100
AcDbCircle
10
350.4328277594656
20
369.7662353515625
40
28.0
50
-45.0
51
45.0
0
LINE
5
2FC
100
AcDbEntity
8
0
62
7.0
100
AcDbLine
10
350.4328277594656
20
369.7662353515625
11
370.2318176327656
21
389.5652252247625
0
LINE
5
2FD
100
AcDbEntity
8
0
62
7.0
100
AcDbLine
10
370.2318176327656
20
349.9672454783625
11
350.4328277594656
21
369.7662353515625
0
ARC
5
2FE
100
AcDbEntity
8
0
62
7.0
100
AcDbCircle
10
346.07067565985625
20
253.49826049804688
40
28.0
50
-45.0
51
45.0
0
LINE
5
2FF
100
AcDbEntity
8
0
62
7.0
100
AcDbLine
10
346.07067565985625
20
253.49826049804688
11
365.86966553315625
21
273.2972503712469
0
LINE
5
300
100
AcDbEntity
8
0
62
7.0
100
AcDbLine
10
365.86966553315625
20
233.69927062484686
11
346.07067565985625
21
253.49826049804688
0
ARC
5
301
100
AcDbEntity
8
0
62
7.0
100
AcDbCircle
10
363.9172698967844
20
767.8607177734375
40
28.0
50
135.0
51
225.0
0
LINE
5
302
100
AcDbEntity
8
0
62
7.0
100
AcDbLine
10
363.9172698967844
20
767.8607177734375
11
344.1182800234844
21
748.0617279002375
0
LINE
5
303
100
AcDbEntity
8
0
62
7.0
100
AcDbLine
10
344.1182800234844
20
787.6597076466375
11
363.9172698967844
21
767.8607177734375
0
ARC
5
304
100
AcDbEntity
8
0
62
7.0
100
AcDbCircle
10
358.6983642578125
20
587.2590362542062
40
28.0
50
-135.0
51
-45.0
0
LINE
5
305
100
AcDbEntity
8
0
62
7.0
100
AcDbLine
10
358.6983642578125
20
587.2590362542062
11
378.4973541310125
21
567.4600463809063
0
LINE
5
306
100
AcDbEntity
8
0
62
7.0
100
AcDbLine
10
338.8993743846125
20
567.4600463809062
11
358.6983642578125
21
587.2590362542062
0
ARC
5
307
100
AcDbEntity
8
0
62
7.0
100
AcDbCircle
10
376.3052093499094
20
79.9648666381836
40
28.0
50
135.0
51
225.0
0
LINE
5
308
100
AcDbEntity
8
0
62
7.0
100
AcDbLine
10
376.3052093499094
20
79.9648666381836
11
356.5062194766094
21
60.165876764983594
0
LINE
5
309
100
AcDbEntity
8
0
62
7.0
100
AcDbLine
10
356.5062194766094
20
99.7638565113836
11
376.3052093499094
21
79.9648666381836
0
ARC
5
30A
100
AcDbEntity
8
0
62
7.0
100
AcDbCircle
10
330.33129577704375
20
888.2047119140625
40
28.0
50
-45.0
51
45.0
0
LINE
5
30B
100
AcDbEntity
8
0
62
7.0
100
AcDbLine
10
330.33129577704375
20
888.2047119140625
11
350.13028565034375
21
908.0037017872625
0
LINE
5
30C
100
AcDbEntity
8
0
62
7.0
100
AcDbLine
10
350.13028565034375
20
868.4057220408625
11
330.33129577704375
21
888.2047119140625
0
ARC
5
30D
100
AcDbEntity
8
0
62
7.0
100
AcDbCircle
10
344.5467193610281
20
142.26927185058594
40
28.0
50
-45.0
51
45.0
0
LINE
5
30E
100
AcDbEntity
8
0
62
7.0
100
AcDbLine
10
344.5467193610281
20
142.26927185058594
11
364.3457092343281
21
162.06826172378595
0
LINE
5
30F
100
AcDbEntity
8
0
62
7.0
100
AcDbLine
10
364.3457092343281
20
122.47028197738594
11
344.5467193610281
21
142.26927185058594
0
ARC
5
310
100
AcDbEntity
8
0
62
7.0
100
AcDbCircle
10
333.63561706610625
20
930.3578491210938
40
28.0
50
-45.0
51
45.0
0
LINE
5
311
100
AcDbEntity
8
0
62
7.0
100
AcDbLine
10
333.63561706610625
20
930.3578491210938
11
353.43460693940625
21
950.1568389942937
0
LINE
5
312
100
AcDbEntity
8
0
62
7.0
100
AcDbLine
10
353.43460693940625
20
910.5588592478938
11
333.63561706610625
21
930.3578491210938
0
ARC
5
313
100
AcDbEntity
8
0
62
7.0
100
AcDbCircle
10
339.2116363532156
20
501.7455139160156
40
28.0
50
-45.0
51
45.0
0
LINE
5
314
100
AcDbEntity
8
0
62
7.0
100
AcDbLine
10
339.2116363532156
20
501.7455139160156
11
359.0106262265156
21
521.5445037892156
0
LINE
5
315
100
AcDbEntity
8
0
62
7.0
100
AcDbLine
10
359.0106262265156
20
481.9465240428156
11
339.2116363532156
21
501.7455139160156
0
ARC
5
316
100
AcDbEntity
8
0
62
7.0
100
AcDbCircle
10
344.8370025641531
20
460.00445556640625
40
28.0
50
-45.0
51
45.0
0
LINE
5
317
100
AcDbEntity
8
0
62
7.0
100
AcDbLine
10
344.8370025641531
20
460.00445556640625
11
364.6359924374531
21
479.80344543960626
0
LINE
5
318
100
AcDbEntity
8
0
62
7.0
100
AcDbLine
10
364.6359924374531
20
440.20546569320624
11
344.8370025641531
21
460.00445556640625
0
ARC
5
319
100
AcDbEntity
8
0
62
7.0
100
AcDbCircle
10
344.13067321845
20
309.8650207519531
40
28.0
50
-45.0
51
45.0
0
LINE
5
31A
100
AcDbEntity
8
0
62
7.0
100
AcDbLine
10
344.13067321845
20
309.8650207519531
11
363.92966309175
21
329.66401062515314
0
LINE
5
31B
100
AcDbEntity
8
0
62
7.0
100
AcDbLine
10
363.92966309175
20
290.0660308787531
11
344.13067321845
21
309.8650207519531
0
ARC
5
31C
100
AcDbEntity
8
0
62
7.0
100
AcDbCircle
10
370.7506744378
20
682.3394165039063
40
28.0
50
135.0
51
225.0
0
LINE
5
31D
100
AcDbEntity
8
0
62
7.0
100
AcDbLine
10
370.7506744378
20
682.3394165039063
11
350.9516845645
21
662.5404266307063
0
LINE
5
31E
100
AcDbEntity
8
0
62
7.0
100
AcDbLine
10
350.9516845645
20
702.1384063771062
11
370.7506744378
21
682.3394165039063
0
ARC
5
31F
100
AcDbEntity
8
0
62
7.0
100
AcDbCircle
10
368.8614501953125
20
639.0432159417062
40
28.0
50
-135.0
51
-45.0
0
LINE
5
320
100
AcDbEntity
8
0
62
7.0
100
AcDbLine
10
368.8614501953125
20
639.0432159417062
11
388.6604400685125
21
619.2442260684063
0
LINE
5
321
100
AcDbEntity
8
0
62
7.0
100
AcDbLine
10
349.0624603221125
20
619.2442260684062
11
368.8614501953125
21
639.0432159417062
0
ARC
5
322
100
AcDbEntity
8
0
62
7.0
100
AcDbCircle
10
346.8489654547781
20
711.907958984375
40
28.0
50
-45.0
51
45.0
0
LINE
5
323
100
AcDbEntity
8
0
62
7.0
100
AcDbLine
10
346.8489654547781
20
711.907958984375
11
366.6479553280781
21
731.706948857575
0
LINE
5
324
100
AcDbEntity
8
0
62
7.0
100
AcDbLine
10
366.6479553280781
20
692.108969111175
11
346.8489654547781
21
711.907958984375
0
ARC
5
325
100
AcDbEntity
8
0
62
7.0
100
AcDbCircle
10
334.84093933173125
20
802.5972290039063
40
28.0
50
-45.0
51
45.0
0
LINE
5
326
100
AcDbEntity
8
0
62
7.0
100
AcDbLine
10
334.84093933173125
20
802.5972290039063
11
354.63992920503125
21
822.3962188771062
0
LINE
5
327
100
AcDbEntity
8
0
62
7.0
100
AcDbLine
10
354.63992920503125
20
782.7982391307063
11
334.84093933173125
21
802.5972290039063
0
ARC
5
328
100
AcDbEntity
8
0
62
7.0
100
AcDbCircle
10
379.36535949639375
20
182.80625915527344
40
28.0
50
135.0
51
225.0
0
LINE
5
329
100
AcDbEntity
8
0
62
7.0
100
AcDbLine
10
379.36535949639375
20
182.80625915527344
11
359.56636962309375
21
163.00726928207342
0
LINE
5
32A
100
AcDbEntity
8
0
62
7.0
100
AcDbLine
10
359.56636962309375
20
202.60524902847345
11
379.36535949639375
21
182.80625915527344
0
ARC
5
32B
100
AcDbEntity
8
0
62
7.0
100
AcDbCircle
10
340.6034820563406
20
968.8413696289063
40
28.0
50
-45.0
51
45.0
0
LINE
5
32C
100
AcDbEntity
8
0
62
7.0
100
AcDbLine
10
340.6034820563406
20
968.8413696289063
11
360.4024719296406
21
988.6403595021062
0
LINE
5
32D
100
AcDbEntity
8
0
62
7.0
100
AcDbLine
10
360.4024719296406
20
949.0423797557063
11
340.6034820563406
21
968.8413696289063
0
ARC
5
32E
100
AcDbEntity
8
0
62
7.0
100
AcDbCircle
10
351.8200042731375
20
534.5888671875
40
28.0
50
-45.0
51
45.0
0
LINE
5
32F
100
AcDbEntity
8
0
62
7.0
100
AcDbLine
10
351.8200042731375
20
534.5888671875
11
371.6189941464375
21
554.3878570607
0
LINE
5
330
100
AcDbEntity
8
0
62
7.0
100
AcDbLine
10
371.6189941464375
20
514.7898773143
11
351.8200042731375
21
534.5888671875
0
ARC
5
331
100
AcDbEntity
8
0
62
7.0
100
AcDbCircle
10
357.73156433173125
20
779.7053833007813
40
28.0
50
-45.0
51
45.0
0
LINE
5
332
100
AcDbEntity
8
0
62
7.0
100
AcDbLine
10
357.73156433173125
20
779.7053833007813
11
377.53055420503125
21
799.5043731739812
0
LINE
5
333
100
AcDbEntity
8
0
62
7.0
100
AcDbLine
10
377.53055420503125
20
759.9063934275813
11
357.73156433173125
21
779.7053833007813
0
ARC
5
334
100
AcDbEntity
8
0
62
7.0
100
AcDbCircle
10
353.9253204352469
20
659.636474609375
40
28.0
50
-45.0
51
45.0
0
LINE
5
335
100
AcDbEntity
8
0
62
7.0
100
AcDbLine
10
353.9253204352469
20
659.636474609375
11
373.7243103085469
21
679.435464482575
0
LINE
5
336
100
AcDbEntity
8
0
62
7.0
100
AcDbLine
10
373.7243103085469
20
639.837484736175
11
353.9253204352469
21
659.636474609375
0
ARC
5
337
100
AcDbEntity
8
0
62
7.0
100
AcDbCircle
10
378.4182769768625
20
844.0165405273438
40
28.0
50
135.0
51
225.0
0
LINE
5
338
100
AcDbEntity
8
0
62
7.0
100
AcDbLine
10
378.4182769768625
20
844.0165405273438
11
358.6192871035625
21
824.2175506541438
0
LINE
5
339
100
AcDbEntity
8
0
62
7.0
100
AcDbLine
10
358.6192871035625
20
863.8155304005437
11
378.4182769768625
21
844.0165405273438
0
ARC
5
33A
100
AcDbEntity
8
0
62
7.0
100
AcDbCircle
10
361.6002471930594
20
821.303466796875
40
28.0
50
-45.0
51
45.0
0
LINE
5
33B
100
AcDbEntity
8
0
62
7.0
100
AcDbLine
10
361.6002471930594
20
821.303466796875
11
381.3992370663594
21
841.102456670075
0
LINE
5
33C
100
AcDbEntity
8
0
62
7.0
100
AcDbLine
10
381.3992370663594
20
801.504476923675
11
361.6002471930594
21
821.303466796875
0
ARC
5
33D
100
AcDbEntity
8
0
62
7.0
100
AcDbCircle
10
357.6414459235281
20
104.28646850585938
40
28.0
50
-45.0
51
45.0
0
LINE
5
33E
100
AcDbEntity
8
0
62
7.0
100
AcDbLine
10
357.6414459235281
20
104.28646850585938
11
377.4404357968281
21
124.08545837905938
0
LINE
5
33F
100
AcDbEntity
8
0
62
7.0
100
AcDbLine
10
377.4404357968281
20
84.48747863265937
11
357.6414459235281
21
104.28646850585938
0
ARC
5
340
100
AcDbEntity
8
0
62
7.0
100
AcDbCircle
10
392.3181793206125
20
42.993553161621094
40
28.0
50
135.0
51
225.0
0
LINE
5
341
100
AcDbEntity
8
0
62
7.0
100
AcDbLine
10
392.3181793206125
20
42.993553161621094
11
372.5191894473125
21
23.194563288421094
0
LINE
5
342
100
AcDbEntity
8
0
62
7.0
100
AcDbLine
10
372.5191894473125
20
62.792543034821094
11
392.3181793206125
21
42.993553161621094
0
ARC
5
343
100
AcDbEntity
8
0
62
7.0
100
AcDbCircle
10
359.2589691168875
20
208.57383728027344
40
28.0
50
-45.0
51
45.0
0
LINE
5
344
100
AcDbEntity
8
0
62
7.0
100
AcDbLine
10
359.2589691168875
20
208.57383728027344
11
379.0579589901875
21
228.37282715347345
0
LINE
5
345
100
AcDbEntity
8
0
62
7.0
100
AcDbLine
10
379.0579589901875
20
188.77484740707342
11
359.2589691168875
21
208.57383728027344
0
ARC
5
346
100
AcDbEntity
8
0
62
7.0
100
AcDbCircle
10
357.42345886298125
20
870.6690673828125
40
28.0
50
-45.0
51
45.0
0
LINE
5
347
100
AcDbEntity
8
0
62
7.0
100
AcDbLine
10
357.42345886298125
20
870.6690673828125
11
377.22244873628125
21
890.4680572560125
0
LINE
5
348
100
AcDbEntity
8
0
62
7.0
100
AcDbLine
10
377.22244873628125
20
850.8700775096125
11
357.42345886298125
21
870.6690673828125
0
ARC
5
349
100
AcDbEntity
8
0
62
7.0
100
AcDbCircle
10
363.7987335211844
20
740.4105834960938
40
28.0
50
-45.0
51
45.0
0
LINE
5
34A
100
AcDbEntity
8
0
62
7.0
100
AcDbLine
10
363.7987335211844
20
740.4105834960938
11
383.5977233944844
21
760.2095733692937
0
LINE
5
34B
100
AcDbEntity
8
0
62
7.0
100
AcDbLine
10
383.5977233944844
20
720.6115936228938
11
363.7987335211844
21
740.4105834960938
0
ARC
5
34C
100
AcDbEntity
8
0
62
7.0
100
AcDbCircle
10
360.7051055914969
20
912.8446655273438
40
28.0
50
-45.0
51
45.0
0
LINE
5
34D
100
AcDbEntity
8
0
62
7.0
100
AcDbLine
10
360.7051055914969
20
912.8446655273438
11
380.5040954647969
21
932.6436554005437
0
LINE
5
34E
100
AcDbEntity
8
0
62
7.0
100
AcDbLine
10
380.5040954647969
20
893.0456756541438
11
360.7051055914969
21
912.8446655273438
0
ARC
5
34F
100
AcDbEntity
8
0
62
7.0
100
AcDbCircle
10
381.9871520996094
20
964.86835021905
40
28.0
50
-135.0
51
-45.0
0
LINE
5
350
100
AcDbEntity
8
0
62
7.0
100
AcDbLine
10
381.9871520996094
20
964.86835021905
11
401.7861419728094
21
945.06936034575
0
LINE
5
351
100
AcDbEntity
8
0
62
7.0
100
AcDbLine
10
362.18816222640936
20
945.0693603457499
11
381.9871520996094
21
964.86835021905
0
ARC
5
352
100
AcDbEntity
8
0
62
7.0
100
AcDbCircle
10
371.6847503668875
20
69.2905044555664
40
28.0
50
-45.0
51
45.0
0
LINE
5
353
100
AcDbEntity
8
0
62
7.0
100
AcDbLine
10
371.6847503668875
20
69.2905044555664
11
391.4837402401875
21
89.0894943287664
0
LINE
5
354
100
AcDbEntity
8
0
62
7.0
100
AcDbLine
10
391.4837402401875
20
49.491514582366406
11
371.6847503668875
21
69.2905044555664
0
ARC
5
355
100
AcDbEntity
8
0
62
7.0
100
AcDbCircle
10
398.0142547600656
20
283.53948974609375
40
28.0
50
135.0
51
225.0
0
LINE
5
356
100
AcDbEntity
8
0
62
7.0
100
AcDbLine
10
398.0142547600656
20
283.53948974609375
11
378.2152648867656
21
263.74049987289374
0
LINE
5
357
100
AcDbEntity
8
0
62
7.0
100
AcDbLine
10
378.2152648867656
20
303.33847961929376
11
398.0142547600656
21
283.53948974609375
0
ARC
5
358
100
AcDbEntity
8
0
62
7.0
100
AcDbCircle
10
401.8212615960031
20
159.9199981689453
40
28.0
50
135.0
51
225.0
0
LINE
5
359
100
AcDbEntity
8
0
62
7.0
100
AcDbLine
10
401.8212615960031
20
159.9199981689453
11
382.0222717227031
21
140.1210082957453
0
LINE
5
35A
100
AcDbEntity
8
0
62
7.0
100
AcDbLine
10
382.0222717227031
20
179.71898804214533
11
401.8212615960031
21
159.9199981689453
0
ARC
5
35B
100
AcDbEntity
8
0
62
7.0
100
AcDbCircle
10
402.07983703545625
20
325.4331359863281
40
28.0
50
135.0
51
225.0
0
LINE
5
35C
100
AcDbEntity
8
0
62
7.0
100
AcDbLine
10
402.07983703545625
20
325.4331359863281
11
382.28084716215625
21
305.6341461131281
0
LINE
5
35D
100
AcDbEntity
8
0
62
7.0
100
AcDbLine
10
382.28084716215625
20
345.23212585952814
11
402.07983703545625
21
325.4331359863281
0
ARC
5
35E
100
AcDbEntity
8
0
62
7.0
100
AcDbCircle
10
374.4132659918875
20
557.4608154296875
40
28.0
50
-45.0
51
45.0
0
LINE
5
35F
100
AcDbEntity
8
0
62
7.0
100
AcDbLine
10
374.4132659918875
20
557.4608154296875
11
394.2122558651875
21
577.2598053028875
0
LINE
5
360
100
AcDbEntity
8
0
62
7.0
100
AcDbLine
10
394.2122558651875
20
537.6618255564875
11
374.4132659918875
21
557.4608154296875
0
ARC
5
361
100
AcDbEntity
8
0
62
7.0
100
AcDbCircle
10
376.1659210211844
20
600.8814697265625
40
28.0
50
-45.0
51
45.0
0
LINE
5
362
100
AcDbEntity
8
0
62
7.0
100
AcDbLine
10
376.1659210211844
20
600.8814697265625
11
395.9649108944844
21
620.6804595997625
0
LINE
5
363
100
AcDbEntity
8
0
62
7.0
100
AcDbLine
10
395.9649108944844
20
581.0824798533625
11
376.1659210211844
21
600.8814697265625
0
ARC
5
364
100
AcDbEntity
8
0
62
7.0
100
AcDbCircle
10
378.8527191168875
20
23.853923797607425
40
28.0
50
-45.0
51
45.0
0
LINE
5
365
100
AcDbEntity
8
0
62
7.0
100
AcDbLine
10
378.8527191168875
20
23.853923797607425
11
398.6517089901875
21
43.65291367080742
0
LINE
5
366
100
AcDbEntity
8
0
62
7.0
100
AcDbLine
10
398.6517089901875
20
4.054933924407425
11
378.8527191168875
21
23.853923797607425
0
ARC
5
367
100
AcDbEntity
8
0
62
7.0
100
AcDbCircle
10
408.2742645256906
20
243.1213226318359
40
28.0
50
135.0
51
225.0
0
LINE
5
368
100
AcDbEntity
8
0
62
7.0
100
AcDbLine
10
408.2742645256906
20
243.1213226318359
11
388.4752746523906
21
223.32233275863592
0
LINE
5
369
100
AcDbEntity
8
0
62
7.0
100
AcDbLine
10
388.4752746523906
20
262.9203125050359
11
408.2742645256906
21
243.1213226318359
0
ARC
5
36A
100
AcDbEntity
8
0
62
7.0
100
AcDbCircle
10
404.1268035881906
20
692.3591918945313
40
28.0
50
135.0
51
225.0
0
LINE
5
36B
100
AcDbEntity
8
0
62
7.0
100
AcDbLine
10
404.1268035881906
20
692.3591918945313
11
384.3278137148906
21
672.5602020213313
0
LINE
5
36C
100
AcDbEntity
8
0
62
7.0
100
AcDbLine
10
384.3278137148906
20
712.1581817677312
11
404.1268035881906
21
692.3591918945313
0
ARC
5
36D
100
AcDbEntity
8
0
62
7.0
100
AcDbCircle
10
371.6801422125906
20
393.9720764160156
40
28.0
50
-45.0
51
45.0
0
LINE
5
36E
100
AcDbEntity
8
0
62
7.0
100
AcDbLine
10
371.6801422125906
20
393.9720764160156
11
391.4791320858906
21
413.77106628921564
0
LINE
5
36F
100
AcDbEntity
8
0
62
7.0
100
AcDbLine
10
391.4791320858906
20
374.1730865428156
11
371.6801422125906
21
393.9720764160156
0
ARC
5
370
100
AcDbEntity
8
0
62
7.0
100
AcDbCircle
10
381.9709167480469
20
412.7790191657156
40
28.0
50
45.0
51
135.0
0
LINE
5
371
100
AcDbEntity
8
0
62
7.0
100
AcDbLine
10
381.9709167480469
20
412.7790191657156
11
362.17192687484686
21
432.5780090390156
0
LINE
5
372
100
AcDbEntity
8
0
62
7.0
100
AcDbLine
10
401.7699066212469
20
432.5780090390156
11
381.9709167480469
21
412.7790191657156
0
ARC
5
373
100
AcDbEntity
8
0
62
7.0
100
AcDbCircle
10
377.658261109075
20
129.72483825683594
40
28.0
50
-45.0
51
45.0
0
LINE
5
374
100
AcDbEntity
8
0
62
7.0
100
AcDbLine
10
377.658261109075
20
129.72483825683594
11
397.457250982375
21
149.52382813003595
0
LINE
5
375
100
AcDbEntity
8
0
62
7.0
100
AcDbLine
10
397.457250982375
20
109.92584838363594
11
377.658261109075
21
129.72483825683594
0
ARC
5
376
100
AcDbEntity
8
0
62
7.0
100
AcDbCircle
10
397.642031859675
20
488.3813781738281
40
28.0
50
135.0
51
225.0
0
LINE
5
377
100
AcDbEntity
8
0
62
7.0
100
AcDbLine
10
397.642031859675
20
488.3813781738281
11
377.843041986375
21
468.5823883006281
0
LINE
5
378
100
AcDbEntity
8
0
62
7.0
100
AcDbLine
10
377.843041986375
20
508.18036804702814
11
397.642031859675
21
488.3813781738281
0
ARC
5
379
100
AcDbEntity
8
0
62
7.0
100
AcDbCircle
10
407.0993957519531
20
742.4547698981376
40
28.0
50
45.0
51
135.0
0
LINE
5
37A
100
AcDbEntity
8
0
62
7.0
100
AcDbLine
10
407.0993957519531
20
742.4547698981376
11
387.3004058787531
21
762.2537597714374
0
LINE
5
37B
100
AcDbEntity
8
0
62
7.0
100
AcDbLine
10
426.89838562515314
20
762.2537597714374
11
407.0993957519531
21
742.4547698981376
0
ARC
5
37C
100
AcDbEntity
8
0
62
7.0
100
AcDbCircle
10
400.6476440429687
20
621.8514373786063
40
28.0
50
45.0
51
135.0
0
LINE
5
37D
100
AcDbEntity
8
0
62
7.0
100
AcDbLine
10
400.6476440429687
20
621.8514373786063
11
380.8486541697687
21
641.6504272519062
0
LINE
5
37E
100
AcDbEntity
8
0
62
7.0
100
AcDbLine
10
420.4466339161687
20
641.6504272519062
11
400.6476440429687
21
621.8514373786063
0
ARC
5
37F
100
AcDbEntity
8
0
62
7.0
100
AcDbCircle
10
381.9631927497
20
185.8687286376953
40
28.0
50
-45.0
51
45.0
0
LINE
5
380
100
AcDbEntity
8
0
62
7.0
100
AcDbLine
10
381.9631927497
20
185.8687286376953
11
401.762182623
21
205.66771851089533
0
LINE
5
381
100
AcDbEntity
8
0
62
7.0
100
AcDbLine
10
401.762182623
20
166.0697387644953
11
381.9631927497
21
185.8687286376953
0
ARC
5
382
100
AcDbEntity
8
0
62
7.0
100
AcDbCircle
10
394.0864227301687
20
219.197509765625
40
28.0
50
-45.0
51
45.0
0
LINE
5
383
100
AcDbEntity
8
0
62
7.0
100
AcDbLine
10
394.0864227301687
20
219.197509765625
11
413.8854126034687
21
238.99649963882501
0
LINE
5
384
100
AcDbEntity
8
0
62
7.0
100
AcDbLine
10
413.8854126034687
20
199.39851989242499
11
394.0864227301687
21
219.197509765625
0
ARC
5
385
100
AcDbEntity
8
0
62
7.0
100
AcDbCircle
10
390.2436187750906
20
96.19015502929688
40
28.0
50
-45.0
51
45.0
0
LINE
5
386
100
AcDbEntity
8
0
62
7.0
100
AcDbLine
10
390.2436187750906
20
96.19015502929688
11
410.0426086483906
21
115.98914490249688
0
LINE
5
387
100
AcDbEntity
8
0
62
7.0
100
AcDbLine
10
410.0426086483906
20
76.39116515609687
11
390.2436187750906
21
96.19015502929688
0
ARC
5
388
100
AcDbEntity
8
0
62
7.0
100
AcDbCircle
10
378.7514617926687
20
354.4286193847656
40
28.0
50
-45.0
51
45.0
0
LINE
5
389
100
AcDbEntity
8
0
62
7.0
100
AcDbLine
10
378.7514617926687
20
354.4286193847656
11
398.5504516659687
21
374.22760925796564
0
LINE
5
38A
100
AcDbEntity
8
0
62
7.0
100
AcDbLine
10
398.5504516659687
20
334.6296295115656
11
378.7514617926687
21
354.4286193847656
0
ARC
5
38B
100
AcDbEntity
8
0
62
7.0
100
AcDbCircle
10
420.2680969238281
20
27.89106254645293
40
28.0
50
45.0
51
135.0
0
LINE
5
38C
100
AcDbEntity
8
0
62
7.0
100
AcDbLine
10
420.2680969238281
20
27.89106254645293
11
400.4691070506281
21
47.69005241975293
0
LINE
5
38D
100
AcDbEntity
8
0
62
7.0
100
AcDbLine
10
440.06708679702814
20
47.69005241975293
11
420.2680969238281
21
27.89106254645293
0
ARC
5
38E
100
AcDbEntity
8
0
62
7.0
100
AcDbCircle
10
409.1296661383719
20
122.76565551757813
40
28.0
50
-45.0
51
45.0
0
LINE
5
38F
100
AcDbEntity
8
0
62
7.0
100
AcDbLine
10
409.1296661383719
20
122.76565551757813
11
428.9286560116719
21
142.56464539077814
0
LINE
5
390
100
AcDbEntity
8
0
62
7.0
100
AcDbLine
10
428.9286560116719
20
102.96666564437812
11
409.1296661383719
21
122.76565551757813
0
ARC
5
391
100
AcDbEntity
8
0
62
7.0
100
AcDbCircle
10
392.2682464606375
20
264.78643798828125
40
28.0
50
-45.0
51
45.0
0
LINE
5
392
100
AcDbEntity
8
0
62
7.0
100
AcDbLine
10
392.2682464606375
20
264.78643798828125
11
412.0672363339375
21
284.58542786148126
0
LINE
5
393
100
AcDbEntity
8
0
62
7.0
100
AcDbLine
10
412.0672363339375
20
244.98744811508124
11
392.2682464606375
21
264.78643798828125
0
ARC
5
394
100
AcDbEntity
8
0
62
7.0
100
AcDbCircle
10
433.2475311272531
20
152.559814453125
40
28.0
50
135.0
51
225.0
0
LINE
5
395
100
AcDbEntity
8
0
62
7.0
100
AcDbLine
10
433.2475311272531
20
152.559814453125
11
413.4485412539531
21
132.76082457992499
0
LINE
5
396
100
AcDbEntity
8
0
62
7.0
100
AcDbLine
10
413.4485412539531
20
172.35880432632501
11
433.2475311272531
21
152.559814453125
0
ARC
5
397
100
AcDbEntity
8
0
62
7.0
100
AcDbCircle
10
404.59515380859375
20
322.27258605889375
40
28.0
50
-135.0
51
-45.0
0
LINE
5
398
100
AcDbEntity
8
0
62
7.0
100
AcDbLine
10
404.59515380859375
20
322.27258605889375
11
424.39414368179376
21
302.47359618559375
0
LINE
5
399
100
AcDbEntity
8
0
62
7.0
100
AcDbLine
10
384.79616393539374
20
302.47359618559375
11
404.59515380859375
21
322.27258605889375
0
ARC
5
39A
100
AcDbEntity
8
0
62
7.0
100
AcDbCircle
10
413.309628296575
20
178.15664672851563
40
28.0
50
-45.0
51
45.0
0
LINE
5
39B
100
AcDbEntity
8
0
62
7.0
100
AcDbLine
10
413.309628296575
20
178.15664672851563
11
433.108618169875
21
197.95563660171564
0
LINE
5
39C
100
AcDbEntity
8
0
62
7.0
100
AcDbLine
10
433.108618169875
20
158.3576568553156
11
413.309628296575
21
178.15664672851563
0
ARC
5
39D
100
AcDbEntity
8
0
62
7.0
100
AcDbCircle
10
396.5677185058594
20
534.2288238518624
40
28.0
50
-135.0
51
-45.0
0
LINE
5
39E
100
AcDbEntity
8
0
62
7.0
100
AcDbLine
10
396.5677185058594
20
534.2288238518624
11
416.3667083790594
21
514.4298339785626
0
LINE
5
39F
100
AcDbEntity
8
0
62
7.0
100
AcDbLine
10
376.76872863265936
20
514.4298339785624
11
396.5677185058594
21
534.2288238518624
0
ARC
5
3A0
100
AcDbEntity
8
0
62
7.0
100
AcDbCircle
10
430.0121154785156
20
31.974818419733595
40
28.0
50
-135.0
51
-45.0
0
LINE
5
3A1
100
AcDbEntity
8
0
62
7.0
100
AcDbLine
10
430.0121154785156
20
31.974818419733595
11
449.81110535171564
21
12.175828546433596
0
LINE
5
3A2
100
AcDbEntity
8
0
62
7.0
100
AcDbLine
10
410.2131256053156
20
12.17582854643359
11
430.0121154785156
21
31.974818419733595
0
ARC
5
3A3
100
AcDbEntity
8
0
62
7.0
100
AcDbCircle
10
395.7684020996094
20
471.1104461663156
40
28.0
50
-135.0
51
-45.0
0
LINE
5
3A4
100
AcDbEntity
8
0
62
7.0
100
AcDbLine
10
395.7684020996094
20
471.1104461663156
11
415.5673919728094
21
451.3114562930156
0
LINE
5
3A5
100
AcDbEntity
8
0
62
7.0
100
AcDbLine
10
375.96941222640936
20
451.3114562930156
11
395.7684020996094
21
471.1104461663156
0
ARC
5
3A6
100
AcDbEntity
8
0
62
7.0
100
AcDbCircle
10
447.6776458733469
20
79.022705078125
40
28.0
50
135.0
51
225.0
0
LINE
5
3A7
100
AcDbEntity
8
0
62
7.0
100
AcDbLine
10
447.6776458733469
20
79.022705078125
11
427.8786560000469
21
59.223715204925
0
LINE
5
3A8
100
AcDbEntity
8
0
62
7.0
100
AcDbLine
10
427.8786560000469
20
98.821694951325
11
447.6776458733469
21
79.022705078125
0
ARC
5
3A9
100
AcDbEntity
8
0
62
7.0
100
AcDbCircle
10
435.9099456780344
20
336.4266662597656
40
28.0
50
135.0
51
225.0
0
LINE
5
3AA
100
AcDbEntity
8
0
62
7.0
100
AcDbLine
10
435.9099456780344
20
336.4266662597656
11
416.1109558047344
21
316.6276763865656
0
LINE
5
3AB
100
AcDbEntity
8
0
62
7.0
100
AcDbLine
10
416.1109558047344
20
356.22565613296564
11
435.9099456780344
21
336.4266662597656
0
ARC
5
3AC
100
AcDbEntity
8
0
62
7.0
100
AcDbCircle
10
425.37829284735625
20
211.5394287109375
40
28.0
50
-45.0
51
45.0
0
LINE
5
3AD
100
AcDbEntity
8
0
62
7.0
100
AcDbLine
10
425.37829284735625
20
211.5394287109375
11
445.17728272065625
21
231.33841858413751
0
LINE
5
3AE
100
AcDbEntity
8
0
62
7.0
100
AcDbLine
10
445.17728272065625
20
191.74043883773749
11
425.37829284735625
21
211.5394287109375
0
ARC
5
3AF
100
AcDbEntity
8
0
62
7.0
100
AcDbCircle
10
401.0363433844656
20
377.596923828125
40
28.0
50
-45.0
51
45.0
0
LINE
5
3B0
100
AcDbEntity
8
0
62
7.0
100
AcDbLine
10
401.0363433844656
20
377.596923828125
11
420.8353332577656
21
397.395913701325
0
LINE
5
3B1
100
AcDbEntity
8
0
62
7.0
100
AcDbLine
10
420.8353332577656
20
357.797933954925
11
401.0363433844656
21
377.596923828125
0
ARC
5
3B2
100
AcDbEntity
8
0
62
7.0
100
AcDbCircle
10
393.0840118414969
20
418.0223693847656
40
28.0
50
-45.0
51
45.0
0
LINE
5
3B3
100
AcDbEntity
8
0
62
7.0
100
AcDbLine
10
393.0840118414969
20
418.0223693847656
11
412.8830017147969
21
437.82135925796564
0
LINE
5
3B4
100
AcDbEntity
8
0
62
7.0
100
AcDbLine
10
412.8830017147969
20
398.2233795115656
11
393.0840118414969
21
418.0223693847656
0
ARC
5
3B5
100
AcDbEntity
8
0
62
7.0
100
AcDbCircle
10
385.4897430426687
20
716.6552734375
40
28.0
50
-45.0
51
45.0
0
LINE
5
3B6
100
AcDbEntity
8
0
62
7.0
100
AcDbLine
10
385.4897430426687
20
716.6552734375
11
405.2887329159687
21
736.4542633107
0
LINE
5
3B7
100
AcDbEntity
8
0
62
7.0
100
AcDbLine
10
405.2887329159687
20
696.8562835643
11
385.4897430426687
21
716.6552734375
0
ARC
5
3B8
100
AcDbEntity
8
0
62
7.0
100
AcDbCircle
10
435.7804870605469
20
266.56762390204375
40
28.0
50
45.0
51
135.0
0
LINE
5
3B9
100
AcDbEntity
8
0
62
7.0
100
AcDbLine
10
435.7804870605469
20
266.56762390204375
11
415.98149718734686
21
286.36661377534375
0
LINE
5
3BA
100
AcDbEntity
8
0
62
7.0
100
AcDbLine
10
455.5794769337469
20
286.36661377534375
11
435.7804870605469
21
266.56762390204375
0
ARC
5
3BB
100
AcDbEntity
8
0
62
7.0
100
AcDbCircle
10
432.0251129157156
20
100.34674835205078
40
28.0
50
-45.0
51
45.0
0
LINE
5
3BC
100
AcDbEntity
8
0
62
7.0
100
AcDbLine
10
432.0251129157156
20
100.34674835205078
11
451.8241027890156
21
120.14573822525078
0
LINE
5
3BD
100
AcDbEntity
8
0
62
7.0
100
AcDbLine
10
451.8241027890156
20
80.54775847885078
11
432.0251129157156
21
100.34674835205078
0
ARC
5
3BE
100
AcDbEntity
8
0
62
7.0
100
AcDbCircle
10
393.8853729254813
20
478.6551513671875
40
28.0
50
-45.0
51
45.0
0
LINE
5
3BF
100
AcDbEntity
8
0
62
7.0
100
AcDbLine
10
393.8853729254813
20
478.6551513671875
11
413.6843627987813
21
498.4541412403875
0
LINE
5
3C0
100
AcDbEntity
8
0
62
7.0
100
AcDbLine
10
413.6843627987813
20
458.8561614939875
11
393.8853729254813
21
478.6551513671875
0
ARC
5
3C1
100
AcDbEntity
8
0
62
7.0
100
AcDbCircle
10
454.6509094238281
20
123.17959289618437
40
28.0
50
45.0
51
135.0
0
LINE
5
3C2
100
AcDbEntity
8
0
62
7.0
100
AcDbLine
10
454.6509094238281
20
123.17959289618437
11
434.8519195506281
21
142.97858276948438
0
LINE
5
3C3
100
AcDbEntity
8
0
62
7.0
100
AcDbLine
10
474.44989929702814
20
142.97858276948438
11
454.6509094238281
21
123.17959289618437
0
ARC
5
3C4
100
AcDbEntity
8
0
62
7.0
100
AcDbCircle
10
415.5527618414969
20
441.0075073242187
40
28.0
50
-45.0
51
45.0
0
LINE
5
3C5
100
AcDbEntity
8
0
62
7.0
100
AcDbLine
10
415.5527618414969
20
441.0075073242187
11
435.3517517147969
21
460.8064971974187
0
LINE
5
3C6
100
AcDbEntity
8
0
62
7.0
100
AcDbLine
10
435.3517517147969
20
421.2085174510187
11
415.5527618414969
21
441.0075073242187
0
ARC
5
3C7
100
AcDbEntity
8
0
62
7.0
100
AcDbCircle
10
405.648681640625
20
681.6217681878
40
28.0
50
-135.0
51
-45.0
0
LINE
5
3C8
100
AcDbEntity
8
0
62
7.0
100
AcDbLine
10
405.648681640625
20
681.6217681878
11
425.447671513825
21
661.8227783145
0
LINE
5
3C9
100
AcDbEntity
8
0
62
7.0
100
AcDbLine
10
385.849691767425
20
661.8227783144999
11
405.648681640625
21
681.6217681878
0
ARC
5
3CA
100
AcDbEntity
8
0
62
7.0
100
AcDbCircle
10
457.8469573967844
20
396.698974609375
40
28.0
50
135.0
51
225.0
0
LINE
5
3CB
100
AcDbEntity
8
0
62
7.0
100
AcDbLine
10
457.8469573967844
20
396.698974609375
11
438.0479675234844
21
376.899984736175
0
LINE
5
3CC
100
AcDbEntity
8
0
62
7.0
100
AcDbLine
10
438.0479675234844
20
416.497964482575
11
457.8469573967844
21
396.698974609375
0
ARC
5
3CD
100
AcDbEntity
8
0
62
7.0
100
AcDbCircle
10
432.716738890925
20
543.5343627929688
40
28.0
50
135.0
51
225.0
0
LINE
5
3CE
100
AcDbEntity
8
0
62
7.0
100
AcDbLine
10
432.716738890925
20
543.5343627929688
11
412.917749017625
21
523.7353729197688
0
LINE
5
3CF
100
AcDbEntity
8
0
62
7.0
100
AcDbLine
10
412.917749017625
20
563.3333526661687
11
432.716738890925
21
543.5343627929688
0
ARC
5
3D0
100
AcDbEntity
8
0
62
7.0
100
AcDbCircle
10
423.4289215094656
20
354.5668029785156
40
28.0
50
-45.0
51
45.0
0
LINE
5
3D1
100
AcDbEntity
8
0
62
7.0
100
AcDbLine
10
423.4289215094656
20
354.5668029785156
11
443.2279113827656
21
374.36579285171564
0
LINE
5
3D2
100
AcDbEntity
8
0
62
7.0
100
AcDbLine
10
443.2279113827656
20
334.7678131053156
11
423.4289215094656
21
354.5668029785156
0
ARC
5
3D3
100
AcDbEntity
8
0
62
7.0
100
AcDbCircle
10
445.2430694586844
20
180.6333465576172
40
28.0
50
-45.0
51
45.0
0
LINE
5
3D4
100
AcDbEntity
8
0
62
7.0
100
AcDbLine
10
445.2430694586844
20
180.6333465576172
11
465.0420593319844
21
200.4323364308172
0
LINE
5
3D5
100
AcDbEntity
8
0
62
7.0
100
AcDbLine
10
465.0420593319844
20
160.83435668441717
11
445.2430694586844
21
180.6333465576172
0
ARC
5
3D6
100
AcDbEntity
8
0
62
7.0
100
AcDbCircle
10
447.26037902764375
20
505.91162109375
40
28.0
50
135.0
51
225.0
0
LINE
5
3D7
100
AcDbEntity
8
0
62
7.0
100
AcDbLine
10
447.26037902764375
20
505.91162109375
11
427.46138915434375
21
486.11263122055
0
LINE
5
3D8
100
AcDbEntity
8
0
62
7.0
100
AcDbLine
10
427.46138915434375
20
525.71061096695
11
447.26037902764375
21
505.91162109375
0
ARC
5
3D9
100
AcDbEntity
8
0
62
7.0
100
AcDbCircle
10
429.14733581610625
20
253.2239532470703
40
28.0
50
-45.0
51
45.0
0
LINE
5
3DA
100
AcDbEntity
8
0
62
7.0
100
AcDbLine
10
429.14733581610625
20
253.2239532470703
11
448.94632568940625
21
273.0229431202703
0
LINE
5
3DB
100
AcDbEntity
8
0
62
7.0
100
AcDbLine
10
448.94632568940625
20
233.4249633738703
11
429.14733581610625
21
253.2239532470703
0
ARC
5
3DC
100
AcDbEntity
8
0
62
7.0
100
AcDbCircle
10
406.3705719000906
20
686.5678100585938
40
28.0
50
-45.0
51
45.0
0
LINE
5
3DD
100
AcDbEntity
8
0
62
7.0
100
AcDbLine
10
406.3705719000906
20
686.5678100585938
11
426.1695617733906
21
706.3667999317937
0
LINE
5
3DE
100
AcDbEntity
8
0
62
7.0
100
AcDbLine
10
426.1695617733906
20
666.7688201853938
11
406.3705719000906
21
686.5678100585938
0
ARC
5
3DF
100
AcDbEntity
8
0
62
7.0
100
AcDbCircle
10
432.8585784918875
20
34.80091857910156
40
28.0
50
-45.0
51
45.0
0
LINE
5
3E0
100
AcDbEntity
8
0
62
7.0
100
AcDbLine
10
432.8585784918875
20
34.80091857910156
11
452.6575683651875
21
54.59990845230156
0
LINE
5
3E1
100
AcDbEntity
8
0
62
7.0
100
AcDbLine
10
452.6575683651875
20
15.001928705901562
11
432.8585784918875
21
34.80091857910156
0
ARC
5
3E2
100
AcDbEntity
8
0
62
7.0
100
AcDbCircle
10
425.962948609075
20
476.0520629882813
40
28.0
50
-45.0
51
45.0
0
LINE
5
3E3
100
AcDbEntity
8
0
62
7.0
100
AcDbLine
10
425.962948609075
20
476.0520629882813
11
445.761938482375
21
495.8510528614813
0
LINE
5
3E4
100
AcDbEntity
8
0
62
7.0
100
AcDbLine
10
445.761938482375
20
456.2530731150813
11
425.962948609075
21
476.0520629882813
0
ARC
5
3E5
100
AcDbEntity
8
0
62
7.0
100
AcDbCircle
10
434.6579010003
20
586.8805541992188
40
28.0
50
135.0
51
225.0
0
LINE
5
3E6
100
AcDbEntity
8
0
62
7.0
100
AcDbLine
10
434.6579010003
20
586.8805541992188
11
414.858911127
21
567.0815643260188
0
LINE
5
3E7
100
AcDbEntity
8
0
62
7.0
100
AcDbLine
10
414.858911127
20
606.6795440724187
11
434.6579010003
21
586.8805541992188
0
ARC
5
3E8
100
AcDbEntity
8
0
62
7.0
100
AcDbCircle
10
445.5059234612375
20
621.4895629882813
40
28.0
50
135.0
51
225.0
0
LINE
5
3E9
100
AcDbEntity
8
0
62
7.0
100
AcDbLine
10
445.5059234612375
20
621.4895629882813
11
425.7069335879375
21
601.6905731150813
0
LINE
5
3EA
100
AcDbEntity
8
0
62
7.0
100
AcDbLine
10
425.7069335879375
20
641.2885528614812
11
445.5059234612375
21
621.4895629882813
0
ARC
5
3EB
100
AcDbEntity
8
0
62
7.0
100
AcDbCircle
10
410.38763427734375
20
881.5919769293876
40
28.0
50
45.0
51
135.0
0
LINE
5
3EC
100
AcDbEntity
8
0
62
7.0
100
AcDbLine
10
410.38763427734375
20
881.5919769293876
11
390.58864440414374
21
901.3909668026874
0
LINE
5
3ED
100
AcDbEntity
8
0
62
7.0
100
AcDbLine
10
430.18662415054376
20
901.3909668026874
11
410.38763427734375
21
881.5919769293876
0
ARC
5
3EE
100
AcDbEntity
8
0
62
7.0
100
AcDbCircle
10
408.94408874579375
20
738.5738525390625
40
28.0
50
-45.0
51
45.0
0
LINE
5
3EF
100
AcDbEntity
8
0
62
7.0
100
AcDbLine
10
408.94408874579375
20
738.5738525390625
11
428.74307861909375
21
758.3728424122625
0
LINE
5
3F0
100
AcDbEntity
8
0
62
7.0
100
AcDbLine
10
428.74307861909375
20
718.7748626658625
11
408.94408874579375
21
738.5738525390625
0
ARC
5
3F1
100
AcDbEntity
8
0
62
7.0
100
AcDbCircle
10
448.03521728515625
20
510.7954986579031
40
28.0
50
45.0
51
135.0
0
LINE
5
3F2
100
AcDbEntity
8
0
62
7.0
100
AcDbLine
10
448.03521728515625
20
510.7954986579031
11
428.23622741195624
21
530.5944885312031
0
LINE
5
3F3
100
AcDbEntity
8
0
62
7.0
100
AcDbLine
10
467.83420715835626
20
530.5944885312031
11
448.03521728515625
21
510.7954986579031
0
ARC
5
3F4
100
AcDbEntity
8
0
62
7.0
100
AcDbCircle
10
380.0412261969656
20
972.4752807617188
40
28.0
50
-45.0
51
45.0
0
LINE
5
3F5
100
AcDbEntity
8
0
62
7.0
100
AcDbLine
10
380.0412261969656
20
972.4752807617188
11
399.8402160702656
21
992.2742706349187
0
LINE
5
3F6
100
AcDbEntity
8
0
62
7.0
100
AcDbLine
10
399.8402160702656
20
952.6762908885188
11
380.0412261969656
21
972.4752807617188
0
ARC
5
3F7
100
AcDbEntity
8
0
62
7.0
100
AcDbCircle
10
437.7516784667969
20
583.8108551018624
40
28.0
50
-135.0
51
-45.0
0
LINE
5
3F8
100
AcDbEntity
8
0
62
7.0
100
AcDbLine
10
437.7516784667969
20
583.8108551018624
11
457.5506683399969
21
564.0118652285626
0
LINE
5
3F9
100
AcDbEntity
8
0
62
7.0
100
AcDbLine
10
417.95268859359686
20
564.0118652285624
11
437.7516784667969
21
583.8108551018624
0
ARC
5
3FA
100
AcDbEntity
8
0
62
7.0
100
AcDbCircle
10
446.1827087402344
20
325.9988433831125
40
28.0
50
-135.0
51
-45.0
0
LINE
5
3FB
100
AcDbEntity
8
0
62
7.0
100
AcDbLine
10
446.1827087402344
20
325.9988433831125
11
465.9816986134344
21
306.1998535098125
0
LINE
5
3FC
100
AcDbEntity
8
0
62
7.0
100
AcDbLine
10
426.38371886703436
20
306.1998535098125
11
446.1827087402344
21
325.9988433831125
0
ARC
5
3FD
100
AcDbEntity
8
0
62
7.0
100
AcDbCircle
10
451.0594146735281
20
326.7800598144531
40
28.0
50
-45.0
51
45.0
0
LINE
5
3FE
100
AcDbEntity
8
0
62
7.0
100
AcDbLine
10
451.0594146735281
20
326.7800598144531
11
470.8584045468281
21
346.57904968765314
0
LINE
5
3FF
100
AcDbEntity
8
0
62
7.0
100
AcDbLine
10
470.8584045468281
20
306.9810699412531
11
451.0594146735281
21
326.7800598144531
0
ARC
5
400
100
AcDbEntity
8
0
62
7.0
100
AcDbCircle
10
431.6107513420969
20
933.46728515625
40
28.0
50
135.0
51
225.0
0
LINE
5
401
100
AcDbEntity
8
0
62
7.0
100
AcDbLine
10
431.6107513420969
20
933.46728515625
11
411.8117614687969
21
913.66829528305
0
LINE
5
402
100
AcDbEntity
8
0
62
7.0
100
AcDbLine
10
411.8117614687969
20
953.26627502945
11
431.6107513420969
21
933.46728515625
0
ARC
5
403
100
AcDbEntity
8
0
62
7.0
100
AcDbCircle
10
410.2452056891531
20
960.4931640625
40
28.0
50
-45.0
51
45.0
0
LINE
5
404
100
AcDbEntity
8
0
62
7.0
100
AcDbLine
10
410.2452056891531
20
960.4931640625
11
430.0441955624531
21
980.2921539357
0
LINE
5
405
100
AcDbEntity
8
0
62
7.0
100
AcDbLine
10
430.0441955624531
20
940.6941741893
11
410.2452056891531
21
960.4931640625
0
ARC
5
406
100
AcDbEntity
8
0
62
7.0
100
AcDbCircle
10
462.9633148200125
20
108.6509017944336
40
28.0
50
-45.0
51
45.0
0
LINE
5
407
100
AcDbEntity
8
0
62
7.0
100
AcDbLine
10
462.9633148200125
20
108.6509017944336
11
482.7623046933125
21
128.4498916676336
0
LINE
5
408
100
AcDbEntity
8
0
62
7.0
100
AcDbLine
10
482.7623046933125
20
88.8519119212336
11
462.9633148200125
21
108.6509017944336
0
ARC
5
409
100
AcDbEntity
8
0
62
7.0
100
AcDbCircle
10
439.9804351813406
20
420.2263793945313
40
28.0
50
-45.0
51
45.0
0
LINE
5
40A
100
AcDbEntity
8
0
62
7.0
100
AcDbLine
10
439.9804351813406
20
420.2263793945313
11
459.7794250546406
21
440.0253692677313
0
LINE
5
40B
100
AcDbEntity
8
0
62
7.0
100
AcDbLine
10
459.7794250546406
20
400.4273895213313
11
439.9804351813406
21
420.2263793945313
0
ARC
5
40C
100
AcDbEntity
8
0
62
7.0
100
AcDbCircle
10
457.38843078545625
20
655.0771484375
40
28.0
50
135.0
51
225.0
0
LINE
5
40D
100
AcDbEntity
8
0
62
7.0
100
AcDbLine
10
457.38843078545625
20
655.0771484375
11
437.58944091215625
21
635.2781585643
0
LINE
5
40E
100
AcDbEntity
8
0
62
7.0
100
AcDbLine
10
437.58944091215625
20
674.8761383107
11
457.38843078545625
21
655.0771484375
0
ARC
5
40F
100
AcDbEntity
8
0
62
7.0
100
AcDbCircle
10
445.0593536383719
20
68.05543518066406
40
28.0
50
-45.0
51
45.0
0
LINE
5
410
100
AcDbEntity
8
0
62
7.0
100
AcDbLine
10
445.0593536383719
20
68.05543518066406
11
464.8583435116719
21
87.85442505386406
0
LINE
5
411
100
AcDbEntity
8
0
62
7.0
100
AcDbLine
10
464.8583435116719
20
48.25644530746406
11
445.0593536383719
21
68.05543518066406
0
ARC
5
412
100
AcDbEntity
8
0
62
7.0
100
AcDbCircle
10
445.4672821051687
20
377.9837341308594
40
28.0
50
-45.0
51
45.0
0
LINE
5
413
100
AcDbEntity
8
0
62
7.0
100
AcDbLine
10
445.4672821051687
20
377.9837341308594
11
465.2662719784687
21
397.7827240040594
0
LINE
5
414
100
AcDbEntity
8
0
62
7.0
100
AcDbLine
10
465.2662719784687
20
358.18474425765936
11
445.4672821051687
21
377.9837341308594
0
ARC
5
415
100
AcDbEntity
8
0
62
7.0
100
AcDbCircle
10
466.3782989495187
20
691.5481567382813
40
28.0
50
135.0
51
225.0
0
LINE
5
416
100
AcDbEntity
8
0
62
7.0
100
AcDbLine
10
466.3782989495187
20
691.5481567382813
11
446.5793090762187
21
671.7491668650813
0
LINE
5
417
100
AcDbEntity
8
0
62
7.0
100
AcDbLine
10
446.5793090762187
20
711.3471466114812
11
466.3782989495187
21
691.5481567382813
0
ARC
5
418
100
AcDbEntity
8
0
62
7.0
100
AcDbCircle
10
456.4220550543875
20
270.0860900878906
40
28.0
50
-45.0
51
45.0
0
LINE
5
419
100
AcDbEntity
8
0
62
7.0
100
AcDbLine
10
456.4220550543875
20
270.0860900878906
11
476.2210449276875
21
289.88507996109064
0
LINE
5
41A
100
AcDbEntity
8
0
62
7.0
100
AcDbLine
10
476.2210449276875
20
250.2871002146906
11
456.4220550543875
21
270.0860900878906
0
ARC
5
41B
100
AcDbEntity
8
0
62
7.0
100
AcDbCircle
10
484.0404388420969
20
461.0376281738281
40
28.0
50
135.0
51
225.0
0
LINE
5
41C
100
AcDbEntity
8
0
62
7.0
100
AcDbLine
10
484.0404388420969
20
461.0376281738281
11
464.2414489687969
21
441.2386383006281
0
LINE
5
41D
100
AcDbEntity
8
0
62
7.0
100
AcDbLine
10
464.2414489687969
20
480.83661804702814
11
484.0404388420969
21
461.0376281738281
0
ARC
5
41E
100
AcDbEntity
8
0
62
7.0
100
AcDbCircle
10
438.2813690192313
20
725.30517578125
40
28.0
50
-45.0
51
45.0
0
LINE
5
41F
100
AcDbEntity
8
0
62
7.0
100
AcDbLine
10
438.2813690192313
20
725.30517578125
11
458.0803588925313
21
745.10416565445
0
LINE
5
420
100
AcDbEntity
8
0
62
7.0
100
AcDbLine
10
458.0803588925313
20
705.50618590805
11
438.2813690192313
21
725.30517578125
0
ARC
5
421
100
AcDbEntity
8
0
62
7.0
100
AcDbCircle
10
491.8107635491281
20
23.901172637939453
40
28.0
50
135.0
51
225.0
0
LINE
5
422
100
AcDbEntity
8
0
62
7.0
100
AcDbLine
10
491.8107635491281
20
23.901172637939453
11
472.0117736758281
21
4.102182764739453
0
LINE
5
423
100
AcDbEntity
8
0
62
7.0
100
AcDbLine
10
472.0117736758281
20
43.70016251113945
11
491.8107635491281
21
23.901172637939453
0
ARC
5
424
100
AcDbEntity
8
0
62
7.0
100
AcDbCircle
10
420.582089234075
20
916.724365234375
40
28.0
50
-45.0
51
45.0
0
LINE
5
425
100
AcDbEntity
8
0
62
7.0
100
AcDbLine
10
420.582089234075
20
916.724365234375
11
440.381079107375
21
936.523355107575
0
LINE
5
426
100
AcDbEntity
8
0
62
7.0
100
AcDbLine
10
440.381079107375
20
896.925375361175
11
420.582089234075
21
916.724365234375
0
ARC
5
427
100
AcDbEntity
8
0
62
7.0
100
AcDbCircle
10
471.74267578125
20
209.6614807135672
40
28.0
50
45.0
51
135.0
0
LINE
5
428
100
AcDbEntity
8
0
62
7.0
100
AcDbLine
10
471.74267578125
20
209.6614807135672
11
451.94368590805
21
229.4604705868672
0
LINE
5
429
100
AcDbEntity
8
0
62
7.0
100
AcDbLine
10
491.54166565445
20
229.4604705868672
11
471.74267578125
21
209.6614807135672
0
ARC
5
42A
100
AcDbEntity
8
0
62
7.0
100
AcDbCircle
10
487.55676574639375
20
665.9088745117188
40
28.0
50
135.0
51
225.0
0
LINE
5
42B
100
AcDbEntity
8
0
62
7.0
100
AcDbLine
10
487.55676574639375
20
665.9088745117188
11
467.75777587309375
21
646.1098846385188
0
LINE
5
42C
100
AcDbEntity
8
0
62
7.0
100
AcDbLine
10
467.75777587309375
20
685.7078643849187
11
487.55676574639375
21
665.9088745117188
0
ARC
5
42D
100
AcDbEntity
8
0
62
7.0
100
AcDbCircle
10
469.63159484795625
20
951.2195434570313
40
28.0
50
135.0
51
225.0
0
LINE
5
42E
100
AcDbEntity
8
0
62
7.0
100
AcDbLine
10
469.63159484795625
20
951.2195434570313
11
449.83260497465625
21
931.4205535838313
0
LINE
5
42F
100
AcDbEntity
8
0
62
7.0
100
AcDbLine
10
449.83260497465625
20
971.0185333302312
11
469.63159484795625
21
951.2195434570313
0
ARC
5
430
100
AcDbEntity
8
0
62
7.0
100
AcDbCircle
10
467.226318359375
20
567.5693389885812
40
28.0
50
-135.0
51
-45.0
0
LINE
5
431
100
AcDbEntity
8
0
62
7.0
100
AcDbLine
10
467.226318359375
20
567.5693389885812
11
487.025308232575
21
547.7703491152813
0
LINE
5
432
100
AcDbEntity
8
0
62
7.0
100
AcDbLine
10
447.427328486175
20
547.7703491152812
11
467.226318359375
21
567.5693389885812
0
ARC
5
433
100
AcDbEntity
8
0
62
7.0
100
AcDbCircle
10
460.2259826660156
20
612.431210327825
40
28.0
50
45.0
51
135.0
0
LINE
5
434
100
AcDbEntity
8
0
62
7.0
100
AcDbLine
10
460.2259826660156
20
612.431210327825
11
440.4269927928156
21
632.230200201125
0
LINE
5
435
100
AcDbEntity
8
0
62
7.0
100
AcDbLine
10
480.02497253921564
20
632.230200201125
11
460.2259826660156
21
612.431210327825
0
ARC
5
436
100
AcDbEntity
8
0
62
7.0
100
AcDbCircle
10
469.1004302985281
20
354.191162109375
40
28.0
50
-45.0
51
45.0
0
LINE
5
437
100
AcDbEntity
8
0
62
7.0
100
AcDbLine
10
469.1004302985281
20
354.191162109375
11
488.8994201718281
21
373.990151982575
0
LINE
5
438
100
AcDbEntity
8
0
62
7.0
100
AcDbLine
10
488.8994201718281
20
334.392172236175
11
469.1004302985281
21
354.191162109375
0
ARC
5
439
100
AcDbEntity
8
0
62
7.0
100
AcDbCircle
10
484.8877258300781
20
174.91694946221406
40
28.0
50
-135.0
51
-45.0
0
LINE
5
43A
100
AcDbEntity
8
0
62
7.0
100
AcDbLine
10
484.8877258300781
20
174.91694946221406
11
504.68671570327814
21
155.11795958891406
0
LINE
5
43B
100
AcDbEntity
8
0
62
7.0
100
AcDbLine
10
465.0887359568781
20
155.11795958891406
11
484.8877258300781
21
174.91694946221406
0
ARC
5
43C
100
AcDbEntity
8
0
62
7.0
100
AcDbCircle
10
438.7123077399344
20
588.5087890625
40
28.0
50
-45.0
51
45.0
0
LINE
5
43D
100
AcDbEntity
8
0
62
7.0
100
AcDbLine
10
438.7123077399344
20
588.5087890625
11
458.5112976132344
21
608.3077789357
0
LINE
5
43E
100
AcDbEntity
8
0
62
7.0
100
AcDbLine
10
458.5112976132344
20
568.7097991893
11
438.7123077399344
21
588.5087890625
0
ARC
5
43F
100
AcDbEntity
8
0
62
7.0
100
AcDbCircle
10
449.2003448493094
20
501.5387268066406
40
28.0
50
-45.0
51
45.0
0
LINE
5
440
100
AcDbEntity
8
0
62
7.0
100
AcDbLine
10
449.2003448493094
20
501.5387268066406
11
468.9993347226094
21
521.3377166798406
0
LINE
5
441
100
AcDbEntity
8
0
62
7.0
100
AcDbLine
10
468.9993347226094
20
481.7397369334406
11
449.2003448493094
21
501.5387268066406
0
ARC
5
442
100
AcDbEntity
8
0
62
7.0
100
AcDbCircle
10
467.1132476813406
20
573.3792724609375
40
28.0
50
-45.0
51
45.0
0
LINE
5
443
100
AcDbEntity
8
0
62
7.0
100
AcDbLine
10
467.1132476813406
20
573.3792724609375
11
486.9122375546406
21
593.1782623341375
0
LINE
5
444
100
AcDbEntity
8
0
62
7.0
100
AcDbLine
10
486.9122375546406
20
553.5802825877375
11
467.1132476813406
21
573.3792724609375
0
ARC
5
445
100
AcDbEntity
8
0
62
7.0
100
AcDbCircle
10
468.3578765875906
20
435.1563720703125
40
28.0
50
-45.0
51
45.0
0
LINE
5
446
100
AcDbEntity
8
0
62
7.0
100
AcDbLine
10
468.3578765875906
20
435.1563720703125
11
488.1568664608906
21
454.9553619435125
0
LINE
5
447
100
AcDbEntity
8
0
62
7.0
100
AcDbLine
10
488.1568664608906
20
415.3573821971125
11
468.3578765875906
21
435.1563720703125
0
ARC
5
448
100
AcDbEntity
8
0
62
7.0
100
AcDbCircle
10
469.7745025641531
20
616.1773071289063
40
28.0
50
-45.0
51
45.0
0
LINE
5
449
100
AcDbEntity
8
0
62
7.0
100
AcDbLine
10
469.7745025641531
20
616.1773071289063
11
489.5734924374531
21
635.9762970021062
0
LINE
5
44A
100
AcDbEntity
8
0
62
7.0
100
AcDbLine
10
489.5734924374531
20
596.3783172557063
11
469.7745025641531
21
616.1773071289063
0
ARC
5
44B
100
AcDbEntity
8
0
62
7.0
100
AcDbCircle
10
472.0721099860281
20
478.671630859375
40
28.0
50
-45.0
51
45.0
0
LINE
5
44C
100
AcDbEntity
8
0
62
7.0
100
AcDbLine
10
472.0721099860281
20
478.671630859375
11
491.8710998593281
21
498.470620732575
0
LINE
5
44D
100
AcDbEntity
8
0
62
7.0
100
AcDbLine
10
491.8710998593281
20
458.872640986175
11
472.0721099860281
21
478.671630859375
0
ARC
5
44E
100
AcDbEntity
8
0
62
7.0
100
AcDbCircle
10
516.441348265925
20
390.9656066894531
40
28.0
50
135.0
51
225.0
0
LINE
5
44F
100
AcDbEntity
8
0
62
7.0
100
AcDbLine
10
516.441348265925
20
390.9656066894531
11
496.642358392625
21
371.1666168162531
0
LINE
5
450
100
AcDbEntity
8
0
62
7.0
100
AcDbLine
10
496.642358392625
20
410.76459656265314
11
516.441348265925
21
390.9656066894531
0
ARC
5
451
100
AcDbEntity
8
0
62
7.0
100
AcDbCircle
10
458.837158203125
20
909.411563109675
40
28.0
50
-135.0
51
-45.0
0
LINE
5
452
100
AcDbEntity
8
0
62
7.0
100
AcDbLine
10
458.837158203125
20
909.411563109675
11
478.636148076325
21
889.612573236375
0
LINE
5
453
100
AcDbEntity
8
0
62
7.0
100
AcDbLine
10
439.038168329925
20
889.6125732363749
11
458.837158203125
21
909.411563109675
0
ARC
5
454
100
AcDbEntity
8
0
62
7.0
100
AcDbCircle
10
495.4553527832031
20
57.63428192206328
40
28.0
50
45.0
51
135.0
0
LINE
5
455
100
AcDbEntity
8
0
62
7.0
100
AcDbLine
10
495.4553527832031
20
57.63428192206328
11
475.6563629100031
21
77.43327179536328
0
LINE
5
456
100
AcDbEntity
8
0
62
7.0
100
AcDbLine
10
515.2543426564031
20
77.43327179536328
11
495.4553527832031
21
57.63428192206328
0
ARC
5
457
100
AcDbEntity
8
0
62
7.0
100
AcDbCircle
10
461.468807984075
20
702.1152954101563
40
28.0
50
-45.0
51
45.0
0
LINE
5
458
100
AcDbEntity
8
0
62
7.0
100
AcDbLine
10
461.468807984075
20
702.1152954101563
11
481.267797857375
21
721.9142852833562
0
LINE
5
459
100
AcDbEntity
8
0
62
7.0
100
AcDbLine
10
481.267797857375
20
682.3163055369563
11
461.468807984075
21
702.1152954101563
0
ARC
5
45A
100
AcDbEntity
8
0
62
7.0
100
AcDbCircle
10
491.1734344475656
20
753.4985961914063
40
28.0
50
135.0
51
225.0
0
LINE
5
45B
100
AcDbEntity
8
0
62
7.0
100
AcDbLine
10
491.1734344475656
20
753.4985961914063
11
471.3744445742656
21
733.6996063182063
0
LINE
5
45C
100
AcDbEntity
8
0
62
7.0
100
AcDbLine
10
471.3744445742656
20
773.2975860646062
11
491.1734344475656
21
753.4985961914063
0
ARC
5
45D
100
AcDbEntity
8
0
62
7.0
100
AcDbCircle
10
486.1720855719656
20
130.87045288085938
40
28.0
50
-45.0
51
45.0
0
LINE
5
45E
100
AcDbEntity
8
0
62
7.0
100
AcDbLine
10
486.1720855719656
20
130.87045288085938
11
505.9710754452656
21
150.6694427540594
0
LINE
5
45F
100
AcDbEntity
8
0
62
7.0
100
AcDbLine
10
505.9710754452656
20
111.07146300765937
11
486.1720855719656
21
130.87045288085938
0
ARC
5
460
100
AcDbEntity
8
0
62
7.0
100
AcDbCircle
10
479.3935211188406
20
652.0166015625
40
28.0
50
-45.0
51
45.0
0
LINE
5
461
100
AcDbEntity
8
0
62
7.0
100
AcDbLine
10
479.3935211188406
20
652.0166015625
11
499.1925109921406
21
671.8155914357
0
LINE
5
462
100
AcDbEntity
8
0
62
7.0
100
AcDbLine
10
499.1925109921406
20
632.2176116893
11
479.3935211188406
21
652.0166015625
0
ARC
5
463
100
AcDbEntity
8
0
62
7.0
100
AcDbCircle
10
488.7244903557687
20
924.989990234375
40
28.0
50
135.0
51
225.0
0
LINE
5
464
100
AcDbEntity
8
0
62
7.0
100
AcDbLine
10
488.7244903557687
20
924.989990234375
11
468.9255004824687
21
905.191000361175
0
LINE
5
465
100
AcDbEntity
8
0
62
7.0
100
AcDbLine
10
468.9255004824687
20
944.788980107575
11
488.7244903557687
21
924.989990234375
0
ARC
5
466
100
AcDbEntity
8
0
62
7.0
100
AcDbCircle
10
506.242129515925
20
519.907470703125
40
28.0
50
135.0
51
225.0
0
LINE
5
467
100
AcDbEntity
8
0
62
7.0
100
AcDbLine
10
506.242129515925
20
519.907470703125
11
486.443139642625
21
500.108480829925
0
LINE
5
468
100
AcDbEntity
8
0
62
7.0
100
AcDbLine
10
486.443139642625
20
539.706460576325
11
506.242129515925
21
519.907470703125
0
ARC
5
469
100
AcDbEntity
8
0
62
7.0
100
AcDbCircle
10
494.4803466796875
20
751.1433746331124
40
28.0
50
-135.0
51
-45.0
0
LINE
5
46A
100
AcDbEntity
8
0
62
7.0
100
AcDbLine
10
494.4803466796875
20
751.1433746331124
11
514.2793365528875
21
731.3443847598126
0
LINE
5
46B
100
AcDbEntity
8
0
62
7.0
100
AcDbLine
10
474.6813568064875
20
731.3443847598124
11
494.4803466796875
21
751.1433746331124
0
ARC
5
46C
100
AcDbEntity
8
0
62
7.0
100
AcDbCircle
10
470.7971466071219
20
301.1656188964844
40
28.0
50
-45.0
51
45.0
0
LINE
5
46D
100
AcDbEntity
8
0
62
7.0
100
AcDbLine
10
470.7971466071219
20
301.1656188964844
11
490.5961364804219
21
320.9646087696844
0
LINE
5
46E
100
AcDbEntity
8
0
62
7.0
100
AcDbLine
10
490.5961364804219
20
281.36662902328436
11
470.7971466071219
21
301.1656188964844
0
ARC
5
46F
100
AcDbEntity
8
0
62
7.0
100
AcDbCircle
10
489.9369812011719
20
220.64523620537813
40
28.0
50
-135.0
51
-45.0
0
LINE
5
470
100
AcDbEntity
8
0
62
7.0
100
AcDbLine
10
489.9369812011719
20
220.64523620537813
11
509.7359710743719
21
200.84624633207812
0
LINE
5
471
100
AcDbEntity
8
0
62
7.0
100
AcDbLine
10
470.13799132797186
20
200.84624633207812
11
489.9369812011719
21
220.64523620537813
0
ARC
5
472
100
AcDbEntity
8
0
62
7.0
100
AcDbCircle
10
463.0419006347656
20
963.4698455817313
40
28.0
50
45.0
51
135.0
0
LINE
5
473
100
AcDbEntity
8
0
62
7.0
100
AcDbLine
10
463.0419006347656
20
963.4698455817313
11
443.2429107615656
21
983.2688354550312
0
LINE
5
474
100
AcDbEntity
8
0
62
7.0
100
AcDbLine
10
482.84089050796564
20
983.2688354550312
11
463.0419006347656
21
963.4698455817313
0
ARC
5
475
100
AcDbEntity
8
0
62
7.0
100
AcDbCircle
10
479.4131134039969
20
247.3029632568359
40
28.0
50
-45.0
51
45.0
0
LINE
5
476
100
AcDbEntity
8
0
62
7.0
100
AcDbLine
10
479.4131134039969
20
247.3029632568359
11
499.2121032772969
21
267.1019531300359
0
LINE
5
477
100
AcDbEntity
8
0
62
7.0
100
AcDbLine
10
499.2121032772969
20
227.50397338363592
11
479.4131134039969
21
247.3029632568359
0
ARC
5
478
100
AcDbEntity
8
0
62
7.0
100
AcDbCircle
10
495.9118041992187
20
25.457369614324023
40
28.0
50
45.0
51
135.0
0
LINE
5
479
100
AcDbEntity
8
0
62
7.0
100
AcDbLine
10
495.9118041992187
20
25.457369614324023
11
476.1128143260187
21
45.256359487624024
0
LINE
5
47A
100
AcDbEntity
8
0
62
7.0
100
AcDbLine
10
515.7107940724187
20
45.256359487624024
11
495.9118041992187
21
25.457369614324023
0
ARC
5
47B
100
AcDbEntity
8
0
62
7.0
100
AcDbCircle
10
471.975155640325
20
947.396484375
40
28.0
50
-45.0
51
45.0
0
LINE
5
47C
100
AcDbEntity
8
0
62
7.0
100
AcDbLine
10
471.975155640325
20
947.396484375
11
491.774145513625
21
967.1954742482
0
LINE
5
47D
100
AcDbEntity
8
0
62
7.0
100
AcDbLine
10
491.774145513625
20
927.5974945018
11
471.975155640325
21
947.396484375
0
ARC
5
47E
100
AcDbEntity
8
0
62
7.0
100
AcDbCircle
10
487.1584747321219
20
764.1251831054688
40
28.0
50
-45.0
51
45.0
0
LINE
5
47F
100
AcDbEntity
8
0
62
7.0
100
AcDbLine
10
487.1584747321219
20
764.1251831054688
11
506.9574646054219
21
783.9241729786687
0
LINE
5
480
100
AcDbEntity
8
0
62
7.0
100
AcDbLine
10
506.9574646054219
20
744.3261932322688
11
487.1584747321219
21
764.1251831054688
0
ARC
5
481
100
AcDbEntity
8
0
62
7.0
100
AcDbCircle
10
525.5263702385812
20
807.537841796875
40
28.0
50
135.0
51
225.0
0
LINE
5
482
100
AcDbEntity
8
0
62
7.0
100
AcDbLine
10
525.5263702385812
20
807.537841796875
11
505.72738036528125
21
787.738851923675
0
LINE
5
483
100
AcDbEntity
8
0
62
7.0
100
AcDbLine
10
505.72738036528125
20
827.336831670075
11
525.5263702385812
21
807.537841796875
0
ARC
5
484
100
AcDbEntity
8
0
62
7.0
100
AcDbCircle
10
529.3936187737374
20
175.48699951171875
40
28.0
50
135.0
51
225.0
0
LINE
5
485
100
AcDbEntity
8
0
62
7.0
100
AcDbLine
10
529.3936187737374
20
175.48699951171875
11
509.5946289004375
21
155.68800963851874
0
LINE
5
486
100
AcDbEntity
8
0
62
7.0
100
AcDbLine
10
509.5946289004375
20
195.28598938491876
11
529.3936187737374
21
175.48699951171875
0
ARC
5
487
100
AcDbEntity
8
0
62
7.0
100
AcDbCircle
10
471.6839263922781
20
902.2225952148438
40
28.0
50
-45.0
51
45.0
0
LINE
5
488
100
AcDbEntity
8
0
62
7.0
100
AcDbLine
10
471.6839263922781
20
902.2225952148438
11
491.4829162655781
21
922.0215850880437
0
LINE
5
489
100
AcDbEntity
8
0
62
7.0
100
AcDbLine
10
491.4829162655781
20
882.4236053416438
11
471.6839263922781
21
902.2225952148438
0
ARC
5
48A
100
AcDbEntity
8
0
62
7.0
100
AcDbCircle
10
508.1364135742187
20
347.9154388420969
40
28.0
50
-135.0
51
-45.0
0
LINE
5
48B
100
AcDbEntity
8
0
62
7.0
100
AcDbLine
10
508.1364135742187
20
347.9154388420969
11
527.9354034474187
21
328.1164489687969
0
LINE
5
48C
100
AcDbEntity
8
0
62
7.0
100
AcDbLine
10
488.3374237010187
20
328.1164489687969
11
508.1364135742187
21
347.9154388420969
0
ARC
5
48D
100
AcDbEntity
8
0
62
7.0
100
AcDbCircle
10
497.7019317633719
20
841.023193359375
40
28.0
50
-45.0
51
45.0
0
LINE
5
48E
100
AcDbEntity
8
0
62
7.0
100
AcDbLine
10
497.7019317633719
20
841.023193359375
11
517.5009216366718
21
860.822183232575
0
LINE
5
48F
100
AcDbEntity
8
0
62
7.0
100
AcDbLine
10
517.5009216366718
20
821.224203486175
11
497.7019317633719
21
841.023193359375
0
ARC
5
490
100
AcDbEntity
8
0
62
7.0
100
AcDbCircle
10
488.9511077887625
20
542.8574829101563
40
28.0
50
-45.0
51
45.0
0
LINE
5
491
100
AcDbEntity
8
0
62
7.0
100
AcDbLine
10
488.9511077887625
20
542.8574829101563
11
508.7500976620625
21
562.6564727833562
0
LINE
5
492
100
AcDbEntity
8
0
62
7.0
100
AcDbLine
10
508.7500976620625
20
523.0584930369563
11
488.9511077887625
21
542.8574829101563
0
ARC
5
493
100
AcDbEntity
8
0
62
7.0
100
AcDbCircle
10
527.7849761956124
20
425.0787963867187
40
28.0
50
135.0
51
225.0
0
LINE
5
494
100
AcDbEntity
8
0
62
7.0
100
AcDbLine
10
527.7849761956124
20
425.0787963867187
11
507.9859863223125
21
405.2798065135187
0
LINE
5
495
100
AcDbEntity
8
0
62
7.0
100
AcDbLine
10
507.9859863223125
20
444.8777862599187
11
527.7849761956124
21
425.0787963867187
0
ARC
5
496
100
AcDbEntity
8
0
62
7.0
100
AcDbCircle
10
498.6609771735281
20
884.7457885742188
40
28.0
50
-45.0
51
45.0
0
LINE
5
497
100
AcDbEntity
8
0
62
7.0
100
AcDbLine
10
498.6609771735281
20
884.7457885742188
11
518.4599670468281
21
904.5447784474187
0
LINE
5
498
100
AcDbEntity
8
0
62
7.0
100
AcDbLine
10
518.4599670468281
20
864.9467987010188
11
498.6609771735281
21
884.7457885742188
0
ARC
5
499
100
AcDbEntity
8
0
62
7.0
100
AcDbCircle
10
527.8492462151437
20
282.7098388671875
40
28.0
50
135.0
51
225.0
0
LINE
5
49A
100
AcDbEntity
8
0
62
7.0
100
AcDbLine
10
527.8492462151437
20
282.7098388671875
11
508.05025634184375
21
262.9108489939875
0
LINE
5
49B
100
AcDbEntity
8
0
62
7.0
100
AcDbLine
10
508.05025634184375
20
302.5088287403875
11
527.8492462151437
21
282.7098388671875
0
ARC
5
49C
100
AcDbEntity
8
0
62
7.0
100
AcDbCircle
10
528.4417755120187
20
921.4618530273438
40
28.0
50
135.0
51
225.0
0
LINE
5
49D
100
AcDbEntity
8
0
62
7.0
100
AcDbLine
10
528.4417755120187
20
921.4618530273438
11
508.64278563871875
21
901.6628631541438
0
LINE
5
49E
100
AcDbEntity
8
0
62
7.0
100
AcDbLine
10
508.64278563871875
20
941.2608429005437
11
528.4417755120187
21
921.4618530273438
0
ARC
5
49F
100
AcDbEntity
8
0
62
7.0
100
AcDbCircle
10
516.1577758789063
20
200.0983245856375
40
28.0
50
45.0
51
135.0
0
LINE
5
4A0
100
AcDbEntity
8
0
62
7.0
100
AcDbLine
10
516.1577758789063
20
200.0983245856375
11
496.35878600570624
21
219.8973144589375
0
LINE
5
4A1
100
AcDbEntity
8
0
62
7.0
100
AcDbLine
10
535.9567657521062
20
219.8973144589375
11
516.1577758789063
21
200.0983245856375
0
ARC
5
4A2
100
AcDbEntity
8
0
62
7.0
100
AcDbCircle
10
492.1981781012625
20
593.2793579101563
40
28.0
50
-45.0
51
45.0
0
LINE
5
4A3
100
AcDbEntity
8
0
62
7.0
100
AcDbLine
10
492.1981781012625
20
593.2793579101563
11
511.9971679745625
21
613.0783477833562
0
LINE
5
4A4
100
AcDbEntity
8
0
62
7.0
100
AcDbLine
10
511.9971679745625
20
573.4803680369563
11
492.1981781012625
21
593.2793579101563
0
ARC
5
4A5
100
AcDbEntity
8
0
62
7.0
100
AcDbCircle
10
509.60650634765625
20
667.2636077887626
40
28.0
50
45.0
51
135.0
0
LINE
5
4A6
100
AcDbEntity
8
0
62
7.0
100
AcDbLine
10
509.60650634765625
20
667.2636077887626
11
489.80751647445624
21
687.0625976620624
0
LINE
5
4A7
100
AcDbEntity
8
0
62
7.0
100
AcDbLine
10
529.4054962208562
20
687.0625976620624
11
509.60650634765625
21
667.2636077887626
0
ARC
5
4A8
100
AcDbEntity
8
0
62
7.0
100
AcDbCircle
10
530.9961578362374
20
467.3201904296875
40
28.0
50
135.0
51
225.0
0
LINE
5
4A9
100
AcDbEntity
8
0
62
7.0
100
AcDbLine
10
530.9961578362374
20
467.3201904296875
11
511.1971679629375
21
447.5212005564875
0
LINE
5
4AA
100
AcDbEntity
8
0
62
7.0
100
AcDbLine
10
511.1971679629375
20
487.1191803028875
11
530.9961578362374
21
467.3201904296875
0
ARC
5
4AB
100
AcDbEntity
8
0
62
7.0
100
AcDbCircle
10
500.0967681891531
20
23.862695693969727
40
28.0
50
-45.0
51
45.0
0
LINE
5
4AC
100
AcDbEntity
8
0
62
7.0
100
AcDbLine
10
500.0967681891531
20
23.862695693969727
11
519.8957580624531
21
43.66168556716973
0
LINE
5
4AD
100
AcDbEntity
8
0
62
7.0
100
AcDbLine
10
519.8957580624531
20
4.0637058207697265
11
500.0967681891531
21
23.862695693969727
0
ARC
5
4AE
100
AcDbEntity
8
0
62
7.0
100
AcDbCircle
10
509.4964874274344
20
258.37738037109375
40
28.0
50
-45.0
51
45.0
0
LINE
5
4AF
100
AcDbEntity
8
0
62
7.0
100
AcDbLine
10
509.4964874274344
20
258.37738037109375
11
529.2954773007343
21
278.17637024429376
0
LINE
5
4B0
100
AcDbEntity
8
0
62
7.0
100
AcDbLine
10
529.2954773007343
20
238.57839049789374
11
509.4964874274344
21
258.37738037109375
0
ARC
5
4B1
100
AcDbEntity
8
0
62
7.0
100
AcDbCircle
10
544.9783355706124
20
63.66788101196289
40
28.0
50
135.0
51
225.0
0
LINE
5
4B2
100
AcDbEntity
8
0
62
7.0
100
AcDbLine
10
544.9783355706124
20
63.66788101196289
11
525.1793456973126
21
43.86889113876289
0
LINE
5
4B3
100
AcDbEntity
8
0
62
7.0
100
AcDbLine
10
525.1793456973126
20
83.46687088516289
11
544.9783355706124
21
63.66788101196289
0
ARC
5
4B4
100
AcDbEntity
8
0
62
7.0
100
AcDbCircle
10
537.4223663323312
20
364.0815734863281
40
28.0
50
135.0
51
225.0
0
LINE
5
4B5
100
AcDbEntity
8
0
62
7.0
100
AcDbLine
10
537.4223663323312
20
364.0815734863281
11
517.6233764590313
21
344.2825836131281
0
LINE
5
4B6
100
AcDbEntity
8
0
62
7.0
100
AcDbLine
10
517.6233764590313
20
383.88056335952814
11
537.4223663323312
21
364.0815734863281
0
ARC
5
4B7
100
AcDbEntity
8
0
62
7.0
100
AcDbCircle
10
501.8595245368094
20
629.072265625
40
28.0
50
-45.0
51
45.0
0
LINE
5
4B8
100
AcDbEntity
8
0
62
7.0
100
AcDbLine
10
501.8595245368094
20
629.072265625
11
521.6585144101093
21
648.8712554982
0
LINE
5
4B9
100
AcDbEntity
8
0
62
7.0
100
AcDbLine
10
521.6585144101093
20
609.2732757518
11
501.8595245368094
21
629.072265625
0
ARC
5
4BA
100
AcDbEntity
8
0
62
7.0
100
AcDbCircle
10
514.0215454101563
20
521.73651428155
40
28.0
50
-135.0
51
-45.0
0
LINE
5
4BB
100
AcDbEntity
8
0
62
7.0
100
AcDbLine
10
514.0215454101563
20
521.73651428155
11
533.8205352833562
21
501.93752440825
0
LINE
5
4BC
100
AcDbEntity
8
0
62
7.0
100
AcDbLine
10
494.22255553695624
20
501.93752440825
11
514.0215454101563
21
521.73651428155
0
ARC
5
4BD
100
AcDbEntity
8
0
62
7.0
100
AcDbCircle
10
539.688418578425
20
103.73751068115234
40
28.0
50
135.0
51
225.0
0
LINE
5
4BE
100
AcDbEntity
8
0
62
7.0
100
AcDbLine
10
539.688418578425
20
103.73751068115234
11
519.889428705125
21
83.93852080795234
0
LINE
5
4BF
100
AcDbEntity
8
0
62
7.0
100
AcDbLine
10
519.889428705125
20
123.53650055435234
11
539.688418578425
21
103.73751068115234
0
ARC
5
4C0
100
AcDbEntity
8
0
62
7.0
100
AcDbCircle
10
521.3219604492188
20
697.2923553473563
40
28.0
50
45.0
51
135.0
0
LINE
5
4C1
100
AcDbEntity
8
0
62
7.0
100
AcDbLine
10
521.3219604492188
20
697.2923553473563
11
501.52297057601874
21
717.0913452206562
0
LINE
5
4C2
100
AcDbEntity
8
0
62
7.0
100
AcDbLine
10
541.1209503224187
20
717.0913452206562
11
521.3219604492188
21
697.2923553473563
0
ARC
5
4C3
100
AcDbEntity
8
0
62
7.0
100
AcDbCircle
10
520.7644012457938
20
908.1109008789063
40
28.0
50
-45.0
51
45.0
0
LINE
5
4C4
100
AcDbEntity
8
0
62
7.0
100
AcDbLine
10
520.7644012457938
20
908.1109008789063
11
540.5633911190937
21
927.9098907521062
0
LINE
5
4C5
100
AcDbEntity
8
0
62
7.0
100
AcDbLine
10
540.5633911190937
20
888.3119110057063
11
520.7644012457938
21
908.1109008789063
0
ARC
5
4C6
100
AcDbEntity
8
0
62
7.0
100
AcDbCircle
10
545.1867706292062
20
748.908203125
40
28.0
50
135.0
51
225.0
0
LINE
5
4C7
100
AcDbEntity
8
0
62
7.0
100
AcDbLine
10
545.1867706292062
20
748.908203125
11
525.3877807559063
21
729.1092132518
0
LINE
5
4C8
100
AcDbEntity
8
0
62
7.0
100
AcDbLine
10
525.3877807559063
20
768.7071929982
11
545.1867706292062
21
748.908203125
0
ARC
5
4C9
100
AcDbEntity
8
0
62
7.0
100
AcDbCircle
10
512.8559844977469
20
564.2158813476563
40
28.0
50
-45.0
51
45.0
0
LINE
5
4CA
100
AcDbEntity
8
0
62
7.0
100
AcDbLine
10
512.8559844977469
20
564.2158813476563
11
532.6549743710468
21
584.0148712208562
0
LINE
5
4CB
100
AcDbEntity
8
0
62
7.0
100
AcDbLine
10
532.6549743710468
20
544.4168914744563
11
512.8559844977469
21
564.2158813476563
0
ARC
5
4CC
100
AcDbEntity
8
0
62
7.0
100
AcDbCircle
10
504.9675903320313
20
959.8634613043877
40
28.0
50
45.0
51
135.0
0
LINE
5
4CD
100
AcDbEntity
8
0
62
7.0
100
AcDbLine
10
504.9675903320313
20
959.8634613043877
11
485.1686004588313
21
979.6624511776877
0
LINE
5
4CE
100
AcDbEntity
8
0
62
7.0
100
AcDbLine
10
524.7665802052313
20
979.6624511776877
11
504.9675903320313
21
959.8634613043877
0
ARC
5
4CF
100
AcDbEntity
8
0
62
7.0
100
AcDbCircle
10
544.4238922112374
20
145.0368194580078
40
28.0
50
135.0
51
225.0
0
LINE
5
4D0
100
AcDbEntity
8
0
62
7.0
100
AcDbLine
10
544.4238922112374
20
145.0368194580078
11
524.6249023379376
21
125.23782958480781
0
LINE
5
4D1
100
AcDbEntity
8
0
62
7.0
100
AcDbLine
10
524.6249023379376
20
164.83580933120783
11
544.4238922112374
21
145.0368194580078
0
ARC
5
4D2
100
AcDbEntity
8
0
62
7.0
100
AcDbCircle
10
551.0515777581124
20
663.3470458984375
40
28.0
50
135.0
51
225.0
0
LINE
5
4D3
100
AcDbEntity
8
0
62
7.0
100
AcDbLine
10
551.0515777581124
20
663.3470458984375
11
531.2525878848126
21
643.5480560252375
0
LINE
5
4D4
100
AcDbEntity
8
0
62
7.0
100
AcDbLine
10
531.2525878848126
20
683.1460357716375
11
551.0515777581124
21
663.3470458984375
0
ARC
5
4D5
100
AcDbEntity
8
0
62
7.0
100
AcDbCircle
10
511.0828521735281
20
305.1345520019531
40
28.0
50
-45.0
51
45.0
0
LINE
5
4D6
100
AcDbEntity
8
0
62
7.0
100
AcDbLine
10
511.0828521735281
20
305.1345520019531
11
530.8818420468281
21
324.93354187515314
0
LINE
5
4D7
100
AcDbEntity
8
0
62
7.0
100
AcDbLine
10
530.8818420468281
20
285.3355621287531
11
511.0828521735281
21
305.1345520019531
0
ARC
5
4D8
100
AcDbEntity
8
0
62
7.0
100
AcDbCircle
10
503.5788238532156
20
952.4220581054688
40
28.0
50
-45.0
51
45.0
0
LINE
5
4D9
100
AcDbEntity
8
0
62
7.0
100
AcDbLine
10
503.5788238532156
20
952.4220581054688
11
523.3778137265156
21
972.2210479786687
0
LINE
5
4DA
100
AcDbEntity
8
0
62
7.0
100
AcDbLine
10
523.3778137265156
20
932.6230682322688
11
503.5788238532156
21
952.4220581054688
0
ARC
5
4DB
100
AcDbEntity
8
0
62
7.0
100
AcDbCircle
10
549.0312530510812
20
397.9276123046875
40
28.0
50
135.0
51
225.0
0
LINE
5
4DC
100
AcDbEntity
8
0
62
7.0
100
AcDbLine
10
549.0312530510812
20
397.9276123046875
11
529.2322631777813
21
378.1286224314875
0
LINE
5
4DD
100
AcDbEntity
8
0
62
7.0
100
AcDbLine
10
529.2322631777813
20
417.7266021778875
11
549.0312530510812
21
397.9276123046875
0
ARC
5
4DE
100
AcDbEntity
8
0
62
7.0
100
AcDbCircle
10
561.4997589104562
20
173.4341583251953
40
28.0
50
135.0
51
225.0
0
LINE
5
4DF
100
AcDbEntity
8
0
62
7.0
100
AcDbLine
10
561.4997589104562
20
173.4341583251953
11
541.7007690371563
21
153.6351684519953
0
LINE
5
4E0
100
AcDbEntity
8
0
62
7.0
100
AcDbLine
10
541.7007690371563
20
193.23314819839533
11
561.4997589104562
21
173.4341583251953
0
ARC
5
4E1
100
AcDbEntity
8
0
62
7.0
100
AcDbCircle
10
527.6762054450126
20
40.2417106628418
40
28.0
50
-45.0
51
45.0
0
LINE
5
4E2
100
AcDbEntity
8
0
62
7.0
100
AcDbLine
10
527.6762054450126
20
40.2417106628418
11
547.4751953183124
21
60.0407005360418
0
LINE
5
4E3
100
AcDbEntity
8
0
62
7.0
100
AcDbLine
10
547.4751953183124
20
20.442720789641797
11
527.6762054450126
21
40.2417106628418
0
ARC
5
4E4
100
AcDbEntity
8
0
62
7.0
100
AcDbCircle
10
512.6881988532157
20
787.0667724609375
40
28.0
50
-45.0
51
45.0
0
LINE
5
4E5
100
AcDbEntity
8
0
62
7.0
100
AcDbLine
10
512.6881988532157
20
787.0667724609375
11
532.4871887265156
21
806.8657623341375
0
LINE
5
4E6
100
AcDbEntity
8
0
62
7.0
100
AcDbLine
10
532.4871887265156
20
767.2677825877375
11
512.6881988532157
21
787.0667724609375
0
ARC
5
4E7
100
AcDbEntity
8
0
62
7.0
100
AcDbCircle
10
557.6832305901437
20
523.337890625
40
28.0
50
135.0
51
225.0
0
LINE
5
4E8
100
AcDbEntity
8
0
62
7.0
100
AcDbLine
10
557.6832305901437
20
523.337890625
11
537.8842407168438
21
503.5389007518
0
LINE
5
4E9
100
AcDbEntity
8
0
62
7.0
100
AcDbLine
10
537.8842407168438
20
543.1368804982
11
557.6832305901437
21
523.337890625
0
ARC
5
4EA
100
AcDbEntity
8
0
62
7.0
100
AcDbCircle
10
532.738827515325
20
374.4237060546875
40
28.0
50
-45.0
51
45.0
0
LINE
5
4EB
100
AcDbEntity
8
0
62
7.0
100
AcDbLine
10
532.738827515325
20
374.4237060546875
11
552.537817388625
21
394.2226959278875
0
LINE
5
4EC
100
AcDbEntity
8
0
62
7.0
100
AcDbLine
10
552.537817388625
20
354.6247161814875
11
532.738827515325
21
374.4237060546875
0
ARC
5
4ED
100
AcDbEntity
8
0
62
7.0
100
AcDbCircle
10
557.1334259026437
20
827.400634765625
40
28.0
50
135.0
51
225.0
0
LINE
5
4EE
100
AcDbEntity
8
0
62
7.0
100
AcDbLine
10
557.1334259026437
20
827.400634765625
11
537.3344360293438
21
807.601644892425
0
LINE
5
4EF
100
AcDbEntity
8
0
62
7.0
100
AcDbLine
10
537.3344360293438
20
847.199624638825
11
557.1334259026437
21
827.400634765625
0
ARC
5
4F0
100
AcDbEntity
8
0
62
7.0
100
AcDbCircle
10
528.638241577825
20
972.352783203125
40
28.0
50
-45.0
51
45.0
0
LINE
5
4F1
100
AcDbEntity
8
0
62
7.0
100
AcDbLine
10
528.638241577825
20
972.352783203125
11
548.437231451125
21
992.151773076325
0
LINE
5
4F2
100
AcDbEntity
8
0
62
7.0
100
AcDbLine
10
548.437231451125
20
952.553793329925
11
528.638241577825
21
972.352783203125
0
ARC
5
4F3
100
AcDbEntity
8
0
62
7.0
100
AcDbCircle
10
534.1489227301688
20
729.788818359375
40
28.0
50
-45.0
51
45.0
0
LINE
5
4F4
100
AcDbEntity
8
0
62
7.0
100
AcDbLine
10
534.1489227301688
20
729.788818359375
11
553.9479126034687
21
749.587808232575
0
LINE
5
4F5
100
AcDbEntity
8
0
62
7.0
100
AcDbLine
10
553.9479126034687
20
709.989828486175
11
534.1489227301688
21
729.788818359375
0
ARC
5
4F6
100
AcDbEntity
8
0
62
7.0
100
AcDbCircle
10
537.5279541015625
20
466.4454925543875
40
28.0
50
45.0
51
135.0
0
LINE
5
4F7
100
AcDbEntity
8
0
62
7.0
100
AcDbLine
10
537.5279541015625
20
466.4454925543875
11
517.7289642283625
21
486.2444824276875
0
LINE
5
4F8
100
AcDbEntity
8
0
62
7.0
100
AcDbLine
10
557.3269439747625
20
486.2444824276875
11
537.5279541015625
21
466.4454925543875
0
ARC
5
4F9
100
AcDbEntity
8
0
62
7.0
100
AcDbCircle
10
529.2814300543876
20
232.2877960205078
40
28.0
50
-45.0
51
45.0
0
LINE
5
4FA
100
AcDbEntity
8
0
62
7.0
100
AcDbLine
10
529.2814300543876
20
232.2877960205078
11
549.0804199276874
21
252.08678589370783
0
LINE
5
4FB
100
AcDbEntity
8
0
62
7.0
100
AcDbLine
10
549.0804199276874
20
212.4888061473078
11
529.2814300543876
21
232.2877960205078
0
ARC
5
4FC
100
AcDbEntity
8
0
62
7.0
100
AcDbCircle
10
518.871151734075
20
439.6502990722656
40
28.0
50
-45.0
51
45.0
0
LINE
5
4FD
100
AcDbEntity
8
0
62
7.0
100
AcDbLine
10
518.871151734075
20
439.6502990722656
11
538.670141607375
21
459.44928894546564
0
LINE
5
4FE
100
AcDbEntity
8
0
62
7.0
100
AcDbLine
10
538.670141607375
20
419.8513091990656
11
518.871151734075
21
439.6502990722656
0
ARC
5
4FF
100
AcDbEntity
8
0
62
7.0
100
AcDbCircle
10
527.1903656012626
20
121.89387512207033
40
28.0
50
-45.0
51
45.0
0
LINE
5
500
100
AcDbEntity
8
0
62
7.0
100
AcDbLine
10
527.1903656012626
20
121.89387512207033
11
546.9893554745624
21
141.69286499527033
0
LINE
5
501
100
AcDbEntity
8
0
62
7.0
100
AcDbLine
10
546.9893554745624
20
102.09488524887033
11
527.1903656012626
21
121.89387512207033
0
ARC
5
502
100
AcDbEntity
8
0
62
7.0
100
AcDbCircle
10
544.4352386481376
20
150.69932556152344
40
28.0
50
-45.0
51
45.0
0
LINE
5
503
100
AcDbEntity
8
0
62
7.0
100
AcDbLine
10
544.4352386481376
20
150.69932556152344
11
564.2342285214374
21
170.49831543472345
0
LINE
5
504
100
AcDbEntity
8
0
62
7.0
100
AcDbLine
10
564.2342285214374
20
130.90033568832342
11
544.4352386481376
21
150.69932556152344
0
ARC
5
505
100
AcDbEntity
8
0
62
7.0
100
AcDbCircle
10
541.5373504645438
20
199.05355834960935
40
28.0
50
-45.0
51
45.0
0
LINE
5
506
100
AcDbEntity
8
0
62
7.0
100
AcDbLine
10
541.5373504645438
20
199.05355834960935
11
561.3363403378437
21
218.85254822280933
0
LINE
5
507
100
AcDbEntity
8
0
62
7.0
100
AcDbLine
10
561.3363403378437
20
179.25456847640936
11
541.5373504645438
21
199.05355834960935
0
ARC
5
508
100
AcDbEntity
8
0
62
7.0
100
AcDbCircle
10
572.0406524651437
20
554.442138671875
40
28.0
50
135.0
51
225.0
0
LINE
5
509
100
AcDbEntity
8
0
62
7.0
100
AcDbLine
10
572.0406524651437
20
554.442138671875
11
552.2416625918438
21
534.643148798675
0
LINE
5
50A
100
AcDbEntity
8
0
62
7.0
100
AcDbLine
10
552.2416625918438
20
574.241128545075
11
572.0406524651437
21
554.442138671875
0
ARC
5
50B
100
AcDbEntity
8
0
62
7.0
100
AcDbCircle
10
570.775332640925
20
772.1000366210938
40
28.0
50
135.0
51
225.0
0
LINE
5
50C
100
AcDbEntity
8
0
62
7.0
100
AcDbLine
10
570.775332640925
20
772.1000366210938
11
550.976342767625
21
752.3010467478938
0
LINE
5
50D
100
AcDbEntity
8
0
62
7.0
100
AcDbLine
10
550.976342767625
20
791.8990264942937
11
570.775332640925
21
772.1000366210938
0
ARC
5
50E
100
AcDbEntity
8
0
62
7.0
100
AcDbCircle
10
532.5949676520438
20
81.70846557617188
40
28.0
50
-45.0
51
45.0
0
LINE
5
50F
100
AcDbEntity
8
0
62
7.0
100
AcDbLine
10
532.5949676520438
20
81.70846557617188
11
552.3939575253437
21
101.50745544937188
0
LINE
5
510
100
AcDbEntity
8
0
62
7.0
100
AcDbLine
10
552.3939575253437
20
61.909475702971875
11
532.5949676520438
21
81.70846557617188
0
ARC
5
511
100
AcDbEntity
8
0
62
7.0
100
AcDbCircle
10
566.3728057854562
20
277.2502746582031
40
28.0
50
135.0
51
225.0
0
LINE
5
512
100
AcDbEntity
8
0
62
7.0
100
AcDbLine
10
566.3728057854562
20
277.2502746582031
11
546.5738159121563
21
257.4512847850031
0
LINE
5
513
100
AcDbEntity
8
0
62
7.0
100
AcDbLine
10
546.5738159121563
20
297.04926453140314
11
566.3728057854562
21
277.2502746582031
0
ARC
5
514
100
AcDbEntity
8
0
62
7.0
100
AcDbCircle
10
540.4349365234375
20
321.2769439704031
40
28.0
50
45.0
51
135.0
0
LINE
5
515
100
AcDbEntity
8
0
62
7.0
100
AcDbLine
10
540.4349365234375
20
321.2769439704031
11
520.6359466502375
21
341.0759338437031
0
LINE
5
516
100
AcDbEntity
8
0
62
7.0
100
AcDbLine
10
560.2339263966375
20
341.0759338437031
11
540.4349365234375
21
321.2769439704031
0
ARC
5
517
100
AcDbEntity
8
0
62
7.0
100
AcDbCircle
10
574.3705444335938
20
85.39960174628203
40
28.0
50
45.0
51
135.0
0
LINE
5
518
100
AcDbEntity
8
0
62
7.0
100
AcDbLine
10
574.3705444335938
20
85.39960174628203
11
554.5715545603938
21
105.19859161958203
0
LINE
5
519
100
AcDbEntity
8
0
62
7.0
100
AcDbLine
10
594.1695343067937
20
105.19859161958203
11
574.3705444335938
21
85.39960174628203
0
ARC
5
51A
100
AcDbEntity
8
0
62
7.0
100
AcDbCircle
10
541.3290985114188
20
315.7265625
40
28.0
50
-45.0
51
45.0
0
LINE
5
51B
100
AcDbEntity
8
0
62
7.0
100
AcDbLine
10
541.3290985114188
20
315.7265625
11
561.1280883847187
21
335.5255523732
0
LINE
5
51C
100
AcDbEntity
8
0
62
7.0
100
AcDbLine
10
561.1280883847187
20
295.9275726268
11
541.3290985114188
21
315.7265625
0
ARC
5
51D
100
AcDbEntity
8
0
62
7.0
100
AcDbCircle
10
574.2685546875
20
77.72751922539766
40
28.0
50
-135.0
51
-45.0
0
LINE
5
51E
100
AcDbEntity
8
0
62
7.0
100
AcDbLine
10
574.2685546875
20
77.72751922539766
11
594.0675445607
21
57.928529352097655
0
LINE
5
51F
100
AcDbEntity
8
0
62
7.0
100
AcDbLine
10
554.4695648143
20
57.928529352097655
11
574.2685546875
21
77.72751922539766
0
ARC
5
520
100
AcDbEntity
8
0
62
7.0
100
AcDbCircle
10
556.8430816643624
20
605.1162719726563
40
28.0
50
135.0
51
225.0
0
LINE
5
521
100
AcDbEntity
8
0
62
7.0
100
AcDbLine
10
556.8430816643624
20
605.1162719726563
11
537.0440917910626
21
585.3172820994563
0
LINE
5
522
100
AcDbEntity
8
0
62
7.0
100
AcDbLine
10
537.0440917910626
20
624.9152618458562
11
556.8430816643624
21
605.1162719726563
0
ARC
5
523
100
AcDbEntity
8
0
62
7.0
100
AcDbCircle
10
580.4407958984375
20
205.6022308356375
40
28.0
50
45.0
51
135.0
0
LINE
5
524
100
AcDbEntity
8
0
62
7.0
100
AcDbLine
10
580.4407958984375
20
205.6022308356375
11
560.6418060252375
21
225.4012207089375
0
LINE
5
525
100
AcDbEntity
8
0
62
7.0
100
AcDbLine
10
600.2397857716375
20
225.4012207089375
11
580.4407958984375
21
205.6022308356375
0
ARC
5
526
100
AcDbEntity
8
0
62
7.0
100
AcDbCircle
10
575.0872802734375
20
4.143816757878711
40
28.0
50
45.0
51
135.0
0
LINE
5
527
100
AcDbEntity
8
0
62
7.0
100
AcDbLine
10
575.0872802734375
20
4.143816757878711
11
555.2882904002375
21
23.942806631178712
0
LINE
5
528
100
AcDbEntity
8
0
62
7.0
100
AcDbLine
10
594.8862701466375
20
23.942806631178712
11
575.0872802734375
21
4.143816757878711
0
ARC
5
529
100
AcDbEntity
8
0
62
7.0
100
AcDbCircle
10
550.9169891364188
20
256.1091003417969
40
28.0
50
-45.0
51
45.0
0
LINE
5
52A
100
AcDbEntity
8
0
62
7.0
100
AcDbLine
10
550.9169891364188
20
256.1091003417969
11
570.7159790097187
21
275.9080902149969
0
LINE
5
52B
100
AcDbEntity
8
0
62
7.0
100
AcDbLine
10
570.7159790097187
20
236.31011046859686
11
550.9169891364188
21
256.1091003417969
0
ARC
5
52C
100
AcDbEntity
8
0
62
7.0
100
AcDbCircle
10
584.3837280273438
20
156.21435241766875
40
28.0
50
45.0
51
135.0
0
LINE
5
52D
100
AcDbEntity
8
0
62
7.0
100
AcDbLine
10
584.3837280273438
20
156.21435241766875
11
564.5847381541438
21
176.01334229096875
0
LINE
5
52E
100
AcDbEntity
8
0
62
7.0
100
AcDbLine
10
604.1827179005437
20
176.01334229096875
11
584.3837280273438
21
156.21435241766875
0
ARC
5
52F
100
AcDbEntity
8
0
62
7.0
100
AcDbCircle
10
595.4566650390625
20
141.55664367608125
40
28.0
50
-135.0
51
-45.0
0
LINE
5
530
100
AcDbEntity
8
0
62
7.0
100
AcDbLine
10
595.4566650390625
20
141.55664367608125
11
615.2556549122625
21
121.75765380278125
0
LINE
5
531
100
AcDbEntity
8
0
62
7.0
100
AcDbLine
10
575.6576751658625
20
121.75765380278125
11
595.4566650390625
21
141.55664367608125
0
ARC
5
532
100
AcDbEntity
8
0
62
7.0
100
AcDbCircle
10
595.9635620117188
20
101.27043456963594
40
28.0
50
-135.0
51
-45.0
0
LINE
5
533
100
AcDbEntity
8
0
62
7.0
100
AcDbLine
10
595.9635620117188
20
101.27043456963594
11
615.7625518849187
21
81.47144469633594
0
LINE
5
534
100
AcDbEntity
8
0
62
7.0
100
AcDbLine
10
576.1645721385188
20
81.47144469633594
11
595.9635620117188
21
101.27043456963594
0
ARC
5
535
100
AcDbEntity
8
0
62
7.0
100
AcDbCircle
10
561.703182984075
20
290.77471923828125
40
28.0
50
-45.0
51
45.0
0
LINE
5
536
100
AcDbEntity
8
0
62
7.0
100
AcDbLine
10
561.703182984075
20
290.77471923828125
11
581.502172857375
21
310.57370911148126
0
LINE
5
537
100
AcDbEntity
8
0
62
7.0
100
AcDbLine
10
581.502172857375
20
270.97572936508124
11
561.703182984075
21
290.77471923828125
0
ARC
5
538
100
AcDbEntity
8
0
62
7.0
100
AcDbCircle
10
577.9104614257813
20
329.1159942633719
40
28.0
50
45.0
51
135.0
0
LINE
5
539
100
AcDbEntity
8
0
62
7.0
100
AcDbLine
10
577.9104614257813
20
329.1159942633719
11
558.1114715525813
21
348.9149841366719
0
LINE
5
53A
100
AcDbEntity
8
0
62
7.0
100
AcDbLine
10
597.7094512989812
20
348.9149841366719
11
577.9104614257813
21
329.1159942633719
0
ARC
5
53B
100
AcDbEntity
8
0
62
7.0
100
AcDbCircle
10
532.5023773200126
20
638.4296264648438
40
28.0
50
-45.0
51
45.0
0
LINE
5
53C
100
AcDbEntity
8
0
62
7.0
100
AcDbLine
10
532.5023773200126
20
638.4296264648438
11
552.3013671933124
21
658.2286163380437
0
LINE
5
53D
100
AcDbEntity
8
0
62
7.0
100
AcDbLine
10
552.3013671933124
20
618.6306365916438
11
532.5023773200126
21
638.4296264648438
0
ARC
5
53E
100
AcDbEntity
8
0
62
7.0
100
AcDbCircle
10
608.5967407226563
20
31.972785186091016
40
28.0
50
-135.0
51
-45.0
0
LINE
5
53F
100
AcDbEntity
8
0
62
7.0
100
AcDbLine
10
608.5967407226563
20
31.972785186091016
11
628.3957305958562
21
12.173795312791018
0
LINE
5
540
100
AcDbEntity
8
0
62
7.0
100
AcDbLine
10
588.7977508494563
20
12.173795312791011
11
608.5967407226563
21
31.972785186091016
0
ARC
5
541
100
AcDbEntity
8
0
62
7.0
100
AcDbCircle
10
588.6293975823312
20
514.3209838867188
40
28.0
50
135.0
51
225.0
0
LINE
5
542
100
AcDbEntity
8
0
62
7.0
100
AcDbLine
10
588.6293975823312
20
514.3209838867188
11
568.8304077090313
21
494.52199401351874
0
LINE
5
543
100
AcDbEntity
8
0
62
7.0
100
AcDbLine
10
568.8304077090313
20
534.1199737599187
11
588.6293975823312
21
514.3209838867188
0
ARC
5
544
100
AcDbEntity
8
0
62
7.0
100
AcDbCircle
10
546.1110229492188
20
676.0710418707938
40
28.0
50
45.0
51
135.0
0
LINE
5
545
100
AcDbEntity
8
0
62
7.0
100
AcDbLine
10
546.1110229492188
20
676.0710418707938
11
526.3120330760188
21
695.8700317440937
0
LINE
5
546
100
AcDbEntity
8
0
62
7.0
100
AcDbLine
10
565.9100128224187
20
695.8700317440937
11
546.1110229492188
21
676.0710418707938
0
ARC
5
547
100
AcDbEntity
8
0
62
7.0
100
AcDbCircle
10
583.196347046575
20
248.16004943847656
40
28.0
50
-45.0
51
45.0
0
LINE
5
548
100
AcDbEntity
8
0
62
7.0
100
AcDbLine
10
583.196347046575
20
248.16004943847656
11
602.995336919875
21
267.9590393116766
0
LINE
5
549
100
AcDbEntity
8
0
62
7.0
100
AcDbLine
10
602.995336919875
20
228.36105956527655
11
583.196347046575
21
248.16004943847656
0
ARC
5
54A
100
AcDbEntity
8
0
62
7.0
100
AcDbCircle
10
595.4745452887626
20
50.75542068481445
40
28.0
50
-45.0
51
45.0
0
LINE
5
54B
100
AcDbEntity
8
0
62
7.0
100
AcDbLine
10
595.4745452887626
20
50.75542068481445
11
615.2735351620624
21
70.55441055801445
0
LINE
5
54C
100
AcDbEntity
8
0
62
7.0
100
AcDbLine
10
615.2735351620624
20
30.956430811614453
11
595.4745452887626
21
50.75542068481445
0
ARC
5
54D
100
AcDbEntity
8
0
62
7.0
100
AcDbCircle
10
576.2176483161063
20
321.7125549316406
40
28.0
50
-45.0
51
45.0
0
LINE
5
54E
100
AcDbEntity
8
0
62
7.0
100
AcDbLine
10
576.2176483161063
20
321.7125549316406
11
596.0166381894062
21
341.51154480484064
0
LINE
5
54F
100
AcDbEntity
8
0
62
7.0
100
AcDbLine
10
596.0166381894062
20
301.9135650584406
11
576.2176483161063
21
321.7125549316406
0
ARC
5
550
100
AcDbEntity
8
0
62
7.0
100
AcDbCircle
10
622.5145294182687
20
202.36456298828125
40
28.0
50
135.0
51
225.0
0
LINE
5
551
100
AcDbEntity
8
0
62
7.0
100
AcDbLine
10
622.5145294182687
20
202.36456298828125
11
602.7155395449688
21
182.56557311508124
0
LINE
5
552
100
AcDbEntity
8
0
62
7.0
100
AcDbLine
10
602.7155395449688
20
222.16355286148126
11
622.5145294182687
21
202.36456298828125
0
ARC
5
553
100
AcDbEntity
8
0
62
7.0
100
AcDbCircle
10
611.2305908203125
20
131.4425628668875
40
28.0
50
45.0
51
135.0
0
LINE
5
554
100
AcDbEntity
8
0
62
7.0
100
AcDbLine
10
611.2305908203125
20
131.4425628668875
11
591.4316009471125
21
151.2415527401875
0
LINE
5
555
100
AcDbEntity
8
0
62
7.0
100
AcDbLine
10
631.0295806935125
20
151.2415527401875
11
611.2305908203125
21
131.4425628668875
0
ARC
5
556
100
AcDbEntity
8
0
62
7.0
100
AcDbCircle
10
584.0306426995187
20
587.9086303710938
40
28.0
50
135.0
51
225.0
0
LINE
5
557
100
AcDbEntity
8
0
62
7.0
100
AcDbLine
10
584.0306426995187
20
587.9086303710938
11
564.2316528262188
21
568.1096404978938
0
LINE
5
558
100
AcDbEntity
8
0
62
7.0
100
AcDbLine
10
564.2316528262188
20
607.7076202442937
11
584.0306426995187
21
587.9086303710938
0
ARC
5
559
100
AcDbEntity
8
0
62
7.0
100
AcDbCircle
10
602.9871246331124
20
545.437744140625
40
28.0
50
135.0
51
225.0
0
LINE
5
55A
100
AcDbEntity
8
0
62
7.0
100
AcDbLine
10
602.9871246331124
20
545.437744140625
11
583.1881347598126
21
525.638754267425
0
LINE
5
55B
100
AcDbEntity
8
0
62
7.0
100
AcDbLine
10
583.1881347598126
20
565.236734013825
11
602.9871246331124
21
545.437744140625
0
ARC
5
55C
100
AcDbEntity
8
0
62
7.0
100
AcDbCircle
10
542.562557984075
20
805.971435546875
40
28.0
50
-45.0
51
45.0
0
LINE
5
55D
100
AcDbEntity
8
0
62
7.0
100
AcDbLine
10
542.562557984075
20
805.971435546875
11
562.361547857375
21
825.770425420075
0
LINE
5
55E
100
AcDbEntity
8
0
62
7.0
100
AcDbLine
10
562.361547857375
20
786.172445673675
11
542.562557984075
21
805.971435546875
0
ARC
5
55F
100
AcDbEntity
8
0
62
7.0
100
AcDbCircle
10
612.7786865234375
20
264.03027038641875
40
28.0
50
45.0
51
135.0
0
LINE
5
560
100
AcDbEntity
8
0
62
7.0
100
AcDbLine
10
612.7786865234375
20
264.03027038641875
11
592.9796966502375
21
283.82926025971875
0
LINE
5
561
100
AcDbEntity
8
0
62
7.0
100
AcDbLine
10
632.5776763966375
20
283.82926025971875
11
612.7786865234375
21
264.03027038641875
0
ARC
5
562
100
AcDbEntity
8
0
62
7.0
100
AcDbCircle
10
547.888241577825
20
672.1785888671875
40
28.0
50
-45.0
51
45.0
0
LINE
5
563
100
AcDbEntity
8
0
62
7.0
100
AcDbLine
10
547.888241577825
20
672.1785888671875
11
567.687231451125
21
691.9775787403875
0
LINE
5
564
100
AcDbEntity
8
0
62
7.0
100
AcDbLine
10
567.687231451125
20
652.3795989939875
11
547.888241577825
21
672.1785888671875
0
ARC
5
565
100
AcDbEntity
8
0
62
7.0
100
AcDbCircle
10
544.302734375
20
845.8908660895438
40
28.0
50
45.0
51
135.0
0
LINE
5
566
100
AcDbEntity
8
0
62
7.0
100
AcDbLine
10
544.302734375
20
845.8908660895438
11
524.5037445018
21
865.6898559628437
0
LINE
5
567
100
AcDbEntity
8
0
62
7.0
100
AcDbLine
10
564.1017242482
20
865.6898559628437
11
544.302734375
21
845.8908660895438
0
ARC
5
568
100
AcDbEntity
8
0
62
7.0
100
AcDbCircle
10
578.461669921875
20
599.136776734075
40
28.0
50
45.0
51
135.0
0
LINE
5
569
100
AcDbEntity
8
0
62
7.0
100
AcDbLine
10
578.461669921875
20
599.136776734075
11
558.662680048675
21
618.935766607375
0
LINE
5
56A
100
AcDbEntity
8
0
62
7.0
100
AcDbLine
10
598.260659795075
20
618.935766607375
11
578.461669921875
21
599.136776734075
0
ARC
5
56B
100
AcDbEntity
8
0
62
7.0
100
AcDbCircle
10
576.91845703125
20
732.470761109075
40
28.0
50
45.0
51
135.0
0
LINE
5
56C
100
AcDbEntity
8
0
62
7.0
100
AcDbLine
10
576.91845703125
20
732.470761109075
11
557.11946715805
21
752.269750982375
0
LINE
5
56D
100
AcDbEntity
8
0
62
7.0
100
AcDbLine
10
596.71744690445
20
752.269750982375
11
576.91845703125
21
732.470761109075
0
ARC
5
56E
100
AcDbEntity
8
0
62
7.0
100
AcDbCircle
10
597.6615600585938
20
385.7064239495187
40
28.0
50
-135.0
51
-45.0
0
LINE
5
56F
100
AcDbEntity
8
0
62
7.0
100
AcDbLine
10
597.6615600585938
20
385.7064239495187
11
617.4605499317937
21
365.9074340762187
0
LINE
5
570
100
AcDbEntity
8
0
62
7.0
100
AcDbLine
10
577.8625701853938
20
365.9074340762187
11
597.6615600585938
21
385.7064239495187
0
ARC
5
571
100
AcDbEntity
8
0
62
7.0
100
AcDbCircle
10
601.6197479254813
20
101.27446746826172
40
28.0
50
-45.0
51
45.0
0
LINE
5
572
100
AcDbEntity
8
0
62
7.0
100
AcDbLine
10
601.6197479254813
20
101.27446746826172
11
621.4187377987812
21
121.07345734146172
0
LINE
5
573
100
AcDbEntity
8
0
62
7.0
100
AcDbLine
10
621.4187377987812
20
81.47547759506172
11
601.6197479254813
21
101.27446746826172
0
ARC
5
574
100
AcDbEntity
8
0
62
7.0
100
AcDbCircle
10
538.0798309332938
20
936.2515869140624
40
28.0
50
-45.0
51
45.0
0
LINE
5
575
100
AcDbEntity
8
0
62
7.0
100
AcDbLine
10
538.0798309332938
20
936.2515869140624
11
557.8788208065937
21
956.0505767872623
0
LINE
5
576
100
AcDbEntity
8
0
62
7.0
100
AcDbLine
10
557.8788208065937
20
916.4525970408624
11
538.0798309332938
21
936.2515869140624
0
ARC
5
577
100
AcDbEntity
8
0
62
7.0
100
AcDbCircle
10
586.0395477301688
20
522.5704345703125
40
28.0
50
-45.0
51
45.0
0
LINE
5
578
100
AcDbEntity
8
0
62
7.0
100
AcDbLine
10
586.0395477301688
20
522.5704345703125
11
605.8385376034687
21
542.3694244435125
0
LINE
5
579
100
AcDbEntity
8
0
62
7.0
100
AcDbLine
10
605.8385376034687
20
502.7714446971125
11
586.0395477301688
21
522.5704345703125
0
ARC
5
57A
100
AcDbEntity
8
0
62
7.0
100
AcDbCircle
10
549.0403411872
20
844.9579467773438
40
28.0
50
-45.0
51
45.0
0
LINE
5
57B
100
AcDbEntity
8
0
62
7.0
100
AcDbLine
10
549.0403411872
20
844.9579467773438
11
568.8393310605
21
864.7569366505437
0
LINE
5
57C
100
AcDbEntity
8
0
62
7.0
100
AcDbLine
10
568.8393310605
20
825.1589569041438
11
549.0403411872
21
844.9579467773438
0
ARC
5
57D
100
AcDbEntity
8
0
62
7.0
100
AcDbCircle
10
580.1665069573312
20
893.4339599609375
40
28.0
50
135.0
51
225.0
0
LINE
5
57E
100
AcDbEntity
8
0
62
7.0
100
AcDbLine
10
580.1665069573312
20
893.4339599609375
11
560.3675170840313
21
873.6349700877375
0
LINE
5
57F
100
AcDbEntity
8
0
62
7.0
100
AcDbLine
10
560.3675170840313
20
913.2329498341375
11
580.1665069573312
21
893.4339599609375
0
ARC
5
580
100
AcDbEntity
8
0
62
7.0
100
AcDbCircle
10
618.226620484075
20
130.12657165527344
40
28.0
50
-45.0
51
45.0
0
LINE
5
581
100
AcDbEntity
8
0
62
7.0
100
AcDbLine
10
618.226620484075
20
130.12657165527344
11
638.025610357375
21
149.92556152847345
0
LINE
5
582
100
AcDbEntity
8
0
62
7.0
100
AcDbLine
10
638.025610357375
20
110.32758178207344
11
618.226620484075
21
130.12657165527344
0
ARC
5
583
100
AcDbEntity
8
0
62
7.0
100
AcDbCircle
10
640.3131134026437
20
230.0182952880859
40
28.0
50
135.0
51
225.0
0
LINE
5
584
100
AcDbEntity
8
0
62
7.0
100
AcDbLine
10
640.3131134026437
20
230.0182952880859
11
620.5141235293438
21
210.21930541488592
0
LINE
5
585
100
AcDbEntity
8
0
62
7.0
100
AcDbLine
10
620.5141235293438
20
249.8172851612859
11
640.3131134026437
21
230.0182952880859
0
ARC
5
586
100
AcDbEntity
8
0
62
7.0
100
AcDbCircle
10
577.9514129645438
20
576.1708374023438
40
28.0
50
-45.0
51
45.0
0
LINE
5
587
100
AcDbEntity
8
0
62
7.0
100
AcDbLine
10
577.9514129645438
20
576.1708374023438
11
597.7504028378437
21
595.9698272755437
0
LINE
5
588
100
AcDbEntity
8
0
62
7.0
100
AcDbLine
10
597.7504028378437
20
556.3718475291438
11
577.9514129645438
21
576.1708374023438
0
ARC
5
589
100
AcDbEntity
8
0
62
7.0
100
AcDbCircle
10
603.8746368401437
20
650.5825805664063
40
28.0
50
135.0
51
225.0
0
LINE
5
58A
100
AcDbEntity
8
0
62
7.0
100
AcDbLine
10
603.8746368401437
20
650.5825805664063
11
584.0756469668438
21
630.7835906932063
0
LINE
5
58B
100
AcDbEntity
8
0
62
7.0
100
AcDbLine
10
584.0756469668438
20
670.3815704396062
11
603.8746368401437
21
650.5825805664063
0
ARC
5
58C
100
AcDbEntity
8
0
62
7.0
100
AcDbCircle
10
653.0524322503
20
32.588924407958984
40
28.0
50
135.0
51
225.0
0
LINE
5
58D
100
AcDbEntity
8
0
62
7.0
100
AcDbLine
10
653.0524322503
20
32.588924407958984
11
633.253442377
21
12.789934534758984
0
LINE
5
58E
100
AcDbEntity
8
0
62
7.0
100
AcDbLine
10
633.253442377
20
52.387914281158984
11
653.0524322503
21
32.588924407958984
0
ARC
5
58F
100
AcDbEntity
8
0
62
7.0
100
AcDbCircle
10
563.103573609075
20
916.1558227539063
40
28.0
50
-45.0
51
45.0
0
LINE
5
590
100
AcDbEntity
8
0
62
7.0
100
AcDbLine
10
563.103573609075
20
916.1558227539063
11
582.902563482375
21
935.9548126271062
0
LINE
5
591
100
AcDbEntity
8
0
62
7.0
100
AcDbLine
10
582.902563482375
20
896.3568328807063
11
563.103573609075
21
916.1558227539063
0
ARC
5
592
100
AcDbEntity
8
0
62
7.0
100
AcDbCircle
10
578.3707275390625
20
689.1352508551688
40
28.0
50
45.0
51
135.0
0
LINE
5
593
100
AcDbEntity
8
0
62
7.0
100
AcDbLine
10
578.3707275390625
20
689.1352508551688
11
558.5717376658625
21
708.9342407284687
0
LINE
5
594
100
AcDbEntity
8
0
62
7.0
100
AcDbLine
10
598.1697174122625
20
708.9342407284687
11
578.3707275390625
21
689.1352508551688
0
ARC
5
595
100
AcDbEntity
8
0
62
7.0
100
AcDbCircle
10
619.2722137457938
20
256.7221984863281
40
28.0
50
-45.0
51
45.0
0
LINE
5
596
100
AcDbEntity
8
0
62
7.0
100
AcDbLine
10
619.2722137457938
20
256.7221984863281
11
639.0712036190937
21
276.52118835952814
0
LINE
5
597
100
AcDbEntity
8
0
62
7.0
100
AcDbLine
10
639.0712036190937
20
236.9232086131281
11
619.2722137457938
21
256.7221984863281
0
ARC
5
598
100
AcDbEntity
8
0
62
7.0
100
AcDbCircle
10
597.8370361328125
20
663.1324432379813
40
28.0
50
45.0
51
135.0
0
LINE
5
599
100
AcDbEntity
8
0
62
7.0
100
AcDbLine
10
597.8370361328125
20
663.1324432379813
11
578.0380462596125
21
682.9314331112812
0
LINE
5
59A
100
AcDbEntity
8
0
62
7.0
100
AcDbLine
10
617.6360260060125
20
682.9314331112812
11
597.8370361328125
21
663.1324432379813
0
ARC
5
59B
100
AcDbEntity
8
0
62
7.0
100
AcDbCircle
10
585.4317016601563
20
763.5736053473563
40
28.0
50
45.0
51
135.0
0
LINE
5
59C
100
AcDbEntity
8
0
62
7.0
100
AcDbLine
10
585.4317016601563
20
763.5736053473563
11
565.6327117869563
21
783.3725952206562
0
LINE
5
59D
100
AcDbEntity
8
0
62
7.0
100
AcDbLine
10
605.2306915333562
20
783.3725952206562
11
585.4317016601563
21
763.5736053473563
0
ARC
5
59E
100
AcDbEntity
8
0
62
7.0
100
AcDbCircle
10
625.7788696289063
20
160.17751770087187
40
28.0
50
45.0
51
135.0
0
LINE
5
59F
100
AcDbEntity
8
0
62
7.0
100
AcDbLine
10
625.7788696289063
20
160.17751770087187
11
605.9798797557063
21
179.97650757417188
0
LINE
5
5A0
100
AcDbEntity
8
0
62
7.0
100
AcDbLine
10
645.5778595021062
20
179.97650757417188
11
625.7788696289063
21
160.17751770087187
0
ARC
5
5A1
100
AcDbEntity
8
0
62
7.0
100
AcDbCircle
10
601.707949828425
20
815.9371948242188
40
28.0
50
135.0
51
225.0
0
LINE
5
5A2
100
AcDbEntity
8
0
62
7.0
100
AcDbLine
10
601.707949828425
20
815.9371948242188
11
581.908959955125
21
796.1382049510188
0
LINE
5
5A3
100
AcDbEntity
8
0
62
7.0
100
AcDbLine
10
581.908959955125
20
835.7361846974187
11
601.707949828425
21
815.9371948242188
0
ARC
5
5A4
100
AcDbEntity
8
0
62
7.0
100
AcDbCircle
10
585.2818603515625
20
892.2819244378
40
28.0
50
-135.0
51
-45.0
0
LINE
5
5A5
100
AcDbEntity
8
0
62
7.0
100
AcDbLine
10
585.2818603515625
20
892.2819244378
11
605.0808502247625
21
872.4829345645
0
LINE
5
5A6
100
AcDbEntity
8
0
62
7.0
100
AcDbLine
10
565.4828704783625
20
872.4829345644999
11
585.2818603515625
21
892.2819244378
0
ARC
5
5A7
100
AcDbEntity
8
0
62
7.0
100
AcDbCircle
10
610.5266723632813
20
625.3193389885812
40
28.0
50
-135.0
51
-45.0
0
LINE
5
5A8
100
AcDbEntity
8
0
62
7.0
100
AcDbLine
10
610.5266723632813
20
625.3193389885812
11
630.3256622364812
21
605.5203491152813
0
LINE
5
5A9
100
AcDbEntity
8
0
62
7.0
100
AcDbLine
10
590.7276824900813
20
605.5203491152812
11
610.5266723632813
21
625.3193389885812
0
ARC
5
5AA
100
AcDbEntity
8
0
62
7.0
100
AcDbCircle
10
558.9638031012626
20
960.8274536132813
40
28.0
50
-45.0
51
45.0
0
LINE
5
5AB
100
AcDbEntity
8
0
62
7.0
100
AcDbLine
10
558.9638031012626
20
960.8274536132813
11
578.7627929745624
21
980.6264434864812
0
LINE
5
5AC
100
AcDbEntity
8
0
62
7.0
100
AcDbLine
10
578.7627929745624
20
941.0284637400813
11
558.9638031012626
21
960.8274536132813
0
ARC
5
5AD
100
AcDbEntity
8
0
62
7.0
100
AcDbCircle
10
618.8336791992188
20
324.55334167548125
40
28.0
50
45.0
51
135.0
0
LINE
5
5AE
100
AcDbEntity
8
0
62
7.0
100
AcDbLine
10
618.8336791992188
20
324.55334167548125
11
599.0346893260188
21
344.35233154878125
0
LINE
5
5AF
100
AcDbEntity
8
0
62
7.0
100
AcDbLine
10
638.6326690724187
20
344.35233154878125
11
618.8336791992188
21
324.55334167548125
0
ARC
5
5B0
100
AcDbEntity
8
0
62
7.0
100
AcDbCircle
10
657.3875152581124
20
73.70530700683594
40
28.0
50
135.0
51
225.0
0
LINE
5
5B1
100
AcDbEntity
8
0
62
7.0
100
AcDbLine
10
657.3875152581124
20
73.70530700683594
11
637.5885253848126
21
53.90631713363594
0
LINE
5
5B2
100
AcDbEntity
8
0
62
7.0
100
AcDbLine
10
637.5885253848126
20
93.50429688003594
11
657.3875152581124
21
73.70530700683594
0
ARC
5
5B3
100
AcDbEntity
8
0
62
7.0
100
AcDbCircle
10
600.6398284918876
20
553.4420776367188
40
28.0
50
-45.0
51
45.0
0
LINE
5
5B4
100
AcDbEntity
8
0
62
7.0
100
AcDbLine
10
600.6398284918876
20
553.4420776367188
11
620.4388183651874
21
573.2410675099187
0
LINE
5
5B5
100
AcDbEntity
8
0
62
7.0
100
AcDbLine
10
620.4388183651874
20
533.6430877635188
11
600.6398284918876
21
553.4420776367188
0
ARC
5
5B6
100
AcDbEntity
8
0
62
7.0
100
AcDbCircle
10
581.0958221442313
20
842.20654296875
40
28.0
50
-45.0
51
45.0
0
LINE
5
5B7
100
AcDbEntity
8
0
62
7.0
100
AcDbLine
10
581.0958221442313
20
842.20654296875
11
600.8948120175312
21
862.00553284195
0
LINE
5
5B8
100
AcDbEntity
8
0
62
7.0
100
AcDbLine
10
600.8948120175312
20
822.40755309555
11
581.0958221442313
21
842.20654296875
0
ARC
5
5B9
100
AcDbEntity
8
0
62
7.0
100
AcDbCircle
10
623.150390625
20
618.3549774176688
40
28.0
50
45.0
51
135.0
0
LINE
5
5BA
100
AcDbEntity
8
0
62
7.0
100
AcDbLine
10
623.150390625
20
618.3549774176688
11
603.3514007518
21
638.1539672909687
0
LINE
5
5BB
100
AcDbEntity
8
0
62
7.0
100
AcDbLine
10
642.9493804982
20
638.1539672909687
11
623.150390625
21
618.3549774176688
0
ARC
5
5BC
100
AcDbEntity
8
0
62
7.0
100
AcDbCircle
10
610.048095703125
20
782.479922484675
40
28.0
50
-135.0
51
-45.0
0
LINE
5
5BD
100
AcDbEntity
8
0
62
7.0
100
AcDbLine
10
610.048095703125
20
782.479922484675
11
629.847085576325
21
762.680932611375
0
LINE
5
5BE
100
AcDbEntity
8
0
62
7.0
100
AcDbLine
10
590.249105829925
20
762.6809326113749
11
610.048095703125
21
782.479922484675
0
ARC
5
5BF
100
AcDbEntity
8
0
62
7.0
100
AcDbCircle
10
609.9713714606376
20
669.5953979492188
40
28.0
50
-45.0
51
45.0
0
LINE
5
5C0
100
AcDbEntity
8
0
62
7.0
100
AcDbLine
10
609.9713714606376
20
669.5953979492188
11
629.7703613339374
21
689.3943878224187
0
LINE
5
5C1
100
AcDbEntity
8
0
62
7.0
100
AcDbLine
10
629.7703613339374
20
649.7964080760188
11
609.9713714606376
21
669.5953979492188
0
ARC
5
5C2
100
AcDbEntity
8
0
62
7.0
100
AcDbCircle
10
581.58477478095
20
731.2374877929688
40
28.0
50
-45.0
51
45.0
0
LINE
5
5C3
100
AcDbEntity
8
0
62
7.0
100
AcDbLine
10
581.58477478095
20
731.2374877929688
11
601.38376465425
21
751.0364776661687
0
LINE
5
5C4
100
AcDbEntity
8
0
62
7.0
100
AcDbLine
10
601.38376465425
20
711.4384979197688
11
581.58477478095
21
731.2374877929688
0
ARC
5
5C5
100
AcDbEntity
8
0
62
7.0
100
AcDbCircle
10
646.0686676018624
20
514.26416015625
40
28.0
50
135.0
51
225.0
0
LINE
5
5C6
100
AcDbEntity
8
0
62
7.0
100
AcDbLine
10
646.0686676018624
20
514.26416015625
11
626.2696777285626
21
494.46517028305
0
LINE
5
5C7
100
AcDbEntity
8
0
62
7.0
100
AcDbLine
10
626.2696777285626
20
534.06315002945
11
646.0686676018624
21
514.26416015625
0
ARC
5
5C8
100
AcDbEntity
8
0
62
7.0
100
AcDbCircle
10
615.944580078125
20
720.2811309807687
40
28.0
50
-135.0
51
-45.0
0
LINE
5
5C9
100
AcDbEntity
8
0
62
7.0
100
AcDbLine
10
615.944580078125
20
720.2811309807687
11
635.743569951325
21
700.4821411074688
0
LINE
5
5CA
100
AcDbEntity
8
0
62
7.0
100
AcDbLine
10
596.145590204925
20
700.4821411074687
11
615.944580078125
21
720.2811309807687
0
ARC
5
5CB
100
AcDbEntity
8
0
62
7.0
100
AcDbCircle
10
654.391055297175
20
579.9456176757813
40
28.0
50
135.0
51
225.0
0
LINE
5
5CC
100
AcDbEntity
8
0
62
7.0
100
AcDbLine
10
654.391055297175
20
579.9456176757813
11
634.592065423875
21
560.1466278025813
0
LINE
5
5CD
100
AcDbEntity
8
0
62
7.0
100
AcDbLine
10
634.592065423875
20
599.7446075489812
11
654.391055297175
21
579.9456176757813
0
ARC
5
5CE
100
AcDbEntity
8
0
62
7.0
100
AcDbCircle
10
626.8274536132813
20
293.0203521735281
40
28.0
50
45.0
51
135.0
0
LINE
5
5CF
100
AcDbEntity
8
0
62
7.0
100
AcDbLine
10
626.8274536132813
20
293.0203521735281
11
607.0284637400813
21
312.8193420468281
0
LINE
5
5D0
100
AcDbEntity
8
0
62
7.0
100
AcDbLine
10
646.6264434864812
20
312.8193420468281
11
626.8274536132813
21
293.0203521735281
0
ARC
5
5D1
100
AcDbEntity
8
0
62
7.0
100
AcDbCircle
10
633.4658843987374
20
804.5145874023438
40
28.0
50
135.0
51
225.0
0
LINE
5
5D2
100
AcDbEntity
8
0
62
7.0
100
AcDbLine
10
633.4658843987374
20
804.5145874023438
11
613.6668945254376
21
784.7155975291438
0
LINE
5
5D3
100
AcDbEntity
8
0
62
7.0
100
AcDbLine
10
613.6668945254376
20
824.3135772755437
11
633.4658843987374
21
804.5145874023438
0
ARC
5
5D4
100
AcDbEntity
8
0
62
7.0
100
AcDbCircle
10
621.5963165276437
20
901.4242553710938
40
28.0
50
135.0
51
225.0
0
LINE
5
5D5
100
AcDbEntity
8
0
62
7.0
100
AcDbLine
10
621.5963165276437
20
901.4242553710938
11
601.7973266543438
21
881.6252654978938
0
LINE
5
5D6
100
AcDbEntity
8
0
62
7.0
100
AcDbLine
10
601.7973266543438
20
921.2232452442937
11
621.5963165276437
21
901.4242553710938
0
ARC
5
5D7
100
AcDbEntity
8
0
62
7.0
100
AcDbCircle
10
585.7080047614188
20
943.01220703125
40
28.0
50
-45.0
51
45.0
0
LINE
5
5D8
100
AcDbEntity
8
0
62
7.0
100
AcDbLine
10
585.7080047614188
20
943.01220703125
11
605.5069946347187
21
962.81119690445
0
LINE
5
5D9
100
AcDbEntity
8
0
62
7.0
100
AcDbLine
10
605.5069946347187
20
923.21321715805
11
585.7080047614188
21
943.01220703125
0
ARC
5
5DA
100
AcDbEntity
8
0
62
7.0
100
AcDbCircle
10
636.7205230706124
20
864.9273071289063
40
28.0
50
135.0
51
225.0
0
LINE
5
5DB
100
AcDbEntity
8
0
62
7.0
100
AcDbLine
10
636.7205230706124
20
864.9273071289063
11
616.9215331973126
21
845.1283172557063
0
LINE
5
5DC
100
AcDbEntity
8
0
62
7.0
100
AcDbLine
10
616.9215331973126
20
884.7262970021062
11
636.7205230706124
21
864.9273071289063
0
ARC
5
5DD
100
AcDbEntity
8
0
62
7.0
100
AcDbCircle
10
628.1902465820313
20
940.1553375237376
40
28.0
50
-135.0
51
-45.0
0
LINE
5
5DE
100
AcDbEntity
8
0
62
7.0
100
AcDbLine
10
628.1902465820313
20
940.1553375237376
11
647.9892364552312
21
920.3563476504377
0
LINE
5
5DF
100
AcDbEntity
8
0
62
7.0
100
AcDbLine
10
608.3912567088313
20
920.3563476504376
11
628.1902465820313
21
940.1553375237376
0
ARC
5
5E0
100
AcDbEntity
8
0
62
7.0
100
AcDbCircle
10
613.9312713629813
20
727.9574584960938
40
28.0
50
-45.0
51
45.0
0
LINE
5
5E1
100
AcDbEntity
8
0
62
7.0
100
AcDbLine
10
613.9312713629813
20
727.9574584960938
11
633.7302612362812
21
747.7564483692937
0
LINE
5
5E2
100
AcDbEntity
8
0
62
7.0
100
AcDbLine
10
633.7302612362812
20
708.1584686228938
11
613.9312713629813
21
727.9574584960938
0
ARC
5
5E3
100
AcDbEntity
8
0
62
7.0
100
AcDbCircle
10
631.21875
20
851.212832640925
40
28.0
50
-135.0
51
-45.0
0
LINE
5
5E4
100
AcDbEntity
8
0
62
7.0
100
AcDbLine
10
631.21875
20
851.212832640925
11
651.0177398732
21
831.413842767625
0
LINE
5
5E5
100
AcDbEntity
8
0
62
7.0
100
AcDbLine
10
611.4197601268
20
831.4138427676249
11
631.21875
21
851.212832640925
0
ARC
5
5E6
100
AcDbEntity
8
0
62
7.0
100
AcDbCircle
10
623.2590301520438
20
207.2843475341797
40
28.0
50
-45.0
51
45.0
0
LINE
5
5E7
100
AcDbEntity
8
0
62
7.0
100
AcDbLine
10
623.2590301520438
20
207.2843475341797
11
643.0580200253437
21
227.0833374073797
0
LINE
5
5E8
100
AcDbEntity
8
0
62
7.0
100
AcDbLine
10
643.0580200253437
20
187.48535766097967
11
623.2590301520438
21
207.2843475341797
0
ARC
5
5E9
100
AcDbEntity
8
0
62
7.0
100
AcDbCircle
10
630.6965942382813
20
358.32891540595
40
28.0
50
45.0
51
135.0
0
LINE
5
5EA
100
AcDbEntity
8
0
62
7.0
100
AcDbLine
10
630.6965942382813
20
358.32891540595
11
610.8976043650813
21
378.12790527925
0
LINE
5
5EB
100
AcDbEntity
8
0
62
7.0
100
AcDbLine
10
650.4955841114812
20
378.12790527925
11
630.6965942382813
21
358.32891540595
0
ARC
5
5EC
100
AcDbEntity
8
0
62
7.0
100
AcDbCircle
10
638.87158203125
20
798.9739410393624
40
28.0
50
-135.0
51
-45.0
0
LINE
5
5ED
100
AcDbEntity
8
0
62
7.0
100
AcDbLine
10
638.87158203125
20
798.9739410393624
11
658.67057190445
21
779.1749511660626
0
LINE
5
5EE
100
AcDbEntity
8
0
62
7.0
100
AcDbLine
10
619.07259215805
20
779.1749511660624
11
638.87158203125
21
798.9739410393624
0
ARC
5
5EF
100
AcDbEntity
8
0
62
7.0
100
AcDbCircle
10
621.0392425543876
20
886.2659912109375
40
28.0
50
-45.0
51
45.0
0
LINE
5
5F0
100
AcDbEntity
8
0
62
7.0
100
AcDbLine
10
621.0392425543876
20
886.2659912109375
11
640.8382324276874
21
906.0649810841375
0
LINE
5
5F1
100
AcDbEntity
8
0
62
7.0
100
AcDbLine
10
640.8382324276874
20
866.4670013377375
11
621.0392425543876
21
886.2659912109375
0
ARC
5
5F2
100
AcDbEntity
8
0
62
7.0
100
AcDbCircle
10
638.5871612542062
20
971.2344970703124
40
28.0
50
135.0
51
225.0
0
LINE
5
5F3
100
AcDbEntity
8
0
62
7.0
100
AcDbLine
10
638.5871612542062
20
971.2344970703124
11
618.7881713809063
21
951.4355071971124
0
LINE
5
5F4
100
AcDbEntity
8
0
62
7.0
100
AcDbLine
10
618.7881713809063
20
991.0334869435123
11
638.5871612542062
21
971.2344970703124
0
ARC
5
5F5
100
AcDbEntity
8
0
62
7.0
100
AcDbCircle
10
654.2244873046875
20
585.803280640325
40
28.0
50
45.0
51
135.0
0
LINE
5
5F6
100
AcDbEntity
8
0
62
7.0
100
AcDbLine
10
654.2244873046875
20
585.803280640325
11
634.4254974314875
21
605.602270513625
0
LINE
5
5F7
100
AcDbEntity
8
0
62
7.0
100
AcDbLine
10
674.0234771778875
20
605.602270513625
11
654.2244873046875
21
585.803280640325
0
ARC
5
5F8
100
AcDbEntity
8
0
62
7.0
100
AcDbCircle
10
632.7191131598563
20
161.0896453857422
40
28.0
50
-45.0
51
45.0
0
LINE
5
5F9
100
AcDbEntity
8
0
62
7.0
100
AcDbLine
10
632.7191131598563
20
161.0896453857422
11
652.5181030331562
21
180.8886352589422
0
LINE
5
5FA
100
AcDbEntity
8
0
62
7.0
100
AcDbLine
10
652.5181030331562
20
141.29065551254217
11
632.7191131598563
21
161.0896453857422
0
ARC
5
5FB
100
AcDbEntity
8
0
62
7.0
100
AcDbCircle
10
637.2819183356376
20
649.5369262695313
40
28.0
50
-45.0
51
45.0
0
LINE
5
5FC
100
AcDbEntity
8
0
62
7.0
100
AcDbLine
10
637.2819183356376
20
649.5369262695313
11
657.0809082089374
21
669.3359161427312
0
LINE
5
5FD
100
AcDbEntity
8
0
62
7.0
100
AcDbLine
10
657.0809082089374
20
629.7379363963313
11
637.2819183356376
21
649.5369262695313
0
ARC
5
5FE
100
AcDbEntity
8
0
62
7.0
100
AcDbCircle
10
653.670654296875
20
335.02843933173125
40
28.0
50
45.0
51
135.0
0
LINE
5
5FF
100
AcDbEntity
8
0
62
7.0
100
AcDbLine
10
653.670654296875
20
335.02843933173125
11
633.871664423675
21
354.82742920503125
0
LINE
5
600
100
AcDbEntity
8
0
62
7.0
100
AcDbLine
10
673.469644170075
20
354.82742920503125
11
653.670654296875
21
335.02843933173125
0
ARC
5
601
100
AcDbEntity
8
0
62
7.0
100
AcDbCircle
10
666.4642364495187
20
689.6500854492188
40
28.0
50
135.0
51
225.0
0
LINE
5
602
100
AcDbEntity
8
0
62
7.0
100
AcDbLine
10
666.4642364495187
20
689.6500854492188
11
646.6652465762188
21
669.8510955760188
0
LINE
5
603
100
AcDbEntity
8
0
62
7.0
100
AcDbLine
10
646.6652465762188
20
709.4490753224187
11
666.4642364495187
21
689.6500854492188
0
ARC
5
604
100
AcDbEntity
8
0
62
7.0
100
AcDbCircle
10
647.3163421637626
20
904.6602172851563
40
28.0
50
-45.0
51
45.0
0
LINE
5
605
100
AcDbEntity
8
0
62
7.0
100
AcDbLine
10
647.3163421637626
20
904.6602172851563
11
667.1153320370624
21
924.4592071583562
0
LINE
5
606
100
AcDbEntity
8
0
62
7.0
100
AcDbLine
10
667.1153320370624
20
884.8612274119563
11
647.3163421637626
21
904.6602172851563
0
ARC
5
607
100
AcDbEntity
8
0
62
7.0
100
AcDbCircle
10
643.478271484375
20
930.5263031012624
40
28.0
50
45.0
51
135.0
0
LINE
5
608
100
AcDbEntity
8
0
62
7.0
100
AcDbLine
10
643.478271484375
20
930.5263031012624
11
623.679281611175
21
950.3252929745624
0
LINE
5
609
100
AcDbEntity
8
0
62
7.0
100
AcDbLine
10
663.277261357575
20
950.3252929745624
11
643.478271484375
21
930.5263031012624
0
ARC
5
60A
100
AcDbEntity
8
0
62
7.0
100
AcDbCircle
10
628.5519989020438
20
537.4392700195313
40
28.0
50
-45.0
51
45.0
0
LINE
5
60B
100
AcDbEntity
8
0
62
7.0
100
AcDbLine
10
628.5519989020438
20
537.4392700195313
11
648.3509887753437
21
557.2382598927312
0
LINE
5
60C
100
AcDbEntity
8
0
62
7.0
100
AcDbLine
10
648.3509887753437
20
517.6402801463313
11
628.5519989020438
21
537.4392700195313
0
ARC
5
60D
100
AcDbEntity
8
0
62
7.0
100
AcDbCircle
10
672.4749786370187
20
855.4091796875
40
28.0
50
135.0
51
225.0
0
LINE
5
60E
100
AcDbEntity
8
0
62
7.0
100
AcDbLine
10
672.4749786370187
20
855.4091796875
11
652.6759887637188
21
835.6101898143
0
LINE
5
60F
100
AcDbEntity
8
0
62
7.0
100
AcDbLine
10
652.6759887637188
20
875.2081695607
11
672.4749786370187
21
855.4091796875
0
ARC
5
610
100
AcDbEntity
8
0
62
7.0
100
AcDbCircle
10
635.0466278082938
20
808.5916137695313
40
28.0
50
-45.0
51
45.0
0
LINE
5
611
100
AcDbEntity
8
0
62
7.0
100
AcDbLine
10
635.0466278082938
20
808.5916137695313
11
654.8456176815937
21
828.3906036427312
0
LINE
5
612
100
AcDbEntity
8
0
62
7.0
100
AcDbLine
10
654.8456176815937
20
788.7926238963313
11
635.0466278082938
21
808.5916137695313
0
ARC
5
613
100
AcDbEntity
8
0
62
7.0
100
AcDbCircle
10
635.1169403082938
20
101.6411361694336
40
28.0
50
-45.0
51
45.0
0
LINE
5
614
100
AcDbEntity
8
0
62
7.0
100
AcDbLine
10
635.1169403082938
20
101.6411361694336
11
654.9159301815937
21
121.4401260426336
0
LINE
5
615
100
AcDbEntity
8
0
62
7.0
100
AcDbLine
10
654.9159301815937
20
81.8421462962336
11
635.1169403082938
21
101.6411361694336
0
ARC
5
616
100
AcDbEntity
8
0
62
7.0
100
AcDbCircle
10
671.4246856682687
20
286.3623046875
40
28.0
50
135.0
51
225.0
0
LINE
5
617
100
AcDbEntity
8
0
62
7.0
100
AcDbLine
10
671.4246856682687
20
286.3623046875
11
651.6256957949688
21
266.5633148143
0
LINE
5
618
100
AcDbEntity
8
0
62
7.0
100
AcDbLine
10
651.6256957949688
20
306.1612945607
11
671.4246856682687
21
286.3623046875
0
ARC
5
619
100
AcDbEntity
8
0
62
7.0
100
AcDbCircle
10
642.0035369879813
20
233.99493408203125
40
28.0
50
-45.0
51
45.0
0
LINE
5
61A
100
AcDbEntity
8
0
62
7.0
100
AcDbLine
10
642.0035369879813
20
233.99493408203125
11
661.8025268612812
21
253.79392395523126
0
LINE
5
61B
100
AcDbEntity
8
0
62
7.0
100
AcDbLine
10
661.8025268612812
20
214.19594420883124
11
642.0035369879813
21
233.99493408203125
0
ARC
5
61C
100
AcDbEntity
8
0
62
7.0
100
AcDbCircle
10
663.9971923828125
20
697.7803924567313
40
28.0
50
45.0
51
135.0
0
LINE
5
61D
100
AcDbEntity
8
0
62
7.0
100
AcDbLine
10
663.9971923828125
20
697.7803924567313
11
644.1982025096125
21
717.5793823300312
0
LINE
5
61E
100
AcDbEntity
8
0
62
7.0
100
AcDbLine
10
683.7961822560125
20
717.5793823300312
11
663.9971923828125
21
697.7803924567313
0
ARC
5
61F
100
AcDbEntity
8
0
62
7.0
100
AcDbCircle
10
670.1710235588937
20
748.8006591796875
40
28.0
50
135.0
51
225.0
0
LINE
5
620
100
AcDbEntity
8
0
62
7.0
100
AcDbLine
10
670.1710235588937
20
748.8006591796875
11
650.3720336855938
21
729.0016693064875
0
LINE
5
621
100
AcDbEntity
8
0
62
7.0
100
AcDbLine
10
650.3720336855938
20
768.5996490528875
11
670.1710235588937
21
748.8006591796875
0
ARC
5
622
100
AcDbEntity
8
0
62
7.0
100
AcDbCircle
10
649.9876678473563
20
23.853954315185547
40
28.0
50
-45.0
51
45.0
0
LINE
5
623
100
AcDbEntity
8
0
62
7.0
100
AcDbLine
10
649.9876678473563
20
23.853954315185547
11
669.7866577206562
21
43.65294418838555
0
LINE
5
624
100
AcDbEntity
8
0
62
7.0
100
AcDbLine
10
669.7866577206562
20
4.054964441985547
11
649.9876678473563
21
23.853954315185547
0
ARC
5
625
100
AcDbEntity
8
0
62
7.0
100
AcDbCircle
10
688.9928009026437
20
67.50444793701172
40
28.0
50
135.0
51
225.0
0
LINE
5
626
100
AcDbEntity
8
0
62
7.0
100
AcDbLine
10
688.9928009026437
20
67.50444793701172
11
669.1938110293438
21
47.70545806381172
0
LINE
5
627
100
AcDbEntity
8
0
62
7.0
100
AcDbLine
10
669.1938110293438
20
87.30343781021172
11
688.9928009026437
21
67.50444793701172
0
ARC
5
628
100
AcDbEntity
8
0
62
7.0
100
AcDbCircle
10
690.361758422175
20
783.8875732421875
40
28.0
50
135.0
51
225.0
0
LINE
5
629
100
AcDbEntity
8
0
62
7.0
100
AcDbLine
10
690.361758422175
20
783.8875732421875
11
670.562768548875
21
764.0885833689875
0
LINE
5
62A
100
AcDbEntity
8
0
62
7.0
100
AcDbLine
10
670.562768548875
20
803.6865631153875
11
690.361758422175
21
783.8875732421875
0
ARC
5
62B
100
AcDbEntity
8
0
62
7.0
100
AcDbCircle
10
655.9245574957938
20
833.1660766601563
40
28.0
50
-45.0
51
45.0
0
LINE
5
62C
100
AcDbEntity
8
0
62
7.0
100
AcDbLine
10
655.9245574957938
20
833.1660766601563
11
675.7235473690937
21
852.9650665333562
0
LINE
5
62D
100
AcDbEntity
8
0
62
7.0
100
AcDbLine
10
675.7235473690937
20
813.3670867869563
11
655.9245574957938
21
833.1660766601563
0
ARC
5
62E
100
AcDbEntity
8
0
62
7.0
100
AcDbCircle
10
650.1273773200126
20
132.9148712158203
40
28.0
50
-45.0
51
45.0
0
LINE
5
62F
100
AcDbEntity
8
0
62
7.0
100
AcDbLine
10
650.1273773200126
20
132.9148712158203
11
669.9263671933124
21
152.71386108902033
0
LINE
5
630
100
AcDbEntity
8
0
62
7.0
100
AcDbLine
10
669.9263671933124
20
113.11588134262031
11
650.1273773200126
21
132.9148712158203
0
ARC
5
631
100
AcDbEntity
8
0
62
7.0
100
AcDbCircle
10
648.5261199957938
20
510.0602111816406
40
28.0
50
-45.0
51
45.0
0
LINE
5
632
100
AcDbEntity
8
0
62
7.0
100
AcDbLine
10
648.5261199957938
20
510.0602111816406
11
668.3251098690937
21
529.8592010548406
0
LINE
5
633
100
AcDbEntity
8
0
62
7.0
100
AcDbLine
10
668.3251098690937
20
490.2612213084406
11
648.5261199957938
21
510.0602111816406
0
ARC
5
634
100
AcDbEntity
8
0
62
7.0
100
AcDbCircle
10
658.0585296637626
20
939.3711547851563
40
28.0
50
-45.0
51
45.0
0
LINE
5
635
100
AcDbEntity
8
0
62
7.0
100
AcDbLine
10
658.0585296637626
20
939.3711547851563
11
677.8575195370624
21
959.1701446583562
0
LINE
5
636
100
AcDbEntity
8
0
62
7.0
100
AcDbLine
10
677.8575195370624
20
919.5721649119563
11
658.0585296637626
21
939.3711547851563
0
ARC
5
637
100
AcDbEntity
8
0
62
7.0
100
AcDbCircle
10
694.13690490655
20
263.6743469238281
40
28.0
50
135.0
51
225.0
0
LINE
5
638
100
AcDbEntity
8
0
62
7.0
100
AcDbLine
10
694.13690490655
20
263.6743469238281
11
674.33791503325
21
243.8753570506281
0
LINE
5
639
100
AcDbEntity
8
0
62
7.0
100
AcDbLine
10
674.33791503325
20
283.47333679702814
11
694.13690490655
21
263.6743469238281
0
ARC
5
63A
100
AcDbEntity
8
0
62
7.0
100
AcDbCircle
10
649.9212615973563
20
189.339111328125
40
28.0
50
-45.0
51
45.0
0
LINE
5
63B
100
AcDbEntity
8
0
62
7.0
100
AcDbLine
10
649.9212615973563
20
189.339111328125
11
669.7202514706562
21
209.13810120132501
0
LINE
5
63C
100
AcDbEntity
8
0
62
7.0
100
AcDbLine
10
669.7202514706562
20
169.54012145492499
11
649.9212615973563
21
189.339111328125
0
ARC
5
63D
100
AcDbEntity
8
0
62
7.0
100
AcDbCircle
10
670.5868530273438
20
392.5588104241281
40
28.0
50
-135.0
51
-45.0
0
LINE
5
63E
100
AcDbEntity
8
0
62
7.0
100
AcDbLine
10
670.5868530273438
20
392.5588104241281
11
690.3858429005437
21
372.7598205508281
0
LINE
5
63F
100
AcDbEntity
8
0
62
7.0
100
AcDbLine
10
650.7878631541438
20
372.7598205508281
11
670.5868530273438
21
392.5588104241281
0
ARC
5
640
100
AcDbEntity
8
0
62
7.0
100
AcDbCircle
10
644.8405120856376
20
320.3261413574219
40
28.0
50
-45.0
51
45.0
0
LINE
5
641
100
AcDbEntity
8
0
62
7.0
100
AcDbLine
10
644.8405120856376
20
320.3261413574219
11
664.6395019589374
21
340.1251312306219
0
LINE
5
642
100
AcDbEntity
8
0
62
7.0
100
AcDbLine
10
664.6395019589374
20
300.52715148422186
11
644.8405120856376
21
320.3261413574219
0
ARC
5
643
100
AcDbEntity
8
0
62
7.0
100
AcDbCircle
10
661.3748748786063
20
873.1683959960938
40
28.0
50
-45.0
51
45.0
0
LINE
5
644
100
AcDbEntity
8
0
62
7.0
100
AcDbLine
10
661.3748748786063
20
873.1683959960938
11
681.1738647519062
21
892.9673858692937
0
LINE
5
645
100
AcDbEntity
8
0
62
7.0
100
AcDbLine
10
681.1738647519062
20
853.3694061228938
11
661.3748748786063
21
873.1683959960938
0
ARC
5
646
100
AcDbEntity
8
0
62
7.0
100
AcDbCircle
10
645.7933319098563
20
565.66064453125
40
28.0
50
-45.0
51
45.0
0
LINE
5
647
100
AcDbEntity
8
0
62
7.0
100
AcDbLine
10
645.7933319098563
20
565.66064453125
11
665.5923217831562
21
585.45963440445
0
LINE
5
648
100
AcDbEntity
8
0
62
7.0
100
AcDbLine
10
665.5923217831562
20
545.86165465805
11
645.7933319098563
21
565.66064453125
0
ARC
5
649
100
AcDbEntity
8
0
62
7.0
100
AcDbCircle
10
665.6502655036063
20
403.1539916992187
40
28.0
50
-45.0
51
45.0
0
LINE
5
64A
100
AcDbEntity
8
0
62
7.0
100
AcDbLine
10
665.6502655036063
20
403.1539916992187
11
685.4492553769062
21
422.9529815724187
0
LINE
5
64B
100
AcDbEntity
8
0
62
7.0
100
AcDbLine
10
685.4492553769062
20
383.3550018260187
11
665.6502655036063
21
403.1539916992187
0
ARC
5
64C
100
AcDbEntity
8
0
62
7.0
100
AcDbCircle
10
674.0848358161063
20
235.0807647705078
40
28.0
50
-45.0
51
45.0
0
LINE
5
64D
100
AcDbEntity
8
0
62
7.0
100
AcDbLine
10
674.0848358161063
20
235.0807647705078
11
693.8838256894062
21
254.87975464370783
0
LINE
5
64E
100
AcDbEntity
8
0
62
7.0
100
AcDbLine
10
693.8838256894062
20
215.2817748973078
11
674.0848358161063
21
235.0807647705078
0
ARC
5
64F
100
AcDbEntity
8
0
62
7.0
100
AcDbCircle
10
665.5227020270438
20
446.8311462402344
40
28.0
50
-45.0
51
45.0
0
LINE
5
650
100
AcDbEntity
8
0
62
7.0
100
AcDbLine
10
665.5227020270438
20
446.8311462402344
11
685.3216919003437
21
466.6301361134344
0
LINE
5
651
100
AcDbEntity
8
0
62
7.0
100
AcDbLine
10
685.3216919003437
20
427.03215636703436
11
665.5227020270438
21
446.8311462402344
0
ARC
5
652
100
AcDbEntity
8
0
62
7.0
100
AcDbCircle
10
667.1129119879813
20
103.5360870361328
40
28.0
50
-45.0
51
45.0
0
LINE
5
653
100
AcDbEntity
8
0
62
7.0
100
AcDbLine
10
667.1129119879813
20
103.5360870361328
11
686.9119018612812
21
123.3350769093328
0
LINE
5
654
100
AcDbEntity
8
0
62
7.0
100
AcDbLine
10
686.9119018612812
20
83.7370971629328
11
667.1129119879813
21
103.5360870361328
0
ARC
5
655
100
AcDbEntity
8
0
62
7.0
100
AcDbCircle
10
666.6630218512626
20
296.81231689453125
40
28.0
50
-45.0
51
45.0
0
LINE
5
656
100
AcDbEntity
8
0
62
7.0
100
AcDbLine
10
666.6630218512626
20
296.81231689453125
11
686.4620117245624
21
316.61130676773126
0
LINE
5
657
100
AcDbEntity
8
0
62
7.0
100
AcDbLine
10
686.4620117245624
20
277.01332702133124
11
666.6630218512626
21
296.81231689453125
0
ARC
5
658
100
AcDbEntity
8
0
62
7.0
100
AcDbCircle
10
666.0354583747
20
590.8699340820313
40
28.0
50
-45.0
51
45.0
0
LINE
5
659
100
AcDbEntity
8
0
62
7.0
100
AcDbLine
10
666.0354583747
20
590.8699340820313
11
685.834448248
21
610.6689239552312
0
LINE
5
65A
100
AcDbEntity
8
0
62
7.0
100
AcDbLine
10
685.834448248
20
571.0709442088313
11
666.0354583747
21
590.8699340820313
0
ARC
5
65B
100
AcDbEntity
8
0
62
7.0
100
AcDbCircle
10
686.2703857421875
20
180.29704589776097
40
28.0
50
-135.0
51
-45.0
0
LINE
5
65C
100
AcDbEntity
8
0
62
7.0
100
AcDbLine
10
686.2703857421875
20
180.29704589776097
11
706.0693756153875
21
160.49805602446096
0
LINE
5
65D
100
AcDbEntity
8
0
62
7.0
100
AcDbLine
10
666.4713958689875
20
160.49805602446096
11
686.2703857421875
21
180.29704589776097
0
ARC
5
65E
100
AcDbEntity
8
0
62
7.0
100
AcDbCircle
10
695.29510803155
20
664.8403930664063
40
28.0
50
135.0
51
225.0
0
LINE
5
65F
100
AcDbEntity
8
0
62
7.0
100
AcDbLine
10
695.29510803155
20
664.8403930664063
11
675.49611815825
21
645.0414031932063
0
LINE
5
660
100
AcDbEntity
8
0
62
7.0
100
AcDbLine
10
675.49611815825
20
684.6393829396062
11
695.29510803155
21
664.8403930664063
0
ARC
5
661
100
AcDbEntity
8
0
62
7.0
100
AcDbCircle
10
677.7647094726563
20
641.6517364495187
40
28.0
50
-135.0
51
-45.0
0
LINE
5
662
100
AcDbEntity
8
0
62
7.0
100
AcDbLine
10
677.7647094726563
20
641.6517364495187
11
697.5636993458562
21
621.8527465762188
0
LINE
5
663
100
AcDbEntity
8
0
62
7.0
100
AcDbLine
10
657.9657195994563
20
621.8527465762187
11
677.7647094726563
21
641.6517364495187
0
ARC
5
664
100
AcDbEntity
8
0
62
7.0
100
AcDbCircle
10
717.9958526604562
20
194.28192138671875
40
28.0
50
135.0
51
225.0
0
LINE
5
665
100
AcDbEntity
8
0
62
7.0
100
AcDbLine
10
717.9958526604562
20
194.28192138671875
11
698.1968627871563
21
174.48293151351874
0
LINE
5
666
100
AcDbEntity
8
0
62
7.0
100
AcDbLine
10
698.1968627871563
20
214.08091125991876
11
717.9958526604562
21
194.28192138671875
0
ARC
5
667
100
AcDbEntity
8
0
62
7.0
100
AcDbCircle
10
689.55810546875
20
360.3071624749094
40
28.0
50
-135.0
51
-45.0
0
LINE
5
668
100
AcDbEntity
8
0
62
7.0
100
AcDbLine
10
689.55810546875
20
360.3071624749094
11
709.35709534195
21
340.5081726016094
0
LINE
5
669
100
AcDbEntity
8
0
62
7.0
100
AcDbLine
10
669.75911559555
20
340.5081726016094
11
689.55810546875
21
360.3071624749094
0
ARC
5
66A
100
AcDbEntity
8
0
62
7.0
100
AcDbCircle
10
668.9785125739188
20
696.818603515625
40
28.0
50
-45.0
51
45.0
0
LINE
5
66B
100
AcDbEntity
8
0
62
7.0
100
AcDbLine
10
668.9785125739188
20
696.818603515625
11
688.7775024472187
21
716.617593388825
0
LINE
5
66C
100
AcDbEntity
8
0
62
7.0
100
AcDbLine
10
688.7775024472187
20
677.019613642425
11
668.9785125739188
21
696.818603515625
0
ARC
5
66D
100
AcDbEntity
8
0
62
7.0
100
AcDbCircle
10
707.0199005120187
20
523.0859375
40
28.0
50
135.0
51
225.0
0
LINE
5
66E
100
AcDbEntity
8
0
62
7.0
100
AcDbLine
10
707.0199005120187
20
523.0859375
11
687.2209106387188
21
503.2869476268
0
LINE
5
66F
100
AcDbEntity
8
0
62
7.0
100
AcDbLine
10
687.2209106387188
20
542.8849273732
11
707.0199005120187
21
523.0859375
0
ARC
5
670
100
AcDbEntity
8
0
62
7.0
100
AcDbCircle
10
673.7581146247
20
484.05169677734375
40
28.0
50
-45.0
51
45.0
0
LINE
5
671
100
AcDbEntity
8
0
62
7.0
100
AcDbLine
10
673.7581146247
20
484.05169677734375
11
693.557104498
21
503.85068665054376
0
LINE
5
672
100
AcDbEntity
8
0
62
7.0
100
AcDbLine
10
693.557104498
20
464.25270690414374
11
673.7581146247
21
484.05169677734375
0
ARC
5
673
100
AcDbEntity
8
0
62
7.0
100
AcDbCircle
10
693.8258056640625
20
64.9179336541086
40
28.0
50
-135.0
51
-45.0
0
LINE
5
674
100
AcDbEntity
8
0
62
7.0
100
AcDbLine
10
693.8258056640625
20
64.9179336541086
11
713.6247955372625
21
45.11894378080859
0
LINE
5
675
100
AcDbEntity
8
0
62
7.0
100
AcDbLine
10
674.0268157908625
20
45.11894378080859
11
693.8258056640625
21
64.9179336541086
0
ARC
5
676
100
AcDbEntity
8
0
62
7.0
100
AcDbCircle
10
687.326171875
20
720.4227874762626
40
28.0
50
45.0
51
135.0
0
LINE
5
677
100
AcDbEntity
8
0
62
7.0
100
AcDbLine
10
687.326171875
20
720.4227874762626
11
667.5271820018
21
740.2217773495624
0
LINE
5
678
100
AcDbEntity
8
0
62
7.0
100
AcDbLine
10
707.1251617482
20
740.2217773495624
11
687.326171875
21
720.4227874762626
0
ARC
5
679
100
AcDbEntity
8
0
62
7.0
100
AcDbCircle
10
681.4447601325126
20
769.2229614257813
40
28.0
50
-45.0
51
45.0
0
LINE
5
67A
100
AcDbEntity
8
0
62
7.0
100
AcDbLine
10
681.4447601325126
20
769.2229614257813
11
701.2437500058124
21
789.0219512989812
0
LINE
5
67B
100
AcDbEntity
8
0
62
7.0
100
AcDbLine
10
701.2437500058124
20
749.4239715525813
11
681.4447601325126
21
769.2229614257813
0
ARC
5
67C
100
AcDbEntity
8
0
62
7.0
100
AcDbCircle
10
691.9432952887626
20
316.47039794921875
40
28.0
50
-45.0
51
45.0
0
LINE
5
67D
100
AcDbEntity
8
0
62
7.0
100
AcDbLine
10
691.9432952887626
20
316.47039794921875
11
711.7422851620624
21
336.26938782241876
0
LINE
5
67E
100
AcDbEntity
8
0
62
7.0
100
AcDbLine
10
711.7422851620624
20
296.67140807601874
11
691.9432952887626
21
316.47039794921875
0
ARC
5
67F
100
AcDbEntity
8
0
62
7.0
100
AcDbCircle
10
718.6105987542062
20
556.9473876953125
40
28.0
50
135.0
51
225.0
0
LINE
5
680
100
AcDbEntity
8
0
62
7.0
100
AcDbLine
10
718.6105987542062
20
556.9473876953125
11
698.8116088809063
21
537.1483978221125
0
LINE
5
681
100
AcDbEntity
8
0
62
7.0
100
AcDbLine
10
698.8116088809063
20
576.7463775685125
11
718.6105987542062
21
556.9473876953125
0
ARC
5
682
100
AcDbEntity
8
0
62
7.0
100
AcDbCircle
10
684.2304046637626
20
848.23388671875
40
28.0
50
-45.0
51
45.0
0
LINE
5
683
100
AcDbEntity
8
0
62
7.0
100
AcDbLine
10
684.2304046637626
20
848.23388671875
11
704.0293945370624
21
868.03287659195
0
LINE
5
684
100
AcDbEntity
8
0
62
7.0
100
AcDbLine
10
704.0293945370624
20
828.43489684555
11
684.2304046637626
21
848.23388671875
0
ARC
5
685
100
AcDbEntity
8
0
62
7.0
100
AcDbCircle
10
691.71368103095
20
610.0409545898438
40
28.0
50
-45.0
51
45.0
0
LINE
5
686
100
AcDbEntity
8
0
62
7.0
100
AcDbLine
10
691.71368103095
20
610.0409545898438
11
711.51267090425
21
629.8399444630437
0
LINE
5
687
100
AcDbEntity
8
0
62
7.0
100
AcDbLine
10
711.51267090425
20
590.2419647166438
11
691.71368103095
21
610.0409545898438
0
ARC
5
688
100
AcDbEntity
8
0
62
7.0
100
AcDbCircle
10
686.6763885504813
20
77.72693634033203
40
28.0
50
-45.0
51
45.0
0
LINE
5
689
100
AcDbEntity
8
0
62
7.0
100
AcDbLine
10
686.6763885504813
20
77.72693634033203
11
706.4753784237812
21
97.52592621353203
0
LINE
5
68A
100
AcDbEntity
8
0
62
7.0
100
AcDbLine
10
706.4753784237812
20
57.92794646713203
11
686.6763885504813
21
77.72693634033203
0
ARC
5
68B
100
AcDbEntity
8
0
62
7.0
100
AcDbCircle
10
726.4126617424874
20
672.2947387695313
40
28.0
50
135.0
51
225.0
0
LINE
5
68C
100
AcDbEntity
8
0
62
7.0
100
AcDbLine
10
726.4126617424874
20
672.2947387695313
11
706.6136718691876
21
652.4957488963313
0
LINE
5
68D
100
AcDbEntity
8
0
62
7.0
100
AcDbLine
10
706.6136718691876
20
692.0937286427312
11
726.4126617424874
21
672.2947387695313
0
ARC
5
68E
100
AcDbEntity
8
0
62
7.0
100
AcDbCircle
10
695.7933929450126
20
414.0497131347656
40
28.0
50
-45.0
51
45.0
0
LINE
5
68F
100
AcDbEntity
8
0
62
7.0
100
AcDbLine
10
695.7933929450126
20
414.0497131347656
11
715.5923828183124
21
433.84870300796564
0
LINE
5
690
100
AcDbEntity
8
0
62
7.0
100
AcDbLine
10
715.5923828183124
20
394.2507232615656
11
695.7933929450126
21
414.0497131347656
0
ARC
5
691
100
AcDbEntity
8
0
62
7.0
100
AcDbCircle
10
683.1014373786063
20
133.00596618652344
40
28.0
50
-45.0
51
45.0
0
LINE
5
692
100
AcDbEntity
8
0
62
7.0
100
AcDbLine
10
683.1014373786063
20
133.00596618652344
11
702.9004272519062
21
152.80495605972345
0
LINE
5
693
100
AcDbEntity
8
0
62
7.0
100
AcDbLine
10
702.9004272519062
20
113.20697631332344
11
683.1014373786063
21
133.00596618652344
0
ARC
5
694
100
AcDbEntity
8
0
62
7.0
100
AcDbCircle
10
698.8951416015625
20
919.7573883049876
40
28.0
50
-135.0
51
-45.0
0
LINE
5
695
100
AcDbEntity
8
0
62
7.0
100
AcDbLine
10
698.8951416015625
20
919.7573883049876
11
718.6941314747625
21
899.9583984316877
0
LINE
5
696
100
AcDbEntity
8
0
62
7.0
100
AcDbLine
10
679.0961517283625
20
899.9583984316876
11
698.8951416015625
21
919.7573883049876
0
ARC
5
697
100
AcDbEntity
8
0
62
7.0
100
AcDbCircle
10
705.212948609075
20
489.9327392578125
40
28.0
50
-45.0
51
45.0
0
LINE
5
698
100
AcDbEntity
8
0
62
7.0
100
AcDbLine
10
705.212948609075
20
489.9327392578125
11
725.011938482375
21
509.7317291310125
0
LINE
5
699
100
AcDbEntity
8
0
62
7.0
100
AcDbLine
10
725.011938482375
20
470.1337493846125
11
705.212948609075
21
489.9327392578125
0
ARC
5
69A
100
AcDbEntity
8
0
62
7.0
100
AcDbCircle
10
651.0462646484375
20
964.4379241950124
40
28.0
50
45.0
51
135.0
0
LINE
5
69B
100
AcDbEntity
8
0
62
7.0
100
AcDbLine
10
651.0462646484375
20
964.4379241950124
11
631.2472747752375
21
984.2369140683124
0
LINE
5
69C
100
AcDbEntity
8
0
62
7.0
100
AcDbLine
10
670.8452545216375
20
984.2369140683124
11
651.0462646484375
21
964.4379241950124
0
ARC
5
69D
100
AcDbEntity
8
0
62
7.0
100
AcDbCircle
10
705.329159546575
20
641.8812255859375
40
28.0
50
-45.0
51
45.0
0
LINE
5
69E
100
AcDbEntity
8
0
62
7.0
100
AcDbLine
10
705.329159546575
20
641.8812255859375
11
725.128149419875
21
661.6802154591375
0
LINE
5
69F
100
AcDbEntity
8
0
62
7.0
100
AcDbLine
10
725.128149419875
20
622.0822357127375
11
705.329159546575
21
641.8812255859375
0
ARC
5
6A0
100
AcDbEntity
8
0
62
7.0
100
AcDbCircle
10
683.0853271484375
20
990.80682678155
40
28.0
50
-135.0
51
-45.0
0
LINE
5
6A1
100
AcDbEntity
8
0
62
7.0
100
AcDbLine
10
683.0853271484375
20
990.80682678155
11
702.8843170216375
21
971.00783690825
0
LINE
5
6A2
100
AcDbEntity
8
0
62
7.0
100
AcDbLine
10
663.2863372752375
20
971.0078369082499
11
683.0853271484375
21
990.80682678155
0
ARC
5
6A3
100
AcDbEntity
8
0
62
7.0
100
AcDbCircle
10
716.2683715820313
20
238.3520935065359
40
28.0
50
45.0
51
135.0
0
LINE
5
6A4
100
AcDbEntity
8
0
62
7.0
100
AcDbLine
10
716.2683715820313
20
238.3520935065359
11
696.4693817088313
21
258.1510833798359
0
LINE
5
6A5
100
AcDbEntity
8
0
62
7.0
100
AcDbLine
10
736.0673614552312
20
258.1510833798359
11
716.2683715820313
21
238.3520935065359
0
ARC
5
6A6
100
AcDbEntity
8
0
62
7.0
100
AcDbCircle
10
719.3909301757813
20
686.3604705817313
40
28.0
50
45.0
51
135.0
0
LINE
5
6A7
100
AcDbEntity
8
0
62
7.0
100
AcDbLine
10
719.3909301757813
20
686.3604705817313
11
699.5919403025813
21
706.1594604550312
0
LINE
5
6A8
100
AcDbEntity
8
0
62
7.0
100
AcDbLine
10
739.1899200489812
20
706.1594604550312
11
719.3909301757813
21
686.3604705817313
0
ARC
5
6A9
100
AcDbEntity
8
0
62
7.0
100
AcDbCircle
10
689.527890015325
20
365.9959106445313
40
28.0
50
-45.0
51
45.0
0
LINE
5
6AA
100
AcDbEntity
8
0
62
7.0
100
AcDbLine
10
689.527890015325
20
365.9959106445313
11
709.326879888625
21
385.7949005177313
0
LINE
5
6AB
100
AcDbEntity
8
0
62
7.0
100
AcDbLine
10
709.326879888625
20
346.1969207713313
11
689.527890015325
21
365.9959106445313
0
ARC
5
6AC
100
AcDbEntity
8
0
62
7.0
100
AcDbCircle
10
700.7611663825126
20
217.17518615722656
40
28.0
50
-45.0
51
45.0
0
LINE
5
6AD
100
AcDbEntity
8
0
62
7.0
100
AcDbLine
10
700.7611663825126
20
217.17518615722656
11
720.5601562558124
21
236.97417603042658
0
LINE
5
6AE
100
AcDbEntity
8
0
62
7.0
100
AcDbLine
10
720.5601562558124
20
197.37619628402655
11
700.7611663825126
21
217.17518615722656
0
ARC
5
6AF
100
AcDbEntity
8
0
62
7.0
100
AcDbCircle
10
698.2480438239188
20
23.873624801635746
40
28.0
50
-45.0
51
45.0
0
LINE
5
6B0
100
AcDbEntity
8
0
62
7.0
100
AcDbLine
10
698.2480438239188
20
23.873624801635746
11
718.0470336972187
21
43.67261467483574
0
LINE
5
6B1
100
AcDbEntity
8
0
62
7.0
100
AcDbLine
10
718.0470336972187
20
4.074634928435746
11
698.2480438239188
21
23.873624801635746
0
ARC
5
6B2
100
AcDbEntity
8
0
62
7.0
100
AcDbCircle
10
720.17596740655
20
943.5315551757813
40
28.0
50
135.0
51
225.0
0
LINE
5
6B3
100
AcDbEntity
8
0
62
7.0
100
AcDbLine
10
720.17596740655
20
943.5315551757813
11
700.37697753325
21
923.7325653025813
0
LINE
5
6B4
100
AcDbEntity
8
0
62
7.0
100
AcDbLine
10
700.37697753325
20
963.3305450489812
11
720.17596740655
21
943.5315551757813
0
ARC
5
6B5
100
AcDbEntity
8
0
62
7.0
100
AcDbCircle
10
744.5616485588937
20
61.93226623535156
40
28.0
50
135.0
51
225.0
0
LINE
5
6B6
100
AcDbEntity
8
0
62
7.0
100
AcDbLine
10
744.5616485588937
20
61.93226623535156
11
724.7626586855938
21
42.13327636215156
0
LINE
5
6B7
100
AcDbEntity
8
0
62
7.0
100
AcDbLine
10
724.7626586855938
20
81.73125610855156
11
744.5616485588937
21
61.93226623535156
0
ARC
5
6B8
100
AcDbEntity
8
0
62
7.0
100
AcDbCircle
10
737.9402496331124
20
108.816650390625
40
28.0
50
135.0
51
225.0
0
LINE
5
6B9
100
AcDbEntity
8
0
62
7.0
100
AcDbLine
10
737.9402496331124
20
108.816650390625
11
718.1412597598126
21
89.017660517425
0
LINE
5
6BA
100
AcDbEntity
8
0
62
7.0
100
AcDbLine
10
718.1412597598126
20
128.61564026382501
11
737.9402496331124
21
108.816650390625
0
ARC
5
6BB
100
AcDbEntity
8
0
62
7.0
100
AcDbCircle
10
703.49200134345
20
920.8224487304688
40
28.0
50
-45.0
51
45.0
0
LINE
5
6BC
100
AcDbEntity
8
0
62
7.0
100
AcDbLine
10
703.49200134345
20
920.8224487304688
11
723.29099121675
21
940.6214386036687
0
LINE
5
6BD
100
AcDbEntity
8
0
62
7.0
100
AcDbLine
10
723.29099121675
20
901.0234588572688
11
703.49200134345
21
920.8224487304688
0
ARC
5
6BE
100
AcDbEntity
8
0
62
7.0
100
AcDbCircle
10
742.6467315667062
20
861.6289672851563
40
28.0
50
135.0
51
225.0
0
LINE
5
6BF
100
AcDbEntity
8
0
62
7.0
100
AcDbLine
10
742.6467315667062
20
861.6289672851563
11
722.8477416934063
21
841.8299774119563
0
LINE
5
6C0
100
AcDbEntity
8
0
62
7.0
100
AcDbLine
10
722.8477416934063
20
881.4279571583562
11
742.6467315667062
21
861.6289672851563
0
ARC
5
6C1
100
AcDbEntity
8
0
62
7.0
100
AcDbCircle
10
730.529238890925
20
803.6692504882813
40
28.0
50
135.0
51
225.0
0
LINE
5
6C2
100
AcDbEntity
8
0
62
7.0
100
AcDbLine
10
730.529238890925
20
803.6692504882813
11
710.730249017625
21
783.8702606150813
0
LINE
5
6C3
100
AcDbEntity
8
0
62
7.0
100
AcDbLine
10
710.730249017625
20
823.4682403614812
11
730.529238890925
21
803.6692504882813
0
ARC
5
6C4
100
AcDbEntity
8
0
62
7.0
100
AcDbCircle
10
713.8471649176688
20
142.04861450195313
40
28.0
50
-45.0
51
45.0
0
LINE
5
6C5
100
AcDbEntity
8
0
62
7.0
100
AcDbLine
10
713.8471649176688
20
142.04861450195313
11
733.6461547909687
21
161.84760437515314
0
LINE
5
6C6
100
AcDbEntity
8
0
62
7.0
100
AcDbLine
10
733.6461547909687
20
122.24962462875312
11
713.8471649176688
21
142.04861450195313
0
ARC
5
6C7
100
AcDbEntity
8
0
62
7.0
100
AcDbCircle
10
742.6597320549874
20
578.1427612304688
40
28.0
50
135.0
51
225.0
0
LINE
5
6C8
100
AcDbEntity
8
0
62
7.0
100
AcDbLine
10
742.6597320549874
20
578.1427612304688
11
722.8607421816876
21
558.3437713572688
0
LINE
5
6C9
100
AcDbEntity
8
0
62
7.0
100
AcDbLine
10
722.8607421816876
20
597.9417511036687
11
742.6597320549874
21
578.1427612304688
0
ARC
5
6CA
100
AcDbEntity
8
0
62
7.0
100
AcDbCircle
10
702.3172576911063
20
533.4459228515625
40
28.0
50
-45.0
51
45.0
0
LINE
5
6CB
100
AcDbEntity
8
0
62
7.0
100
AcDbLine
10
702.3172576911063
20
533.4459228515625
11
722.1162475644062
21
553.2449127247625
0
LINE
5
6CC
100
AcDbEntity
8
0
62
7.0
100
AcDbLine
10
722.1162475644062
20
513.6469329783625
11
702.3172576911063
21
533.4459228515625
0
ARC
5
6CD
100
AcDbEntity
8
0
62
7.0
100
AcDbCircle
10
739.1514923088937
20
738.208740234375
40
28.0
50
135.0
51
225.0
0
LINE
5
6CE
100
AcDbEntity
8
0
62
7.0
100
AcDbLine
10
739.1514923088937
20
738.208740234375
11
719.3525024355938
21
718.409750361175
0
LINE
5
6CF
100
AcDbEntity
8
0
62
7.0
100
AcDbLine
10
719.3525024355938
20
758.007730107575
11
739.1514923088937
21
738.208740234375
0
ARC
5
6D0
100
AcDbEntity
8
0
62
7.0
100
AcDbCircle
10
707.9632537848563
20
447.3422546386719
40
28.0
50
-45.0
51
45.0
0
LINE
5
6D1
100
AcDbEntity
8
0
62
7.0
100
AcDbLine
10
707.9632537848563
20
447.3422546386719
11
727.7622436581562
21
467.1412445118719
0
LINE
5
6D2
100
AcDbEntity
8
0
62
7.0
100
AcDbLine
10
727.7622436581562
20
427.54326476547186
11
707.9632537848563
21
447.3422546386719
0
ARC
5
6D3
100
AcDbEntity
8
0
62
7.0
100
AcDbCircle
10
758.1324493401437
20
27.42769432067871
40
28.0
50
135.0
51
225.0
0
LINE
5
6D4
100
AcDbEntity
8
0
62
7.0
100
AcDbLine
10
758.1324493401437
20
27.42769432067871
11
738.3334594668438
21
7.628704447478711
0
LINE
5
6D5
100
AcDbEntity
8
0
62
7.0
100
AcDbLine
10
738.3334594668438
20
47.22668419387871
11
758.1324493401437
21
27.42769432067871
0
ARC
5
6D6
100
AcDbEntity
8
0
62
7.0
100
AcDbCircle
10
713.2775848395438
20
826.5786743164063
40
28.0
50
-45.0
51
45.0
0
LINE
5
6D7
100
AcDbEntity
8
0
62
7.0
100
AcDbLine
10
713.2775848395438
20
826.5786743164063
11
733.0765747128437
21
846.3776641896062
0
LINE
5
6D8
100
AcDbEntity
8
0
62
7.0
100
AcDbLine
10
733.0765747128437
20
806.7796844432063
11
713.2775848395438
21
826.5786743164063
0
ARC
5
6D9
100
AcDbEntity
8
0
62
7.0
100
AcDbCircle
10
714.471249390325
20
339.3995361328125
40
28.0
50
-45.0
51
45.0
0
LINE
5
6DA
100
AcDbEntity
8
0
62
7.0
100
AcDbLine
10
714.471249390325
20
339.3995361328125
11
734.270239263625
21
359.1985260060125
0
LINE
5
6DB
100
AcDbEntity
8
0
62
7.0
100
AcDbLine
10
734.270239263625
20
319.6005462596125
11
714.471249390325
21
339.3995361328125
0
ARC
5
6DC
100
AcDbEntity
8
0
62
7.0
100
AcDbCircle
10
715.0639617926688
20
185.6813507080078
40
28.0
50
-45.0
51
45.0
0
LINE
5
6DD
100
AcDbEntity
8
0
62
7.0
100
AcDbLine
10
715.0639617926688
20
185.6813507080078
11
734.8629516659687
21
205.48034058120783
0
LINE
5
6DE
100
AcDbEntity
8
0
62
7.0
100
AcDbLine
10
734.8629516659687
20
165.8823608348078
11
715.0639617926688
21
185.6813507080078
0
ARC
5
6DF
100
AcDbEntity
8
0
62
7.0
100
AcDbCircle
10
703.5676239020438
20
965.8015747070313
40
28.0
50
-45.0
51
45.0
0
LINE
5
6E0
100
AcDbEntity
8
0
62
7.0
100
AcDbLine
10
703.5676239020438
20
965.8015747070313
11
723.3666137753437
21
985.6005645802312
0
LINE
5
6E1
100
AcDbEntity
8
0
62
7.0
100
AcDbLine
10
723.3666137753437
20
946.0025848338313
11
703.5676239020438
21
965.8015747070313
0
ARC
5
6E2
100
AcDbEntity
8
0
62
7.0
100
AcDbCircle
10
714.470761109075
20
386.078369140625
40
28.0
50
-45.0
51
45.0
0
LINE
5
6E3
100
AcDbEntity
8
0
62
7.0
100
AcDbLine
10
714.470761109075
20
386.078369140625
11
734.269750982375
21
405.877359013825
0
LINE
5
6E4
100
AcDbEntity
8
0
62
7.0
100
AcDbLine
10
734.269750982375
20
366.279379267425
11
714.470761109075
21
386.078369140625
0
ARC
5
6E5
100
AcDbEntity
8
0
62
7.0
100
AcDbCircle
10
725.6940887457938
20
555.461181640625
40
28.0
50
-45.0
51
45.0
0
LINE
5
6E6
100
AcDbEntity
8
0
62
7.0
100
AcDbLine
10
725.6940887457938
20
555.461181640625
11
745.4930786190937
21
575.260171513825
0
LINE
5
6E7
100
AcDbEntity
8
0
62
7.0
100
AcDbLine
10
745.4930786190937
20
535.662191767425
11
725.6940887457938
21
555.461181640625
0
ARC
5
6E8
100
AcDbEntity
8
0
62
7.0
100
AcDbCircle
10
730.8264129645438
20
469.9338684082031
40
28.0
50
-45.0
51
45.0
0
LINE
5
6E9
100
AcDbEntity
8
0
62
7.0
100
AcDbLine
10
730.8264129645438
20
469.9338684082031
11
750.6254028378437
21
489.73285828140314
0
LINE
5
6EA
100
AcDbEntity
8
0
62
7.0
100
AcDbLine
10
750.6254028378437
20
450.1348785350031
11
730.8264129645438
21
469.9338684082031
0
ARC
5
6EB
100
AcDbEntity
8
0
62
7.0
100
AcDbCircle
10
733.2936401367188
20
749.7304046637626
40
28.0
50
45.0
51
135.0
0
LINE
5
6EC
100
AcDbEntity
8
0
62
7.0
100
AcDbLine
10
733.2936401367188
20
749.7304046637626
11
713.4946502635188
21
769.5293945370624
0
LINE
5
6ED
100
AcDbEntity
8
0
62
7.0
100
AcDbLine
10
753.0926300099187
20
769.5293945370624
11
733.2936401367188
21
749.7304046637626
0
ARC
5
6EE
100
AcDbEntity
8
0
62
7.0
100
AcDbCircle
10
727.514404296875
20
268.5669830329031
40
28.0
50
45.0
51
135.0
0
LINE
5
6EF
100
AcDbEntity
8
0
62
7.0
100
AcDbLine
10
727.514404296875
20
268.5669830329031
11
707.715414423675
21
288.3659729062031
0
LINE
5
6F0
100
AcDbEntity
8
0
62
7.0
100
AcDbLine
10
747.313394170075
20
288.3659729062031
11
727.514404296875
21
268.5669830329031
0
ARC
5
6F1
100
AcDbEntity
8
0
62
7.0
100
AcDbCircle
10
741.3629760742188
20
702.6668121331124
40
28.0
50
-135.0
51
-45.0
0
LINE
5
6F2
100
AcDbEntity
8
0
62
7.0
100
AcDbLine
10
741.3629760742188
20
702.6668121331124
11
761.1619659474187
21
682.8678222598126
0
LINE
5
6F3
100
AcDbEntity
8
0
62
7.0
100
AcDbLine
10
721.5639862010188
20
682.8678222598124
11
741.3629760742188
21
702.6668121331124
0
ARC
5
6F4
100
AcDbEntity
8
0
62
7.0
100
AcDbCircle
10
743.372802734375
20
68.78307800360625
40
28.0
50
45.0
51
135.0
0
LINE
5
6F5
100
AcDbEntity
8
0
62
7.0
100
AcDbLine
10
743.372802734375
20
68.78307800360625
11
723.573812861175
21
88.58206787690625
0
LINE
5
6F6
100
AcDbEntity
8
0
62
7.0
100
AcDbLine
10
763.171792607575
20
88.58206787690625
11
743.372802734375
21
68.78307800360625
0
ARC
5
6F7
100
AcDbEntity
8
0
62
7.0
100
AcDbCircle
10
732.7347991950126
20
213.46299743652344
40
28.0
50
-45.0
51
45.0
0
LINE
5
6F8
100
AcDbEntity
8
0
62
7.0
100
AcDbLine
10
732.7347991950126
20
213.46299743652344
11
752.5337890683124
21
233.26198730972345
0
LINE
5
6F9
100
AcDbEntity
8
0
62
7.0
100
AcDbLine
10
752.5337890683124
20
193.66400756332342
11
732.7347991950126
21
213.46299743652344
0
ARC
5
6FA
100
AcDbEntity
8
0
62
7.0
100
AcDbCircle
10
768.536376953125
20
31.974314879694532
40
28.0
50
-135.0
51
-45.0
0
LINE
5
6FB
100
AcDbEntity
8
0
62
7.0
100
AcDbLine
10
768.536376953125
20
31.974314879694532
11
788.335366826325
21
12.175325006394534
0
LINE
5
6FC
100
AcDbEntity
8
0
62
7.0
100
AcDbLine
10
748.737387079925
20
12.175325006394527
11
768.536376953125
21
31.974314879694532
0
ARC
5
6FD
100
AcDbEntity
8
0
62
7.0
100
AcDbCircle
10
766.1058959960938
20
46.04639892645781
40
28.0
50
45.0
51
135.0
0
LINE
5
6FE
100
AcDbEntity
8
0
62
7.0
100
AcDbLine
10
766.1058959960938
20
46.04639892645781
11
746.3069061228938
21
65.84538879975781
0
LINE
5
6FF
100
AcDbEntity
8
0
62
7.0
100
AcDbLine
10
785.9048858692937
20
65.84538879975781
11
766.1058959960938
21
46.04639892645781
0
ARC
5
700
100
AcDbEntity
8
0
62
7.0
100
AcDbCircle
10
735.6325042731376
20
118.40834045410156
40
28.0
50
-45.0
51
45.0
0
LINE
5
701
100
AcDbEntity
8
0
62
7.0
100
AcDbLine
10
735.6325042731376
20
118.40834045410156
11
755.4314941464374
21
138.20733032730158
0
LINE
5
702
100
AcDbEntity
8
0
62
7.0
100
AcDbLine
10
755.4314941464374
20
98.60935058090156
11
735.6325042731376
21
118.40834045410156
0
ARC
5
703
100
AcDbEntity
8
0
62
7.0
100
AcDbCircle
10
770.5522491448312
20
161.45497131347656
40
28.0
50
135.0
51
225.0
0
LINE
5
704
100
AcDbEntity
8
0
62
7.0
100
AcDbLine
10
770.5522491448312
20
161.45497131347656
11
750.7532592715313
21
141.65598144027655
0
LINE
5
705
100
AcDbEntity
8
0
62
7.0
100
AcDbLine
10
750.7532592715313
20
181.25396118667658
11
770.5522491448312
21
161.45497131347656
0
ARC
5
706
100
AcDbEntity
8
0
62
7.0
100
AcDbCircle
10
748.6405639648438
20
265.0530120842844
40
28.0
50
-135.0
51
-45.0
0
LINE
5
707
100
AcDbEntity
8
0
62
7.0
100
AcDbLine
10
748.6405639648438
20
265.0530120842844
11
768.4395538380437
21
245.25402221098437
0
LINE
5
708
100
AcDbEntity
8
0
62
7.0
100
AcDbLine
10
728.8415740916438
20
245.25402221098437
11
748.6405639648438
21
265.0530120842844
0
ARC
5
709
100
AcDbEntity
8
0
62
7.0
100
AcDbCircle
10
779.8534545898438
20
77.61444549628203
40
28.0
50
45.0
51
135.0
0
LINE
5
70A
100
AcDbEntity
8
0
62
7.0
100
AcDbLine
10
779.8534545898438
20
77.61444549628203
11
760.0544647166438
21
97.41343536958203
0
LINE
5
70B
100
AcDbEntity
8
0
62
7.0
100
AcDbLine
10
799.6524444630437
20
97.41343536958203
11
779.8534545898438
21
77.61444549628203
0
ARC
5
70C
100
AcDbEntity
8
0
62
7.0
100
AcDbCircle
10
757.1679046637626
20
142.331787109375
40
28.0
50
-45.0
51
45.0
0
LINE
5
70D
100
AcDbEntity
8
0
62
7.0
100
AcDbLine
10
757.1679046637626
20
142.331787109375
11
776.9668945370624
21
162.13077698257501
0
LINE
5
70E
100
AcDbEntity
8
0
62
7.0
100
AcDbLine
10
776.9668945370624
20
122.532797236175
11
757.1679046637626
21
142.331787109375
0
ARC
5
70F
100
AcDbEntity
8
0
62
7.0
100
AcDbCircle
10
761.8861694335938
20
257.4706390387625
40
28.0
50
45.0
51
135.0
0
LINE
5
710
100
AcDbEntity
8
0
62
7.0
100
AcDbLine
10
761.8861694335938
20
257.4706390387625
11
742.0871795603938
21
277.2696289120625
0
LINE
5
711
100
AcDbEntity
8
0
62
7.0
100
AcDbLine
10
781.6851593067937
20
277.2696289120625
11
761.8861694335938
21
257.4706390387625
0
ARC
5
712
100
AcDbEntity
8
0
62
7.0
100
AcDbCircle
10
749.891845703125
20
291.49657898016875
40
28.0
50
45.0
51
135.0
0
LINE
5
713
100
AcDbEntity
8
0
62
7.0
100
AcDbLine
10
749.891845703125
20
291.49657898016875
11
730.092855829925
21
311.29556885346875
0
LINE
5
714
100
AcDbEntity
8
0
62
7.0
100
AcDbLine
10
769.690835576325
20
311.29556885346875
11
749.891845703125
21
291.49657898016875
0
ARC
5
715
100
AcDbEntity
8
0
62
7.0
100
AcDbCircle
10
739.1257293707938
20
359.8309020996094
40
28.0
50
-45.0
51
45.0
0
LINE
5
716
100
AcDbEntity
8
0
62
7.0
100
AcDbLine
10
739.1257293707938
20
359.8309020996094
11
758.9247192440937
21
379.6298919728094
0
LINE
5
717
100
AcDbEntity
8
0
62
7.0
100
AcDbLine
10
758.9247192440937
20
340.03191222640936
11
739.1257293707938
21
359.8309020996094
0
ARC
5
718
100
AcDbEntity
8
0
62
7.0
100
AcDbCircle
10
727.4979827887626
20
418.5101013183594
40
28.0
50
-45.0
51
45.0
0
LINE
5
719
100
AcDbEntity
8
0
62
7.0
100
AcDbLine
10
727.4979827887626
20
418.5101013183594
11
747.2969726620624
21
438.3090911915594
0
LINE
5
71A
100
AcDbEntity
8
0
62
7.0
100
AcDbLine
10
747.2969726620624
20
398.71111144515936
11
727.4979827887626
21
418.5101013183594
0
ARC
5
71B
100
AcDbEntity
8
0
62
7.0
100
AcDbCircle
10
771.1320190429688
20
205.97561950615935
40
28.0
50
-135.0
51
-45.0
0
LINE
5
71C
100
AcDbEntity
8
0
62
7.0
100
AcDbLine
10
771.1320190429688
20
205.97561950615935
11
790.9310089161687
21
186.17662963285935
0
LINE
5
71D
100
AcDbEntity
8
0
62
7.0
100
AcDbLine
10
751.3330291697688
20
186.17662963285935
11
771.1320190429688
21
205.97561950615935
0
ARC
5
71E
100
AcDbEntity
8
0
62
7.0
100
AcDbCircle
10
765.9576995856376
20
40.210391998291016
40
28.0
50
-45.0
51
45.0
0
LINE
5
71F
100
AcDbEntity
8
0
62
7.0
100
AcDbLine
10
765.9576995856376
20
40.210391998291016
11
785.7566894589374
21
60.009381871491016
0
LINE
5
720
100
AcDbEntity
8
0
62
7.0
100
AcDbLine
10
785.7566894589374
20
20.411402125091016
11
765.9576995856376
21
40.210391998291016
0
ARC
5
721
100
AcDbEntity
8
0
62
7.0
100
AcDbCircle
10
823.6674835198312
20
23.89558219909668
40
28.0
50
135.0
51
225.0
0
LINE
5
722
100
AcDbEntity
8
0
62
7.0
100
AcDbLine
10
823.6674835198312
20
23.89558219909668
11
803.8684936465313
21
4.09659232589668
0
LINE
5
723
100
AcDbEntity
8
0
62
7.0
100
AcDbLine
10
803.8684936465313
20
43.69457207229668
11
823.6674835198312
21
23.89558219909668
0
ARC
5
724
100
AcDbEntity
8
0
62
7.0
100
AcDbCircle
10
728.8811004645438
20
513.3310546875
40
28.0
50
-45.0
51
45.0
0
LINE
5
725
100
AcDbEntity
8
0
62
7.0
100
AcDbLine
10
728.8811004645438
20
513.3310546875
11
748.6800903378437
21
533.1300445607
0
LINE
5
726
100
AcDbEntity
8
0
62
7.0
100
AcDbLine
10
748.6800903378437
20
493.5320648143
11
728.8811004645438
21
513.3310546875
0
ARC
5
727
100
AcDbEntity
8
0
62
7.0
100
AcDbCircle
10
781.3411224372
20
121.32633209228516
40
28.0
50
-45.0
51
45.0
0
LINE
5
728
100
AcDbEntity
8
0
62
7.0
100
AcDbLine
10
781.3411224372
20
121.32633209228516
11
801.1401123105
21
141.12532196548517
0
LINE
5
729
100
AcDbEntity
8
0
62
7.0
100
AcDbLine
10
801.1401123105
20
101.52734221908516
11
781.3411224372
21
121.32633209228516
0
ARC
5
72A
100
AcDbEntity
8
0
62
7.0
100
AcDbCircle
10
782.8486297614188
20
74.62234497070313
40
28.0
50
-45.0
51
45.0
0
LINE
5
72B
100
AcDbEntity
8
0
62
7.0
100
AcDbLine
10
782.8486297614188
20
74.62234497070313
11
802.6476196347187
21
94.42133484390313
0
LINE
5
72C
100
AcDbEntity
8
0
62
7.0
100
AcDbLine
10
802.6476196347187
20
54.823355097503125
11
782.8486297614188
21
74.62234497070313
0
ARC
5
72D
100
AcDbEntity
8
0
62
7.0
100
AcDbCircle
10
795.3339874260812
20
227.2276611328125
40
28.0
50
135.0
51
225.0
0
LINE
5
72E
100
AcDbEntity
8
0
62
7.0
100
AcDbLine
10
795.3339874260812
20
227.2276611328125
11
775.5349975527813
21
207.42867125961249
0
LINE
5
72F
100
AcDbEntity
8
0
62
7.0
100
AcDbLine
10
775.5349975527813
20
247.02665100601251
11
795.3339874260812
21
227.2276611328125
0
ARC
5
730
100
AcDbEntity
8
0
62
7.0
100
AcDbCircle
10
749.3700531012626
20
395.0471496582031
40
28.0
50
-45.0
51
45.0
0
LINE
5
731
100
AcDbEntity
8
0
62
7.0
100
AcDbLine
10
749.3700531012626
20
395.0471496582031
11
769.1690429745624
21
414.84613953140314
0
LINE
5
732
100
AcDbEntity
8
0
62
7.0
100
AcDbLine
10
769.1690429745624
20
375.2481597850031
11
749.3700531012626
21
395.0471496582031
0
ARC
5
733
100
AcDbEntity
8
0
62
7.0
100
AcDbCircle
10
800.8302032463937
20
303.0313415527344
40
28.0
50
135.0
51
225.0
0
LINE
5
734
100
AcDbEntity
8
0
62
7.0
100
AcDbLine
10
800.8302032463937
20
303.0313415527344
11
781.0312133730938
21
283.23235167953436
0
LINE
5
735
100
AcDbEntity
8
0
62
7.0
100
AcDbLine
10
781.0312133730938
20
322.8303314259344
11
800.8302032463937
21
303.0313415527344
0
ARC
5
736
100
AcDbEntity
8
0
62
7.0
100
AcDbCircle
10
771.355526734075
20
256.86322021484375
40
28.0
50
-45.0
51
45.0
0
LINE
5
737
100
AcDbEntity
8
0
62
7.0
100
AcDbLine
10
771.355526734075
20
256.86322021484375
11
791.154516607375
21
276.66221008804376
0
LINE
5
738
100
AcDbEntity
8
0
62
7.0
100
AcDbLine
10
791.154516607375
20
237.06423034164374
11
771.355526734075
21
256.86322021484375
0
ARC
5
739
100
AcDbEntity
8
0
62
7.0
100
AcDbCircle
10
723.2015350348563
20
603.2680053710938
40
28.0
50
-45.0
51
45.0
0
LINE
5
73A
100
AcDbEntity
8
0
62
7.0
100
AcDbLine
10
723.2015350348563
20
603.2680053710938
11
743.0005249081562
21
623.0669952442937
0
LINE
5
73B
100
AcDbEntity
8
0
62
7.0
100
AcDbLine
10
743.0005249081562
20
583.4690154978938
11
723.2015350348563
21
603.2680053710938
0
ARC
5
73C
100
AcDbEntity
8
0
62
7.0
100
AcDbCircle
10
753.0052459723563
20
534.4227905273438
40
28.0
50
-45.0
51
45.0
0
LINE
5
73D
100
AcDbEntity
8
0
62
7.0
100
AcDbLine
10
753.0052459723563
20
534.4227905273438
11
772.8042358456562
21
554.2217804005437
0
LINE
5
73E
100
AcDbEntity
8
0
62
7.0
100
AcDbLine
10
772.8042358456562
20
514.6238006541438
11
753.0052459723563
21
534.4227905273438
0
ARC
5
73F
100
AcDbEntity
8
0
62
7.0
100
AcDbCircle
10
777.8069427497
20
167.1529998779297
40
28.0
50
-45.0
51
45.0
0
LINE
5
740
100
AcDbEntity
8
0
62
7.0
100
AcDbLine
10
777.8069427497
20
167.1529998779297
11
797.605932623
21
186.9519897511297
0
LINE
5
741
100
AcDbEntity
8
0
62
7.0
100
AcDbLine
10
797.605932623
20
147.35401000472967
11
777.8069427497
21
167.1529998779297
0
ARC
5
742
100
AcDbEntity
8
0
62
7.0
100
AcDbCircle
10
746.0157440192313
20
580.5939331054688
40
28.0
50
-45.0
51
45.0
0
LINE
5
743
100
AcDbEntity
8
0
62
7.0
100
AcDbLine
10
746.0157440192313
20
580.5939331054688
11
765.8147338925312
21
600.3929229786687
0
LINE
5
744
100
AcDbEntity
8
0
62
7.0
100
AcDbLine
10
765.8147338925312
20
560.7949432322688
11
746.0157440192313
21
580.5939331054688
0
ARC
5
745
100
AcDbEntity
8
0
62
7.0
100
AcDbCircle
10
754.9779022223563
20
491.0032043457031
40
28.0
50
-45.0
51
45.0
0
LINE
5
746
100
AcDbEntity
8
0
62
7.0
100
AcDbLine
10
754.9779022223563
20
491.0032043457031
11
774.7768920956562
21
510.80219421890314
0
LINE
5
747
100
AcDbEntity
8
0
62
7.0
100
AcDbLine
10
774.7768920956562
20
471.2042144725031
11
754.9779022223563
21
491.0032043457031
0
ARC
5
748
100
AcDbEntity
8
0
62
7.0
100
AcDbCircle
10
736.8198211676688
20
635.1092529296875
40
28.0
50
-45.0
51
45.0
0
LINE
5
749
100
AcDbEntity
8
0
62
7.0
100
AcDbLine
10
736.8198211676688
20
635.1092529296875
11
756.6188110409687
21
654.9082428028875
0
LINE
5
74A
100
AcDbEntity
8
0
62
7.0
100
AcDbLine
10
756.6188110409687
20
615.3102630564875
11
736.8198211676688
21
635.1092529296875
0
ARC
5
74B
100
AcDbEntity
8
0
62
7.0
100
AcDbCircle
10
823.5543243401437
20
205.8875274658203
40
28.0
50
135.0
51
225.0
0
LINE
5
74C
100
AcDbEntity
8
0
62
7.0
100
AcDbLine
10
823.5543243401437
20
205.8875274658203
11
803.7553344668438
21
186.0885375926203
0
LINE
5
74D
100
AcDbEntity
8
0
62
7.0
100
AcDbLine
10
803.7553344668438
20
225.68651733902033
11
823.5543243401437
21
205.8875274658203
0
ARC
5
74E
100
AcDbEntity
8
0
62
7.0
100
AcDbCircle
10
766.6604583747
20
342.8660583496094
40
28.0
50
-45.0
51
45.0
0
LINE
5
74F
100
AcDbEntity
8
0
62
7.0
100
AcDbLine
10
766.6604583747
20
342.8660583496094
11
786.459448248
21
362.6650482228094
0
LINE
5
750
100
AcDbEntity
8
0
62
7.0
100
AcDbLine
10
786.459448248
20
323.06706847640936
11
766.6604583747
21
342.8660583496094
0
ARC
5
751
100
AcDbEntity
8
0
62
7.0
100
AcDbCircle
10
746.5889282226563
20
739.84881896905
40
28.0
50
-135.0
51
-45.0
0
LINE
5
752
100
AcDbEntity
8
0
62
7.0
100
AcDbLine
10
746.5889282226563
20
739.84881896905
11
766.3879180958562
21
720.04982909575
0
LINE
5
753
100
AcDbEntity
8
0
62
7.0
100
AcDbLine
10
726.7899383494563
20
720.0498290957499
11
746.5889282226563
21
739.84881896905
0
ARC
5
754
100
AcDbEntity
8
0
62
7.0
100
AcDbCircle
10
778.5531616210938
20
445.4518768303781
40
28.0
50
-135.0
51
-45.0
0
LINE
5
755
100
AcDbEntity
8
0
62
7.0
100
AcDbLine
10
778.5531616210938
20
445.4518768303781
11
798.3521514942937
21
425.6528869570781
0
LINE
5
756
100
AcDbEntity
8
0
62
7.0
100
AcDbLine
10
758.7541717478938
20
425.6528869570781
11
778.5531616210938
21
445.4518768303781
0
ARC
5
757
100
AcDbEntity
8
0
62
7.0
100
AcDbCircle
10
759.5254547112374
20
899.3323974609375
40
28.0
50
135.0
51
225.0
0
LINE
5
758
100
AcDbEntity
8
0
62
7.0
100
AcDbLine
10
759.5254547112374
20
899.3323974609375
11
739.7264648379376
21
879.5334075877375
0
LINE
5
759
100
AcDbEntity
8
0
62
7.0
100
AcDbLine
10
739.7264648379376
20
919.1313873341375
11
759.5254547112374
21
899.3323974609375
0
ARC
5
75A
100
AcDbEntity
8
0
62
7.0
100
AcDbCircle
10
777.4006927497
20
377.5791320800781
40
28.0
50
-45.0
51
45.0
0
LINE
5
75B
100
AcDbEntity
8
0
62
7.0
100
AcDbLine
10
777.4006927497
20
377.5791320800781
11
797.199682623
21
397.37812195327814
0
LINE
5
75C
100
AcDbEntity
8
0
62
7.0
100
AcDbLine
10
797.199682623
20
357.7801422068781
11
777.4006927497
21
377.5791320800781
0
ARC
5
75D
100
AcDbEntity
8
0
62
7.0
100
AcDbCircle
10
797.283261109075
20
237.81707763671875
40
28.0
50
-45.0
51
45.0
0
LINE
5
75E
100
AcDbEntity
8
0
62
7.0
100
AcDbLine
10
797.283261109075
20
237.81707763671875
11
817.082250982375
21
257.61606750991876
0
LINE
5
75F
100
AcDbEntity
8
0
62
7.0
100
AcDbLine
10
817.082250982375
20
218.01808776351874
11
797.283261109075
21
237.81707763671875
0
ARC
5
760
100
AcDbEntity
8
0
62
7.0
100
AcDbCircle
10
794.172793578425
20
616.3475341796875
40
28.0
50
135.0
51
225.0
0
LINE
5
761
100
AcDbEntity
8
0
62
7.0
100
AcDbLine
10
794.172793578425
20
616.3475341796875
11
774.373803705125
21
596.5485443064875
0
LINE
5
762
100
AcDbEntity
8
0
62
7.0
100
AcDbLine
10
774.373803705125
20
636.1465240528875
11
794.172793578425
21
616.3475341796875
0
ARC
5
763
100
AcDbEntity
8
0
62
7.0
100
AcDbCircle
10
760.9447631835938
20
731.9241302497
40
28.0
50
45.0
51
135.0
0
LINE
5
764
100
AcDbEntity
8
0
62
7.0
100
AcDbLine
10
760.9447631835938
20
731.9241302497
11
741.1457733103938
21
751.723120123
0
LINE
5
765
100
AcDbEntity
8
0
62
7.0
100
AcDbLine
10
780.7437530567937
20
751.723120123
11
760.9447631835938
21
731.9241302497
0
ARC
5
766
100
AcDbEntity
8
0
62
7.0
100
AcDbCircle
10
803.396054077825
20
49.84003448486328
40
28.0
50
-45.0
51
45.0
0
LINE
5
767
100
AcDbEntity
8
0
62
7.0
100
AcDbLine
10
803.396054077825
20
49.84003448486328
11
823.195043951125
21
69.63902435806328
0
LINE
5
768
100
AcDbEntity
8
0
62
7.0
100
AcDbLine
10
823.195043951125
20
30.04104461166328
11
803.396054077825
21
49.84003448486328
0
ARC
5
769
100
AcDbEntity
8
0
62
7.0
100
AcDbCircle
10
807.48065490655
20
461.9801025390625
40
28.0
50
135.0
51
225.0
0
LINE
5
76A
100
AcDbEntity
8
0
62
7.0
100
AcDbLine
10
807.48065490655
20
461.9801025390625
11
787.68166503325
21
442.1811126658625
0
LINE
5
76B
100
AcDbEntity
8
0
62
7.0
100
AcDbLine
10
787.68166503325
20
481.7790924122625
11
807.48065490655
21
461.9801025390625
0
ARC
5
76C
100
AcDbEntity
8
0
62
7.0
100
AcDbCircle
10
730.1571014411063
20
938.6143188476563
40
28.0
50
-45.0
51
45.0
0
LINE
5
76D
100
AcDbEntity
8
0
62
7.0
100
AcDbLine
10
730.1571014411063
20
938.6143188476563
11
749.9560913144062
21
958.4133087208562
0
LINE
5
76E
100
AcDbEntity
8
0
62
7.0
100
AcDbLine
10
749.9560913144062
20
918.8153289744563
11
730.1571014411063
21
938.6143188476563
0
ARC
5
76F
100
AcDbEntity
8
0
62
7.0
100
AcDbCircle
10
840.8445465081124
20
128.47303771972656
40
28.0
50
135.0
51
225.0
0
LINE
5
770
100
AcDbEntity
8
0
62
7.0
100
AcDbLine
10
840.8445465081124
20
128.47303771972656
11
821.0455566348126
21
108.67404784652656
0
LINE
5
771
100
AcDbEntity
8
0
62
7.0
100
AcDbLine
10
821.0455566348126
20
148.27202759292658
11
840.8445465081124
21
128.47303771972656
0
ARC
5
772
100
AcDbEntity
8
0
62
7.0
100
AcDbCircle
10
797.7837524414063
20
493.6509674079031
40
28.0
50
45.0
51
135.0
0
LINE
5
773
100
AcDbEntity
8
0
62
7.0
100
AcDbLine
10
797.7837524414063
20
493.6509674079031
11
777.9847625682063
21
513.4499572812031
0
LINE
5
774
100
AcDbEntity
8
0
62
7.0
100
AcDbLine
10
817.5827423146062
20
513.4499572812031
11
797.7837524414063
21
493.6509674079031
0
ARC
5
775
100
AcDbEntity
8
0
62
7.0
100
AcDbCircle
10
788.7255828864188
20
284.95281982421875
40
28.0
50
-45.0
51
45.0
0
LINE
5
776
100
AcDbEntity
8
0
62
7.0
100
AcDbLine
10
788.7255828864188
20
284.95281982421875
11
808.5245727597187
21
304.75180969741876
0
LINE
5
777
100
AcDbEntity
8
0
62
7.0
100
AcDbLine
10
808.5245727597187
20
265.15382995101874
11
788.7255828864188
21
284.95281982421875
0
ARC
5
778
100
AcDbEntity
8
0
62
7.0
100
AcDbCircle
10
750.94024353095
20
666.4404296875
40
28.0
50
-45.0
51
45.0
0
LINE
5
779
100
AcDbEntity
8
0
62
7.0
100
AcDbLine
10
750.94024353095
20
666.4404296875
11
770.73923340425
21
686.2394195607
0
LINE
5
77A
100
AcDbEntity
8
0
62
7.0
100
AcDbLine
10
770.73923340425
20
646.6414398143
11
750.94024353095
21
666.4404296875
0
ARC
5
77B
100
AcDbEntity
8
0
62
7.0
100
AcDbCircle
10
811.3176300042062
20
548.3034057617188
40
28.0
50
135.0
51
225.0
0
LINE
5
77C
100
AcDbEntity
8
0
62
7.0
100
AcDbLine
10
811.3176300042062
20
548.3034057617188
11
791.5186401309063
21
528.5044158885188
0
LINE
5
77D
100
AcDbEntity
8
0
62
7.0
100
AcDbLine
10
791.5186401309063
20
568.1023956349187
11
811.3176300042062
21
548.3034057617188
0
ARC
5
77E
100
AcDbEntity
8
0
62
7.0
100
AcDbCircle
10
826.9868804924874
20
411.24853515625
40
28.0
50
135.0
51
225.0
0
LINE
5
77F
100
AcDbEntity
8
0
62
7.0
100
AcDbLine
10
826.9868804924874
20
411.24853515625
11
807.1878906191876
21
391.44954528305
0
LINE
5
780
100
AcDbEntity
8
0
62
7.0
100
AcDbLine
10
807.1878906191876
20
431.04752502945
11
826.9868804924874
21
411.24853515625
0
ARC
5
781
100
AcDbEntity
8
0
62
7.0
100
AcDbCircle
10
777.9411010742188
20
684.8915985114188
40
28.0
50
45.0
51
135.0
0
LINE
5
782
100
AcDbEntity
8
0
62
7.0
100
AcDbLine
10
777.9411010742188
20
684.8915985114188
11
758.1421112010188
21
704.6905883847187
0
LINE
5
783
100
AcDbEntity
8
0
62
7.0
100
AcDbLine
10
797.7400909474187
20
704.6905883847187
11
777.9411010742188
21
684.8915985114188
0
ARC
5
784
100
AcDbEntity
8
0
62
7.0
100
AcDbCircle
10
824.3123199456124
20
326.2092590332031
40
28.0
50
135.0
51
225.0
0
LINE
5
785
100
AcDbEntity
8
0
62
7.0
100
AcDbLine
10
824.3123199456124
20
326.2092590332031
11
804.5133300723126
21
306.4102691600031
0
LINE
5
786
100
AcDbEntity
8
0
62
7.0
100
AcDbLine
10
804.5133300723126
20
346.00824890640314
11
824.3123199456124
21
326.2092590332031
0
ARC
5
787
100
AcDbEntity
8
0
62
7.0
100
AcDbCircle
10
800.8908050543876
20
355.28857421875
40
28.0
50
-45.0
51
45.0
0
LINE
5
788
100
AcDbEntity
8
0
62
7.0
100
AcDbLine
10
800.8908050543876
20
355.28857421875
11
820.6897949276874
21
375.08756409195
0
LINE
5
789
100
AcDbEntity
8
0
62
7.0
100
AcDbLine
10
820.6897949276874
20
335.48958434555
11
800.8908050543876
21
355.28857421875
0
ARC
5
78A
100
AcDbEntity
8
0
62
7.0
100
AcDbCircle
10
758.8888519293876
20
905.6283569335938
40
28.0
50
-45.0
51
45.0
0
LINE
5
78B
100
AcDbEntity
8
0
62
7.0
100
AcDbLine
10
758.8888519293876
20
905.6283569335938
11
778.6878418026874
21
925.4273468067937
0
LINE
5
78C
100
AcDbEntity
8
0
62
7.0
100
AcDbLine
10
778.6878418026874
20
885.8293670603938
11
758.8888519293876
21
905.6283569335938
0
ARC
5
78D
100
AcDbEntity
8
0
62
7.0
100
AcDbCircle
10
814.9908477776437
20
590.0825805664063
40
28.0
50
135.0
51
225.0
0
LINE
5
78E
100
AcDbEntity
8
0
62
7.0
100
AcDbLine
10
814.9908477776437
20
590.0825805664063
11
795.1918579043438
21
570.2835906932063
0
LINE
5
78F
100
AcDbEntity
8
0
62
7.0
100
AcDbLine
10
795.1918579043438
20
609.8815704396062
11
814.9908477776437
21
590.0825805664063
0
ARC
5
790
100
AcDbEntity
8
0
62
7.0
100
AcDbCircle
10
750.10302734375
20
963.6526458747
40
28.0
50
45.0
51
135.0
0
LINE
5
791
100
AcDbEntity
8
0
62
7.0
100
AcDbLine
10
750.10302734375
20
963.6526458747
11
730.30403747055
21
983.451635748
0
LINE
5
792
100
AcDbEntity
8
0
62
7.0
100
AcDbLine
10
769.90201721695
20
983.451635748
11
750.10302734375
21
963.6526458747
0
ARC
5
793
100
AcDbEntity
8
0
62
7.0
100
AcDbCircle
10
793.397216796875
20
622.7803924567313
40
28.0
50
45.0
51
135.0
0
LINE
5
794
100
AcDbEntity
8
0
62
7.0
100
AcDbLine
10
793.397216796875
20
622.7803924567313
11
773.598226923675
21
642.5793823300312
0
LINE
5
795
100
AcDbEntity
8
0
62
7.0
100
AcDbLine
10
813.196206670075
20
642.5793823300312
11
793.397216796875
21
622.7803924567313
0
ARC
5
796
100
AcDbEntity
8
0
62
7.0
100
AcDbCircle
10
809.7410858161063
20
169.62342834472656
40
28.0
50
-45.0
51
45.0
0
LINE
5
797
100
AcDbEntity
8
0
62
7.0
100
AcDbLine
10
809.7410858161063
20
169.62342834472656
11
829.5400756894062
21
189.42241821792658
0
LINE
5
798
100
AcDbEntity
8
0
62
7.0
100
AcDbLine
10
829.5400756894062
20
149.82443847152655
11
809.7410858161063
21
169.62342834472656
0
ARC
5
799
100
AcDbEntity
8
0
62
7.0
100
AcDbCircle
10
817.1448974609375
20
633.1853668206124
40
28.0
50
-135.0
51
-45.0
0
LINE
5
79A
100
AcDbEntity
8
0
62
7.0
100
AcDbLine
10
817.1448974609375
20
633.1853668206124
11
836.9438873341375
21
613.3863769473126
0
LINE
5
79B
100
AcDbEntity
8
0
62
7.0
100
AcDbLine
10
797.3459075877375
20
613.3863769473124
11
817.1448974609375
21
633.1853668206124
0
ARC
5
79C
100
AcDbEntity
8
0
62
7.0
100
AcDbCircle
10
812.9946319573312
20
674.6337890625
40
28.0
50
135.0
51
225.0
0
LINE
5
79D
100
AcDbEntity
8
0
62
7.0
100
AcDbLine
10
812.9946319573312
20
674.6337890625
11
793.1956420840313
21
654.8347991893
0
LINE
5
79E
100
AcDbEntity
8
0
62
7.0
100
AcDbLine
10
793.1956420840313
20
694.4327789357
11
812.9946319573312
21
674.6337890625
0
ARC
5
79F
100
AcDbEntity
8
0
62
7.0
100
AcDbCircle
10
760.6075408942313
20
949.0621337890624
40
28.0
50
-45.0
51
45.0
0
LINE
5
7A0
100
AcDbEntity
8
0
62
7.0
100
AcDbLine
10
760.6075408942313
20
949.0621337890624
11
780.4065307675312
21
968.8611236622623
0
LINE
5
7A1
100
AcDbEntity
8
0
62
7.0
100
AcDbLine
10
780.4065307675312
20
929.2631439158624
11
760.6075408942313
21
949.0621337890624
0
ARC
5
7A2
100
AcDbEntity
8
0
62
7.0
100
AcDbCircle
10
783.3055419921875
20
748.4561798088937
40
28.0
50
-135.0
51
-45.0
0
LINE
5
7A3
100
AcDbEntity
8
0
62
7.0
100
AcDbLine
10
783.3055419921875
20
748.4561798088937
11
803.1045318653875
21
728.6571899355938
0
LINE
5
7A4
100
AcDbEntity
8
0
62
7.0
100
AcDbLine
10
763.5065521189875
20
728.6571899355937
11
783.3055419921875
21
748.4561798088937
0
ARC
5
7A5
100
AcDbEntity
8
0
62
7.0
100
AcDbCircle
10
782.3729217536063
20
755.8096923828125
40
28.0
50
-45.0
51
45.0
0
LINE
5
7A6
100
AcDbEntity
8
0
62
7.0
100
AcDbLine
10
782.3729217536063
20
755.8096923828125
11
802.1719116269062
21
775.6086822560125
0
LINE
5
7A7
100
AcDbEntity
8
0
62
7.0
100
AcDbLine
10
802.1719116269062
20
736.0107025096125
11
782.3729217536063
21
755.8096923828125
0
ARC
5
7A8
100
AcDbEntity
8
0
62
7.0
100
AcDbCircle
10
812.5173950195313
20
502.2558319085031
40
28.0
50
-135.0
51
-45.0
0
LINE
5
7A9
100
AcDbEntity
8
0
62
7.0
100
AcDbLine
10
812.5173950195313
20
502.2558319085031
11
832.3163848927312
21
482.4568420352031
0
LINE
5
7AA
100
AcDbEntity
8
0
62
7.0
100
AcDbLine
10
792.7184051463313
20
482.4568420352031
11
812.5173950195313
21
502.2558319085031
0
ARC
5
7AB
100
AcDbEntity
8
0
62
7.0
100
AcDbCircle
10
810.7190551757813
20
883.8631561286063
40
28.0
50
45.0
51
135.0
0
LINE
5
7AC
100
AcDbEntity
8
0
62
7.0
100
AcDbLine
10
810.7190551757813
20
883.8631561286063
11
790.9200653025813
21
903.6621460019062
0
LINE
5
7AD
100
AcDbEntity
8
0
62
7.0
100
AcDbLine
10
830.5180450489812
20
903.6621460019062
11
810.7190551757813
21
883.8631561286063
0
ARC
5
7AE
100
AcDbEntity
8
0
62
7.0
100
AcDbCircle
10
796.0153778082938
20
697.2764282226563
40
28.0
50
-45.0
51
45.0
0
LINE
5
7AF
100
AcDbEntity
8
0
62
7.0
100
AcDbLine
10
796.0153778082938
20
697.2764282226563
11
815.8143676815937
21
717.0754180958562
0
LINE
5
7B0
100
AcDbEntity
8
0
62
7.0
100
AcDbLine
10
815.8143676815937
20
677.4774383494563
11
796.0153778082938
21
697.2764282226563
0
ARC
5
7B1
100
AcDbEntity
8
0
62
7.0
100
AcDbCircle
10
814.1968994140625
20
462.4075347893625
40
28.0
50
-135.0
51
-45.0
0
LINE
5
7B2
100
AcDbEntity
8
0
62
7.0
100
AcDbLine
10
814.1968994140625
20
462.4075347893625
11
833.9958892872625
21
442.6085449160625
0
LINE
5
7B3
100
AcDbEntity
8
0
62
7.0
100
AcDbLine
10
794.3979095408625
20
442.6085449160625
11
814.1968994140625
21
462.4075347893625
0
ARC
5
7B4
100
AcDbEntity
8
0
62
7.0
100
AcDbCircle
10
789.8936737067313
20
935.6638793945313
40
28.0
50
-45.0
51
45.0
0
LINE
5
7B5
100
AcDbEntity
8
0
62
7.0
100
AcDbLine
10
789.8936737067313
20
935.6638793945313
11
809.6926635800312
21
955.4628692677312
0
LINE
5
7B6
100
AcDbEntity
8
0
62
7.0
100
AcDbLine
10
809.6926635800312
20
915.8648895213313
11
789.8936737067313
21
935.6638793945313
0
ARC
5
7B7
100
AcDbEntity
8
0
62
7.0
100
AcDbCircle
10
817.9229125976563
20
587.0101348870187
40
28.0
50
-135.0
51
-45.0
0
LINE
5
7B8
100
AcDbEntity
8
0
62
7.0
100
AcDbLine
10
817.9229125976563
20
587.0101348870187
11
837.7219024708562
21
567.2111450137188
0
LINE
5
7B9
100
AcDbEntity
8
0
62
7.0
100
AcDbLine
10
798.1239227244563
20
567.2111450137187
11
817.9229125976563
21
587.0101348870187
0
ARC
5
7BA
100
AcDbEntity
8
0
62
7.0
100
AcDbCircle
10
802.8547943122
20
533.8995971679688
40
28.0
50
-45.0
51
45.0
0
LINE
5
7BB
100
AcDbEntity
8
0
62
7.0
100
AcDbLine
10
802.8547943122
20
533.8995971679688
11
822.6537841855
21
553.6985870411687
0
LINE
5
7BC
100
AcDbEntity
8
0
62
7.0
100
AcDbLine
10
822.6537841855
20
514.1006072947688
11
802.8547943122
21
533.8995971679688
0
ARC
5
7BD
100
AcDbEntity
8
0
62
7.0
100
AcDbCircle
10
822.6609497070313
20
638.8313568122
40
28.0
50
45.0
51
135.0
0
LINE
5
7BE
100
AcDbEntity
8
0
62
7.0
100
AcDbLine
10
822.6609497070313
20
638.8313568122
11
802.8619598338313
21
658.6303466855
0
LINE
5
7BF
100
AcDbEntity
8
0
62
7.0
100
AcDbLine
10
842.4599395802312
20
658.6303466855
11
822.6609497070313
21
638.8313568122
0
ARC
5
7C0
100
AcDbEntity
8
0
62
7.0
100
AcDbCircle
10
819.9542205817313
20
215.1459045410156
40
28.0
50
-45.0
51
45.0
0
LINE
5
7C1
100
AcDbEntity
8
0
62
7.0
100
AcDbLine
10
819.9542205817313
20
215.1459045410156
11
839.7532104550312
21
234.94489441421558
0
LINE
5
7C2
100
AcDbEntity
8
0
62
7.0
100
AcDbLine
10
839.7532104550312
20
195.3469146678156
11
819.9542205817313
21
215.1459045410156
0
ARC
5
7C3
100
AcDbEntity
8
0
62
7.0
100
AcDbCircle
10
849.0731231682687
20
88.65396881103516
40
28.0
50
135.0
51
225.0
0
LINE
5
7C4
100
AcDbEntity
8
0
62
7.0
100
AcDbLine
10
849.0731231682687
20
88.65396881103516
11
829.2741332949688
21
68.85497893783516
0
LINE
5
7C5
100
AcDbEntity
8
0
62
7.0
100
AcDbLine
10
829.2741332949688
20
108.45295868423516
11
849.0731231682687
21
88.65396881103516
0
ARC
5
7C6
100
AcDbEntity
8
0
62
7.0
100
AcDbCircle
10
814.6883514411063
20
265.8660888671875
40
28.0
50
-45.0
51
45.0
0
LINE
5
7C7
100
AcDbEntity
8
0
62
7.0
100
AcDbLine
10
814.6883514411063
20
265.8660888671875
11
834.4873413144062
21
285.6650787403875
0
LINE
5
7C8
100
AcDbEntity
8
0
62
7.0
100
AcDbLine
10
834.4873413144062
20
246.06709899398749
11
814.6883514411063
21
265.8660888671875
0
ARC
5
7C9
100
AcDbEntity
8
0
62
7.0
100
AcDbCircle
10
824.4923065192313
20
682.252197265625
40
28.0
50
-45.0
51
45.0
0
LINE
5
7CA
100
AcDbEntity
8
0
62
7.0
100
AcDbLine
10
824.4923065192313
20
682.252197265625
11
844.2912963925312
21
702.051187138825
0
LINE
5
7CB
100
AcDbEntity
8
0
62
7.0
100
AcDbLine
10
844.2912963925312
20
662.453207392425
11
824.4923065192313
21
682.252197265625
0
ARC
5
7CC
100
AcDbEntity
8
0
62
7.0
100
AcDbCircle
10
818.7161834723563
20
921.1852416992188
40
28.0
50
-45.0
51
45.0
0
LINE
5
7CD
100
AcDbEntity
8
0
62
7.0
100
AcDbLine
10
818.7161834723563
20
921.1852416992188
11
838.5151733456562
21
940.9842315724187
0
LINE
5
7CE
100
AcDbEntity
8
0
62
7.0
100
AcDbLine
10
838.5151733456562
20
901.3862518260188
11
818.7161834723563
21
921.1852416992188
0
ARC
5
7CF
100
AcDbEntity
8
0
62
7.0
100
AcDbCircle
10
798.4882171637626
20
972.5230712890624
40
28.0
50
-45.0
51
45.0
0
LINE
5
7D0
100
AcDbEntity
8
0
62
7.0
100
AcDbLine
10
798.4882171637626
20
972.5230712890624
11
818.2872070370624
21
992.3220611622623
0
LINE
5
7D1
100
AcDbEntity
8
0
62
7.0
100
AcDbLine
10
818.2872070370624
20
952.7240814158624
11
798.4882171637626
21
972.5230712890624
0
ARC
5
7D2
100
AcDbEntity
8
0
62
7.0
100
AcDbCircle
10
849.8333160393624
20
306.67010498046875
40
28.0
50
135.0
51
225.0
0
LINE
5
7D3
100
AcDbEntity
8
0
62
7.0
100
AcDbLine
10
849.8333160393624
20
306.67010498046875
11
830.0343261660626
21
286.87111510726874
0
LINE
5
7D4
100
AcDbEntity
8
0
62
7.0
100
AcDbLine
10
830.0343261660626
20
326.46909485366876
11
849.8333160393624
21
306.67010498046875
0
ARC
5
7D5
100
AcDbEntity
8
0
62
7.0
100
AcDbCircle
10
811.5510223395438
20
390.0798034667969
40
28.0
50
-45.0
51
45.0
0
LINE
5
7D6
100
AcDbEntity
8
0
62
7.0
100
AcDbLine
10
811.5510223395438
20
390.0798034667969
11
831.3500122128437
21
409.8787933399969
0
LINE
5
7D7
100
AcDbEntity
8
0
62
7.0
100
AcDbLine
10
831.3500122128437
20
370.28081359359686
11
811.5510223395438
21
390.0798034667969
0
ARC
5
7D8
100
AcDbEntity
8
0
62
7.0
100
AcDbCircle
10
820.7611053473563
20
589.8343505859375
40
28.0
50
-45.0
51
45.0
0
LINE
5
7D9
100
AcDbEntity
8
0
62
7.0
100
AcDbLine
10
820.7611053473563
20
589.8343505859375
11
840.5600952206562
21
609.6333404591375
0
LINE
5
7DA
100
AcDbEntity
8
0
62
7.0
100
AcDbLine
10
840.5600952206562
20
570.0353607127375
11
820.7611053473563
21
589.8343505859375
0
ARC
5
7DB
100
AcDbEntity
8
0
62
7.0
100
AcDbCircle
10
825.1978149414063
20
713.557675171575
40
28.0
50
45.0
51
135.0
0
LINE
5
7DC
100
AcDbEntity
8
0
62
7.0
100
AcDbLine
10
825.1978149414063
20
713.557675171575
11
805.3988250682063
21
733.356665044875
0
LINE
5
7DD
100
AcDbEntity
8
0
62
7.0
100
AcDbLine
10
844.9968048146062
20
733.356665044875
11
825.1978149414063
21
713.557675171575
0
ARC
5
7DE
100
AcDbEntity
8
0
62
7.0
100
AcDbCircle
10
817.3870819098563
20
503.0475158691406
40
28.0
50
-45.0
51
45.0
0
LINE
5
7DF
100
AcDbEntity
8
0
62
7.0
100
AcDbLine
10
817.3870819098563
20
503.0475158691406
11
837.1860717831562
21
522.8465057423406
0
LINE
5
7E0
100
AcDbEntity
8
0
62
7.0
100
AcDbLine
10
837.1860717831562
20
483.2485259959406
11
817.3870819098563
21
503.0475158691406
0
ARC
5
7E1
100
AcDbEntity
8
0
62
7.0
100
AcDbCircle
10
826.0974090582938
20
27.13260078430176
40
28.0
50
-45.0
51
45.0
0
LINE
5
7E2
100
AcDbEntity
8
0
62
7.0
100
AcDbLine
10
826.0974090582938
20
27.13260078430176
11
845.8963989315937
21
46.93159065750176
0
LINE
5
7E3
100
AcDbEntity
8
0
62
7.0
100
AcDbLine
10
845.8963989315937
20
7.333610911101761
11
826.0974090582938
21
27.13260078430176
0
ARC
5
7E4
100
AcDbEntity
8
0
62
7.0
100
AcDbCircle
10
857.9393341057687
20
964.8118286132813
40
28.0
50
135.0
51
225.0
0
LINE
5
7E5
100
AcDbEntity
8
0
62
7.0
100
AcDbLine
10
857.9393341057687
20
964.8118286132813
11
838.1403442324688
21
945.0128387400813
0
LINE
5
7E6
100
AcDbEntity
8
0
62
7.0
100
AcDbLine
10
838.1403442324688
20
984.6108184864812
11
857.9393341057687
21
964.8118286132813
0
ARC
5
7E7
100
AcDbEntity
8
0
62
7.0
100
AcDbCircle
10
821.1740081793876
20
461.0895385742187
40
28.0
50
-45.0
51
45.0
0
LINE
5
7E8
100
AcDbEntity
8
0
62
7.0
100
AcDbLine
10
821.1740081793876
20
461.0895385742187
11
840.9729980526874
21
480.8885284474187
0
LINE
5
7E9
100
AcDbEntity
8
0
62
7.0
100
AcDbLine
10
840.9729980526874
20
441.2905487010187
11
821.1740081793876
21
461.0895385742187
0
ARC
5
7EA
100
AcDbEntity
8
0
62
7.0
100
AcDbCircle
10
837.4775360114188
20
288.5360412597656
40
28.0
50
-45.0
51
45.0
0
LINE
5
7EB
100
AcDbEntity
8
0
62
7.0
100
AcDbLine
10
837.4775360114188
20
288.5360412597656
11
857.2765258847187
21
308.33503113296564
0
LINE
5
7EC
100
AcDbEntity
8
0
62
7.0
100
AcDbLine
10
857.2765258847187
20
268.7370513865656
11
837.4775360114188
21
288.5360412597656
0
ARC
5
7ED
100
AcDbEntity
8
0
62
7.0
100
AcDbCircle
10
863.0406524651437
20
338.9177551269531
40
28.0
50
135.0
51
225.0
0
LINE
5
7EE
100
AcDbEntity
8
0
62
7.0
100
AcDbLine
10
863.0406524651437
20
338.9177551269531
11
843.2416625918438
21
319.1187652537531
0
LINE
5
7EF
100
AcDbEntity
8
0
62
7.0
100
AcDbLine
10
843.2416625918438
20
358.71674500015314
11
863.0406524651437
21
338.9177551269531
0
ARC
5
7F0
100
AcDbEntity
8
0
62
7.0
100
AcDbCircle
10
829.391171265325
20
754.682861328125
40
28.0
50
-45.0
51
45.0
0
LINE
5
7F1
100
AcDbEntity
8
0
62
7.0
100
AcDbLine
10
829.391171265325
20
754.682861328125
11
849.190161138625
21
774.481851201325
0
LINE
5
7F2
100
AcDbEntity
8
0
62
7.0
100
AcDbLine
10
849.190161138625
20
734.883871454925
11
829.391171265325
21
754.682861328125
0
ARC
5
7F3
100
AcDbEntity
8
0
62
7.0
100
AcDbCircle
10
838.5214813239188
20
894.8218994140625
40
28.0
50
-45.0
51
45.0
0
LINE
5
7F4
100
AcDbEntity
8
0
62
7.0
100
AcDbLine
10
838.5214813239188
20
894.8218994140625
11
858.3204711972187
21
914.6208892872625
0
LINE
5
7F5
100
AcDbEntity
8
0
62
7.0
100
AcDbLine
10
858.3204711972187
20
875.0229095408625
11
838.5214813239188
21
894.8218994140625
0
ARC
5
7F6
100
AcDbEntity
8
0
62
7.0
100
AcDbCircle
10
861.5996734612374
20
545.7450561523438
40
28.0
50
135.0
51
225.0
0
LINE
5
7F7
100
AcDbEntity
8
0
62
7.0
100
AcDbLine
10
861.5996734612374
20
545.7450561523438
11
841.8006835879376
21
525.9460662791438
0
LINE
5
7F8
100
AcDbEntity
8
0
62
7.0
100
AcDbLine
10
841.8006835879376
20
565.5440460255437
11
861.5996734612374
21
545.7450561523438
0
ARC
5
7F9
100
AcDbEntity
8
0
62
7.0
100
AcDbCircle
10
838.805722046575
20
183.2059631347656
40
28.0
50
-45.0
51
45.0
0
LINE
5
7FA
100
AcDbEntity
8
0
62
7.0
100
AcDbLine
10
838.805722046575
20
183.2059631347656
11
858.604711919875
21
203.00495300796558
0
LINE
5
7FB
100
AcDbEntity
8
0
62
7.0
100
AcDbLine
10
858.604711919875
20
163.4069732615656
11
838.805722046575
21
183.2059631347656
0
ARC
5
7FC
100
AcDbEntity
8
0
62
7.0
100
AcDbCircle
10
836.7836273200126
20
715.416015625
40
28.0
50
-45.0
51
45.0
0
LINE
5
7FD
100
AcDbEntity
8
0
62
7.0
100
AcDbLine
10
836.7836273200126
20
715.416015625
11
856.5826171933124
21
735.2150054982
0
LINE
5
7FE
100
AcDbEntity
8
0
62
7.0
100
AcDbLine
10
856.5826171933124
20
695.6170257518
11
836.7836273200126
21
715.416015625
0
ARC
5
7FF
100
AcDbEntity
8
0
62
7.0
100
AcDbCircle
10
826.2626922614188
20
420.8312377929687
40
28.0
50
-45.0
51
45.0
0
LINE
5
800
100
AcDbEntity
8
0
62
7.0
100
AcDbLine
10
826.2626922614188
20
420.8312377929687
11
846.0616821347187
21
440.6302276661687
0
LINE
5
801
100
AcDbEntity
8
0
62
7.0
100
AcDbLine
10
846.0616821347187
20
401.0322479197687
11
826.2626922614188
21
420.8312377929687
0
ARC
5
802
100
AcDbEntity
8
0
62
7.0
100
AcDbCircle
10
856.491455078125
20
262.3139373772531
40
28.0
50
-135.0
51
-45.0
0
LINE
5
803
100
AcDbEntity
8
0
62
7.0
100
AcDbLine
10
856.491455078125
20
262.3139373772531
11
876.290444951325
21
242.51494750395312
0
LINE
5
804
100
AcDbEntity
8
0
62
7.0
100
AcDbLine
10
836.692465204925
20
242.51494750395312
11
856.491455078125
21
262.3139373772531
0
ARC
5
805
100
AcDbEntity
8
0
62
7.0
100
AcDbCircle
10
830.713436890325
20
112.68079376220705
40
28.0
50
-45.0
51
45.0
0
LINE
5
806
100
AcDbEntity
8
0
62
7.0
100
AcDbLine
10
830.713436890325
20
112.68079376220705
11
850.512426763625
21
132.47978363540705
0
LINE
5
807
100
AcDbEntity
8
0
62
7.0
100
AcDbLine
10
850.512426763625
20
92.88180388900705
11
830.713436890325
21
112.68079376220705
0
ARC
5
808
100
AcDbEntity
8
0
62
7.0
100
AcDbCircle
10
850.9454925543876
20
778.5869140625
40
28.0
50
-45.0
51
45.0
0
LINE
5
809
100
AcDbEntity
8
0
62
7.0
100
AcDbLine
10
850.9454925543876
20
778.5869140625
11
870.7444824276874
21
798.3859039357
0
LINE
5
80A
100
AcDbEntity
8
0
62
7.0
100
AcDbLine
10
870.7444824276874
20
758.7879241893
11
850.9454925543876
21
778.5869140625
0
ARC
5
80B
100
AcDbEntity
8
0
62
7.0
100
AcDbCircle
10
833.039608765325
20
65.64291381835938
40
28.0
50
-45.0
51
45.0
0
LINE
5
80C
100
AcDbEntity
8
0
62
7.0
100
AcDbLine
10
833.039608765325
20
65.64291381835938
11
852.838598638625
21
85.44190369155938
0
LINE
5
80D
100
AcDbEntity
8
0
62
7.0
100
AcDbLine
10
852.838598638625
20
45.843923945159375
11
833.039608765325
21
65.64291381835938
0
ARC
5
80E
100
AcDbEntity
8
0
62
7.0
100
AcDbCircle
10
867.662051390925
20
627.1453857421875
40
28.0
50
135.0
51
225.0
0
LINE
5
80F
100
AcDbEntity
8
0
62
7.0
100
AcDbLine
10
867.662051390925
20
627.1453857421875
11
847.863061517625
21
607.3463958689875
0
LINE
5
810
100
AcDbEntity
8
0
62
7.0
100
AcDbLine
10
847.863061517625
20
646.9443756153875
11
867.662051390925
21
627.1453857421875
0
ARC
5
811
100
AcDbEntity
8
0
62
7.0
100
AcDbCircle
10
850.043026734075
20
475.0548706054687
40
28.0
50
-45.0
51
45.0
0
LINE
5
812
100
AcDbEntity
8
0
62
7.0
100
AcDbLine
10
850.043026734075
20
475.0548706054687
11
869.842016607375
21
494.8538604786687
0
LINE
5
813
100
AcDbEntity
8
0
62
7.0
100
AcDbLine
10
869.842016607375
20
455.2558807322687
11
850.043026734075
21
475.0548706054687
0
ARC
5
814
100
AcDbEntity
8
0
62
7.0
100
AcDbCircle
10
843.4860809332938
20
521.6995239257813
40
28.0
50
-45.0
51
45.0
0
LINE
5
815
100
AcDbEntity
8
0
62
7.0
100
AcDbLine
10
843.4860809332938
20
521.6995239257813
11
863.2850708065937
21
541.4985137989812
0
LINE
5
816
100
AcDbEntity
8
0
62
7.0
100
AcDbLine
10
863.2850708065937
20
501.90053405258124
11
843.4860809332938
21
521.6995239257813
0
ARC
5
817
100
AcDbEntity
8
0
62
7.0
100
AcDbCircle
10
842.12090759345
20
943.1594848632813
40
28.0
50
-45.0
51
45.0
0
LINE
5
818
100
AcDbEntity
8
0
62
7.0
100
AcDbLine
10
842.12090759345
20
943.1594848632813
11
861.91989746675
21
962.9584747364812
0
LINE
5
819
100
AcDbEntity
8
0
62
7.0
100
AcDbLine
10
861.91989746675
20
923.3604949900813
11
842.12090759345
21
943.1594848632813
0
ARC
5
81A
100
AcDbEntity
8
0
62
7.0
100
AcDbCircle
10
855.2966918945313
20
388.5467254631906
40
28.0
50
-135.0
51
-45.0
0
LINE
5
81B
100
AcDbEntity
8
0
62
7.0
100
AcDbLine
10
855.2966918945313
20
388.5467254631906
11
875.0956817677312
21
368.7477355898906
0
LINE
5
81C
100
AcDbEntity
8
0
62
7.0
100
AcDbLine
10
835.4977020213313
20
368.7477355898906
11
855.2966918945313
21
388.5467254631906
0
ARC
5
81D
100
AcDbEntity
8
0
62
7.0
100
AcDbCircle
10
878.750430297175
20
812.0491943359375
40
28.0
50
135.0
51
225.0
0
LINE
5
81E
100
AcDbEntity
8
0
62
7.0
100
AcDbLine
10
878.750430297175
20
812.0491943359375
11
858.951440423875
21
792.2502044627375
0
LINE
5
81F
100
AcDbEntity
8
0
62
7.0
100
AcDbLine
10
858.951440423875
20
831.8481842091375
11
878.750430297175
21
812.0491943359375
0
ARC
5
820
100
AcDbEntity
8
0
62
7.0
100
AcDbCircle
10
878.69354553155
20
574.1168212890625
40
28.0
50
135.0
51
225.0
0
LINE
5
821
100
AcDbEntity
8
0
62
7.0
100
AcDbLine
10
878.69354553155
20
574.1168212890625
11
858.89455565825
21
554.3178314158625
0
LINE
5
822
100
AcDbEntity
8
0
62
7.0
100
AcDbLine
10
858.89455565825
20
593.9158111622625
11
878.69354553155
21
574.1168212890625
0
ARC
5
823
100
AcDbEntity
8
0
62
7.0
100
AcDbCircle
10
882.7869903557687
20
142.4908905029297
40
28.0
50
135.0
51
225.0
0
LINE
5
824
100
AcDbEntity
8
0
62
7.0
100
AcDbLine
10
882.7869903557687
20
142.4908905029297
11
862.9880004824688
21
122.69190062972969
0
LINE
5
825
100
AcDbEntity
8
0
62
7.0
100
AcDbLine
10
862.9880004824688
20
162.2898803761297
11
882.7869903557687
21
142.4908905029297
0
ARC
5
826
100
AcDbEntity
8
0
62
7.0
100
AcDbCircle
10
850.2267425543876
20
399.2882080078125
40
28.0
50
-45.0
51
45.0
0
LINE
5
827
100
AcDbEntity
8
0
62
7.0
100
AcDbLine
10
850.2267425543876
20
399.2882080078125
11
870.0257324276874
21
419.0871978810125
0
LINE
5
828
100
AcDbEntity
8
0
62
7.0
100
AcDbLine
10
870.0257324276874
20
379.4892181346125
11
850.2267425543876
21
399.2882080078125
0
ARC
5
829
100
AcDbEntity
8
0
62
7.0
100
AcDbCircle
10
847.0277679450126
20
653.4378662109375
40
28.0
50
-45.0
51
45.0
0
LINE
5
82A
100
AcDbEntity
8
0
62
7.0
100
AcDbLine
10
847.0277679450126
20
653.4378662109375
11
866.8267578183124
21
673.2368560841375
0
LINE
5
82B
100
AcDbEntity
8
0
62
7.0
100
AcDbLine
10
866.8267578183124
20
633.6388763377375
11
847.0277679450126
21
653.4378662109375
0
ARC
5
82C
100
AcDbEntity
8
0
62
7.0
100
AcDbCircle
10
861.7005584723563
20
551.30224609375
40
28.0
50
-45.0
51
45.0
0
LINE
5
82D
100
AcDbEntity
8
0
62
7.0
100
AcDbLine
10
861.7005584723563
20
551.30224609375
11
881.4995483456562
21
571.10123596695
0
LINE
5
82E
100
AcDbEntity
8
0
62
7.0
100
AcDbLine
10
881.4995483456562
20
531.50325622055
11
861.7005584723563
21
551.30224609375
0
ARC
5
82F
100
AcDbEntity
8
0
62
7.0
100
AcDbCircle
10
852.9739959723563
20
214.49217224121097
40
28.0
50
-45.0
51
45.0
0
LINE
5
830
100
AcDbEntity
8
0
62
7.0
100
AcDbLine
10
852.9739959723563
20
214.49217224121097
11
872.7729858456562
21
234.29116211441095
0
LINE
5
831
100
AcDbEntity
8
0
62
7.0
100
AcDbLine
10
872.7729858456562
20
194.69318236801098
11
852.9739959723563
21
214.49217224121097
0
ARC
5
832
100
AcDbEntity
8
0
62
7.0
100
AcDbCircle
10
865.5657928473563
20
165.37498474121094
40
28.0
50
-45.0
51
45.0
0
LINE
5
833
100
AcDbEntity
8
0
62
7.0
100
AcDbLine
10
865.5657928473563
20
165.37498474121094
11
885.3647827206562
21
185.17397461441095
0
LINE
5
834
100
AcDbEntity
8
0
62
7.0
100
AcDbLine
10
885.3647827206562
20
145.57599486801092
11
865.5657928473563
21
165.37498474121094
0
ARC
5
835
100
AcDbEntity
8
0
62
7.0
100
AcDbCircle
10
858.0914276129813
20
29.036096572875977
40
28.0
50
-45.0
51
45.0
0
LINE
5
836
100
AcDbEntity
8
0
62
7.0
100
AcDbLine
10
858.0914276129813
20
29.036096572875977
11
877.8904174862812
21
48.83508644607598
0
LINE
5
837
100
AcDbEntity
8
0
62
7.0
100
AcDbLine
10
877.8904174862812
20
9.237106699675977
11
858.0914276129813
21
29.036096572875977
0
ARC
5
838
100
AcDbEntity
8
0
62
7.0
100
AcDbCircle
10
883.6370880120187
20
852.6201782226563
40
28.0
50
135.0
51
225.0
0
LINE
5
839
100
AcDbEntity
8
0
62
7.0
100
AcDbLine
10
883.6370880120187
20
852.6201782226563
11
863.8380981387188
21
832.8211883494563
0
LINE
5
83A
100
AcDbEntity
8
0
62
7.0
100
AcDbLine
10
863.8380981387188
20
872.4191680958562
11
883.6370880120187
21
852.6201782226563
0
ARC
5
83B
100
AcDbEntity
8
0
62
7.0
100
AcDbCircle
10
861.5988739020438
20
917.1962280273438
40
28.0
50
-45.0
51
45.0
0
LINE
5
83C
100
AcDbEntity
8
0
62
7.0
100
AcDbLine
10
861.5988739020438
20
917.1962280273438
11
881.3978637753437
21
936.9952179005437
0
LINE
5
83D
100
AcDbEntity
8
0
62
7.0
100
AcDbLine
10
881.3978637753437
20
897.3972381541438
11
861.5988739020438
21
917.1962280273438
0
ARC
5
83E
100
AcDbEntity
8
0
62
7.0
100
AcDbCircle
10
892.2985870354562
20
692.7651977539063
40
28.0
50
135.0
51
225.0
0
LINE
5
83F
100
AcDbEntity
8
0
62
7.0
100
AcDbLine
10
892.2985870354562
20
692.7651977539063
11
872.4995971621563
21
672.9662078807063
0
LINE
5
840
100
AcDbEntity
8
0
62
7.0
100
AcDbLine
10
872.4995971621563
20
712.5641876271062
11
892.2985870354562
21
692.7651977539063
0
ARC
5
841
100
AcDbEntity
8
0
62
7.0
100
AcDbCircle
10
893.0638458245187
20
311.3810729980469
40
28.0
50
135.0
51
225.0
0
LINE
5
842
100
AcDbEntity
8
0
62
7.0
100
AcDbLine
10
893.0638458245187
20
311.3810729980469
11
873.2648559512188
21
291.58208312484686
0
LINE
5
843
100
AcDbEntity
8
0
62
7.0
100
AcDbLine
10
873.2648559512188
20
331.1800628712469
11
893.0638458245187
21
311.3810729980469
0
ARC
5
844
100
AcDbEntity
8
0
62
7.0
100
AcDbCircle
10
893.8560821526437
20
736.255859375
40
28.0
50
135.0
51
225.0
0
LINE
5
845
100
AcDbEntity
8
0
62
7.0
100
AcDbLine
10
893.8560821526437
20
736.255859375
11
874.0570922793438
21
716.4568695018
0
LINE
5
846
100
AcDbEntity
8
0
62
7.0
100
AcDbLine
10
874.0570922793438
20
756.0548492482
11
893.8560821526437
21
736.255859375
0
ARC
5
847
100
AcDbEntity
8
0
62
7.0
100
AcDbCircle
10
859.5512054450126
20
264.92333984375
40
28.0
50
-45.0
51
45.0
0
LINE
5
848
100
AcDbEntity
8
0
62
7.0
100
AcDbLine
10
859.5512054450126
20
264.92333984375
11
879.3501953183124
21
284.72232971695
0
LINE
5
849
100
AcDbEntity
8
0
62
7.0
100
AcDbLine
10
879.3501953183124
20
245.12434997054999
11
859.5512054450126
21
264.92333984375
0
ARC
5
84A
100
AcDbEntity
8
0
62
7.0
100
AcDbCircle
10
857.7133758551688
20
437.2627258300781
40
28.0
50
-45.0
51
45.0
0
LINE
5
84B
100
AcDbEntity
8
0
62
7.0
100
AcDbLine
10
857.7133758551688
20
437.2627258300781
11
877.5123657284687
21
457.06171570327814
0
LINE
5
84C
100
AcDbEntity
8
0
62
7.0
100
AcDbLine
10
877.5123657284687
20
417.4637359568781
11
857.7133758551688
21
437.2627258300781
0
ARC
5
84D
100
AcDbEntity
8
0
62
7.0
100
AcDbCircle
10
857.773495484075
20
85.9853515625
40
28.0
50
-45.0
51
45.0
0
LINE
5
84E
100
AcDbEntity
8
0
62
7.0
100
AcDbLine
10
857.773495484075
20
85.9853515625
11
877.572485357375
21
105.7843414357
0
LINE
5
84F
100
AcDbEntity
8
0
62
7.0
100
AcDbLine
10
877.572485357375
20
66.1863616893
11
857.773495484075
21
85.9853515625
0
ARC
5
850
100
AcDbEntity
8
0
62
7.0
100
AcDbCircle
10
891.9755889885812
20
606.2946166992188
40
28.0
50
135.0
51
225.0
0
LINE
5
851
100
AcDbEntity
8
0
62
7.0
100
AcDbLine
10
891.9755889885812
20
606.2946166992188
11
872.1765991152813
21
586.4956268260188
0
LINE
5
852
100
AcDbEntity
8
0
62
7.0
100
AcDbLine
10
872.1765991152813
20
626.0936065724187
11
891.9755889885812
21
606.2946166992188
0
ARC
5
853
100
AcDbEntity
8
0
62
7.0
100
AcDbCircle
10
877.3385589606376
20
713.3824462890625
40
28.0
50
-45.0
51
45.0
0
LINE
5
854
100
AcDbEntity
8
0
62
7.0
100
AcDbLine
10
877.3385589606376
20
713.3824462890625
11
897.1375488339374
21
733.1814361622625
0
LINE
5
855
100
AcDbEntity
8
0
62
7.0
100
AcDbLine
10
897.1375488339374
20
693.5834564158625
11
877.3385589606376
21
713.3824462890625
0
ARC
5
856
100
AcDbEntity
8
0
62
7.0
100
AcDbCircle
10
868.0509002692313
20
121.1617202758789
40
28.0
50
-45.0
51
45.0
0
LINE
5
857
100
AcDbEntity
8
0
62
7.0
100
AcDbLine
10
868.0509002692313
20
121.1617202758789
11
887.8498901425312
21
140.96071014907892
0
LINE
5
858
100
AcDbEntity
8
0
62
7.0
100
AcDbLine
10
887.8498901425312
20
101.3627304026789
11
868.0509002692313
21
121.1617202758789
0
ARC
5
859
100
AcDbEntity
8
0
62
7.0
100
AcDbCircle
10
892.7452392578125
20
396.4173919670969
40
28.0
50
-135.0
51
-45.0
0
LINE
5
85A
100
AcDbEntity
8
0
62
7.0
100
AcDbLine
10
892.7452392578125
20
396.4173919670969
11
912.5442291310125
21
376.6184020937969
0
LINE
5
85B
100
AcDbEntity
8
0
62
7.0
100
AcDbLine
10
872.9462493846125
20
376.6184020937969
11
892.7452392578125
21
396.4173919670969
0
ARC
5
85C
100
AcDbEntity
8
0
62
7.0
100
AcDbCircle
10
911.919863890925
20
203.3596954345703
40
28.0
50
135.0
51
225.0
0
LINE
5
85D
100
AcDbEntity
8
0
62
7.0
100
AcDbLine
10
911.919863890925
20
203.3596954345703
11
892.120874017625
21
183.5607055613703
0
LINE
5
85E
100
AcDbEntity
8
0
62
7.0
100
AcDbLine
10
892.120874017625
20
223.15868530777033
11
911.919863890925
21
203.3596954345703
0
ARC
5
85F
100
AcDbEntity
8
0
62
7.0
100
AcDbCircle
10
893.9193725585938
20
76.59958190850313
40
28.0
50
-135.0
51
-45.0
0
LINE
5
860
100
AcDbEntity
8
0
62
7.0
100
AcDbLine
10
893.9193725585938
20
76.59958190850313
11
913.7183624317937
21
56.800592035203124
0
LINE
5
861
100
AcDbEntity
8
0
62
7.0
100
AcDbLine
10
874.1203826853938
20
56.800592035203124
11
893.9193725585938
21
76.59958190850313
0
ARC
5
862
100
AcDbEntity
8
0
62
7.0
100
AcDbCircle
10
900.36962890625
20
220.56855468817656
40
28.0
50
45.0
51
135.0
0
LINE
5
863
100
AcDbEntity
8
0
62
7.0
100
AcDbLine
10
900.36962890625
20
220.56855468817656
11
880.57063903305
21
240.36754456147656
0
LINE
5
864
100
AcDbEntity
8
0
62
7.0
100
AcDbLine
10
920.16861877945
20
240.36754456147656
11
900.36962890625
21
220.56855468817656
0
ARC
5
865
100
AcDbEntity
8
0
62
7.0
100
AcDbCircle
10
917.8081695549876
20
23.896228790283203
40
28.0
50
135.0
51
225.0
0
LINE
5
866
100
AcDbEntity
8
0
62
7.0
100
AcDbLine
10
917.8081695549876
20
23.896228790283203
11
898.0091796816876
21
4.097238917083203
0
LINE
5
867
100
AcDbEntity
8
0
62
7.0
100
AcDbLine
10
898.0091796816876
20
43.6952186634832
11
917.8081695549876
21
23.896228790283203
0
ARC
5
868
100
AcDbEntity
8
0
62
7.0
100
AcDbCircle
10
905.101132202825
20
42.26212310791016
40
28.0
50
-45.0
51
45.0
0
LINE
5
869
100
AcDbEntity
8
0
62
7.0
100
AcDbLine
10
905.101132202825
20
42.26212310791016
11
924.900122076125
21
62.06111298111016
0
LINE
5
86A
100
AcDbEntity
8
0
62
7.0
100
AcDbLine
10
924.900122076125
20
22.463133234710163
11
905.101132202825
21
42.26212310791016
0
ARC
5
86B
100
AcDbEntity
8
0
62
7.0
100
AcDbCircle
10
877.75341796875
20
332.3576934821219
40
28.0
50
45.0
51
135.0
0
LINE
5
86C
100
AcDbEntity
8
0
62
7.0
100
AcDbLine
10
877.75341796875
20
332.3576934821219
11
857.95442809555
21
352.1566833554219
0
LINE
5
86D
100
AcDbEntity
8
0
62
7.0
100
AcDbLine
10
897.55240784195
20
352.1566833554219
11
877.75341796875
21
332.3576934821219
0
ARC
5
86E
100
AcDbEntity
8
0
62
7.0
100
AcDbCircle
10
881.4929168707938
20
288.4344177246094
40
28.0
50
-45.0
51
45.0
0
LINE
5
86F
100
AcDbEntity
8
0
62
7.0
100
AcDbLine
10
881.4929168707938
20
288.4344177246094
11
901.2919067440937
21
308.2334075978094
0
LINE
5
870
100
AcDbEntity
8
0
62
7.0
100
AcDbLine
10
901.2919067440937
20
268.63542785140936
11
881.4929168707938
21
288.4344177246094
0
ARC
5
871
100
AcDbEntity
8
0
62
7.0
100
AcDbCircle
10
888.519775390625
20
482.0332305914969
40
28.0
50
45.0
51
135.0
0
LINE
5
872
100
AcDbEntity
8
0
62
7.0
100
AcDbLine
10
888.519775390625
20
482.0332305914969
11
868.720785517425
21
501.8322204647969
0
LINE
5
873
100
AcDbEntity
8
0
62
7.0
100
AcDbLine
10
908.318765263825
20
501.8322204647969
11
888.519775390625
21
482.0332305914969
0
ARC
5
874
100
AcDbEntity
8
0
62
7.0
100
AcDbCircle
10
921.7478668206123
20
94.22506713867188
40
28.0
50
135.0
51
225.0
0
LINE
5
875
100
AcDbEntity
8
0
62
7.0
100
AcDbLine
10
921.7478668206123
20
94.22506713867188
11
901.9488769473123
21
74.42607726547187
0
LINE
5
876
100
AcDbEntity
8
0
62
7.0
100
AcDbLine
10
901.9488769473123
20
114.02405701187188
11
921.7478668206123
21
94.22506713867188
0
ARC
5
877
100
AcDbEntity
8
0
62
7.0
100
AcDbCircle
10
883.0035369879813
20
331.9462890625
40
28.0
50
-45.0
51
45.0
0
LINE
5
878
100
AcDbEntity
8
0
62
7.0
100
AcDbLine
10
883.0035369879813
20
331.9462890625
11
902.8025268612812
21
351.7452789357
0
LINE
5
879
100
AcDbEntity
8
0
62
7.0
100
AcDbLine
10
902.8025268612812
20
312.1472991893
11
883.0035369879813
21
331.9462890625
0
ARC
5
87A
100
AcDbEntity
8
0
62
7.0
100
AcDbCircle
10
900.947265625
20
427.7969085686594
40
28.0
50
-135.0
51
-45.0
0
LINE
5
87B
100
AcDbEntity
8
0
62
7.0
100
AcDbLine
10
900.947265625
20
427.7969085686594
11
920.7462554982
21
407.9979186953594
0
LINE
5
87C
100
AcDbEntity
8
0
62
7.0
100
AcDbLine
10
881.1482757518
20
407.9979186953594
11
900.947265625
21
427.7969085686594
0
ARC
5
87D
100
AcDbEntity
8
0
62
7.0
100
AcDbCircle
10
920.0054321289063
20
101.62488250800078
40
28.0
50
45.0
51
135.0
0
LINE
5
87E
100
AcDbEntity
8
0
62
7.0
100
AcDbLine
10
920.0054321289063
20
101.62488250800078
11
900.2064422557063
21
121.42387238130078
0
LINE
5
87F
100
AcDbEntity
8
0
62
7.0
100
AcDbLine
10
939.8044220021062
20
121.42387238130078
11
920.0054321289063
21
101.62488250800078
0
ARC
5
880
100
AcDbEntity
8
0
62
7.0
100
AcDbCircle
10
895.3442352301688
20
153.08892822265625
40
28.0
50
-45.0
51
45.0
0
LINE
5
881
100
AcDbEntity
8
0
62
7.0
100
AcDbLine
10
895.3442352301688
20
153.08892822265625
11
915.1432251034687
21
172.88791809585626
0
LINE
5
882
100
AcDbEntity
8
0
62
7.0
100
AcDbLine
10
915.1432251034687
20
133.28993834945624
11
895.3442352301688
21
153.08892822265625
0
ARC
5
883
100
AcDbEntity
8
0
62
7.0
100
AcDbCircle
10
952.4279815667062
20
79.04931640625
40
28.0
50
135.0
51
225.0
0
LINE
5
884
100
AcDbEntity
8
0
62
7.0
100
AcDbLine
10
952.4279815667062
20
79.04931640625
11
932.6289916934063
21
59.25032653305
0
LINE
5
885
100
AcDbEntity
8
0
62
7.0
100
AcDbLine
10
932.6289916934063
20
98.84830627945
11
952.4279815667062
21
79.04931640625
0
ARC
5
886
100
AcDbEntity
8
0
62
7.0
100
AcDbCircle
10
897.1080322265625
20
541.384707640925
40
28.0
50
-135.0
51
-45.0
0
LINE
5
887
100
AcDbEntity
8
0
62
7.0
100
AcDbLine
10
897.1080322265625
20
541.384707640925
11
916.9070220997625
21
521.585717767625
0
LINE
5
888
100
AcDbEntity
8
0
62
7.0
100
AcDbLine
10
877.3090423533625
20
521.5857177676249
11
897.1080322265625
21
541.384707640925
0
ARC
5
889
100
AcDbEntity
8
0
62
7.0
100
AcDbCircle
10
916.4151641838937
20
449.3185119628906
40
28.0
50
135.0
51
225.0
0
LINE
5
88A
100
AcDbEntity
8
0
62
7.0
100
AcDbLine
10
916.4151641838937
20
449.3185119628906
11
896.6161743105938
21
429.5195220896906
0
LINE
5
88B
100
AcDbEntity
8
0
62
7.0
100
AcDbLine
10
896.6161743105938
20
469.11750183609064
11
916.4151641838937
21
449.3185119628906
0
ARC
5
88C
100
AcDbEntity
8
0
62
7.0
100
AcDbCircle
10
919.3739624023438
20
204.67097778252656
40
28.0
50
-135.0
51
-45.0
0
LINE
5
88D
100
AcDbEntity
8
0
62
7.0
100
AcDbLine
10
919.3739624023438
20
204.67097778252656
11
939.1729522755437
21
184.87198790922656
0
LINE
5
88E
100
AcDbEntity
8
0
62
7.0
100
AcDbLine
10
899.5749725291438
20
184.87198790922656
11
919.3739624023438
21
204.67097778252656
0
ARC
5
88F
100
AcDbEntity
8
0
62
7.0
100
AcDbCircle
10
945.1342163085938
20
121.81165771552033
40
28.0
50
45.0
51
135.0
0
LINE
5
890
100
AcDbEntity
8
0
62
7.0
100
AcDbLine
10
945.1342163085938
20
121.81165771552033
11
925.3352264353938
21
141.6106475888203
0
LINE
5
891
100
AcDbEntity
8
0
62
7.0
100
AcDbLine
10
964.9332061817937
20
141.6106475888203
11
945.1342163085938
21
121.81165771552033
0
ARC
5
892
100
AcDbEntity
8
0
62
7.0
100
AcDbCircle
10
931.4387786872
20
23.8541316986084
40
28.0
50
-45.0
51
45.0
0
LINE
5
893
100
AcDbEntity
8
0
62
7.0
100
AcDbLine
10
931.4387786872
20
23.8541316986084
11
951.2377685605
21
43.6531215718084
0
LINE
5
894
100
AcDbEntity
8
0
62
7.0
100
AcDbLine
10
951.2377685605
20
4.055141825408398
11
931.4387786872
21
23.8541316986084
0
ARC
5
895
100
AcDbEntity
8
0
62
7.0
100
AcDbCircle
10
875.0501678473563
20
628.8859252929688
40
28.0
50
-45.0
51
45.0
0
LINE
5
896
100
AcDbEntity
8
0
62
7.0
100
AcDbLine
10
875.0501678473563
20
628.8859252929688
11
894.8491577206562
21
648.6849151661687
0
LINE
5
897
100
AcDbEntity
8
0
62
7.0
100
AcDbLine
10
894.8491577206562
20
609.0869354197688
11
875.0501678473563
21
628.8859252929688
0
ARC
5
898
100
AcDbEntity
8
0
62
7.0
100
AcDbCircle
10
905.7953460700124
20
309.30462646484375
40
28.0
50
-45.0
51
45.0
0
LINE
5
899
100
AcDbEntity
8
0
62
7.0
100
AcDbLine
10
905.7953460700124
20
309.30462646484375
11
925.5943359433124
21
329.10361633804376
0
LINE
5
89A
100
AcDbEntity
8
0
62
7.0
100
AcDbLine
10
925.5943359433124
20
289.50563659164374
11
905.7953460700124
21
309.30462646484375
0
ARC
5
89B
100
AcDbEntity
8
0
62
7.0
100
AcDbCircle
10
922.0609130859376
20
244.1154144293875
40
28.0
50
45.0
51
135.0
0
LINE
5
89C
100
AcDbEntity
8
0
62
7.0
100
AcDbLine
10
922.0609130859376
20
244.1154144293875
11
902.2619232127377
21
263.9144043026875
0
LINE
5
89D
100
AcDbEntity
8
0
62
7.0
100
AcDbLine
10
941.8599029591376
20
263.9144043026875
11
922.0609130859376
21
244.1154144293875
0
ARC
5
89E
100
AcDbEntity
8
0
62
7.0
100
AcDbCircle
10
946.9606964104562
20
222.54388427734375
40
28.0
50
135.0
51
225.0
0
LINE
5
89F
100
AcDbEntity
8
0
62
7.0
100
AcDbLine
10
946.9606964104562
20
222.54388427734375
11
927.1617065371563
21
202.74489440414374
0
LINE
5
8A0
100
AcDbEntity
8
0
62
7.0
100
AcDbLine
10
927.1617065371563
20
242.34287415054376
11
946.9606964104562
21
222.54388427734375
0
ARC
5
8A1
100
AcDbEntity
8
0
62
7.0
100
AcDbCircle
10
897.2893676757813
20
652.0994842536063
40
28.0
50
45.0
51
135.0
0
LINE
5
8A2
100
AcDbEntity
8
0
62
7.0
100
AcDbLine
10
897.2893676757813
20
652.0994842536063
11
877.4903778025813
21
671.8984741269062
0
LINE
5
8A3
100
AcDbEntity
8
0
62
7.0
100
AcDbLine
10
917.0883575489812
20
671.8984741269062
11
897.2893676757813
21
652.0994842536063
0
ARC
5
8A4
100
AcDbEntity
8
0
62
7.0
100
AcDbCircle
10
894.825439453125
20
563.6525238043876
40
28.0
50
45.0
51
135.0
0
LINE
5
8A5
100
AcDbEntity
8
0
62
7.0
100
AcDbLine
10
894.825439453125
20
563.6525238043876
11
875.026449579925
21
583.4515136776874
0
LINE
5
8A6
100
AcDbEntity
8
0
62
7.0
100
AcDbLine
10
914.624429326325
20
583.4515136776874
11
894.825439453125
21
563.6525238043876
0
ARC
5
8A7
100
AcDbEntity
8
0
62
7.0
100
AcDbCircle
10
937.6921417229562
20
356.6147155761719
40
28.0
50
135.0
51
225.0
0
LINE
5
8A8
100
AcDbEntity
8
0
62
7.0
100
AcDbLine
10
937.6921417229562
20
356.6147155761719
11
917.8931518496563
21
336.81572570297186
0
LINE
5
8A9
100
AcDbEntity
8
0
62
7.0
100
AcDbLine
10
917.8931518496563
20
376.4137054493719
11
937.6921417229562
21
356.6147155761719
0
ARC
5
8AA
100
AcDbEntity
8
0
62
7.0
100
AcDbCircle
10
926.4437255859376
20
373.521542359075
40
28.0
50
45.0
51
135.0
0
LINE
5
8AB
100
AcDbEntity
8
0
62
7.0
100
AcDbLine
10
926.4437255859376
20
373.521542359075
11
906.6447357127377
21
393.320532232375
0
LINE
5
8AC
100
AcDbEntity
8
0
62
7.0
100
AcDbLine
10
946.2427154591376
20
393.320532232375
11
926.4437255859376
21
373.521542359075
0
ARC
5
8AD
100
AcDbEntity
8
0
62
7.0
100
AcDbCircle
10
931.0140411370187
20
552.93115234375
40
28.0
50
135.0
51
225.0
0
LINE
5
8AE
100
AcDbEntity
8
0
62
7.0
100
AcDbLine
10
931.0140411370187
20
552.93115234375
11
911.2150512637188
21
533.13216247055
0
LINE
5
8AF
100
AcDbEntity
8
0
62
7.0
100
AcDbLine
10
911.2150512637188
20
572.73014221695
11
931.0140411370187
21
552.93115234375
0
ARC
5
8B0
100
AcDbEntity
8
0
62
7.0
100
AcDbCircle
10
946.3234893792062
20
427.2806091308594
40
28.0
50
135.0
51
225.0
0
LINE
5
8B1
100
AcDbEntity
8
0
62
7.0
100
AcDbLine
10
946.3234893792062
20
427.2806091308594
11
926.5244995059063
21
407.48161925765936
0
LINE
5
8B2
100
AcDbEntity
8
0
62
7.0
100
AcDbLine
10
926.5244995059063
20
447.0795990040594
11
946.3234893792062
21
427.2806091308594
0
ARC
5
8B3
100
AcDbEntity
8
0
62
7.0
100
AcDbCircle
10
942.5371704101563
20
300.4717132561594
40
28.0
50
-135.0
51
-45.0
0
LINE
5
8B4
100
AcDbEntity
8
0
62
7.0
100
AcDbLine
10
942.5371704101563
20
300.4717132561594
11
962.3361602833562
21
280.6727233828594
0
LINE
5
8B5
100
AcDbEntity
8
0
62
7.0
100
AcDbLine
10
922.7381805369563
20
280.6727233828594
11
942.5371704101563
21
300.4717132561594
0
ARC
5
8B6
100
AcDbEntity
8
0
62
7.0
100
AcDbCircle
10
911.7362060546876
20
459.67162780829375
40
28.0
50
45.0
51
135.0
0
LINE
5
8B7
100
AcDbEntity
8
0
62
7.0
100
AcDbLine
10
911.7362060546876
20
459.67162780829375
11
891.9372161814877
21
479.47061768159375
0
LINE
5
8B8
100
AcDbEntity
8
0
62
7.0
100
AcDbLine
10
931.5351959278876
20
479.47061768159375
11
911.7362060546876
21
459.67162780829375
0
ARC
5
8B9
100
AcDbEntity
8
0
62
7.0
100
AcDbCircle
10
968.2202789299876
20
198.44102478027344
40
28.0
50
135.0
51
225.0
0
LINE
5
8BA
100
AcDbEntity
8
0
62
7.0
100
AcDbLine
10
968.2202789299876
20
198.44102478027344
11
948.4212890566876
21
178.64203490707342
0
LINE
5
8BB
100
AcDbEntity
8
0
62
7.0
100
AcDbLine
10
948.4212890566876
20
218.24001465347345
11
968.2202789299876
21
198.44102478027344
0
ARC
5
8BC
100
AcDbEntity
8
0
62
7.0
100
AcDbCircle
10
923.9305389411063
20
336.62255859375
40
28.0
50
-45.0
51
45.0
0
LINE
5
8BD
100
AcDbEntity
8
0
62
7.0
100
AcDbLine
10
923.9305389411063
20
336.62255859375
11
943.7295288144062
21
356.42154846695
0
LINE
5
8BE
100
AcDbEntity
8
0
62
7.0
100
AcDbLine
10
943.7295288144062
20
316.82356872055
11
923.9305389411063
21
336.62255859375
0
ARC
5
8BF
100
AcDbEntity
8
0
62
7.0
100
AcDbCircle
10
866.073300171575
20
875.8425903320313
40
28.0
50
-45.0
51
45.0
0
LINE
5
8C0
100
AcDbEntity
8
0
62
7.0
100
AcDbLine
10
866.073300171575
20
875.8425903320313
11
885.872290044875
21
895.6415802052312
0
LINE
5
8C1
100
AcDbEntity
8
0
62
7.0
100
AcDbLine
10
885.872290044875
20
856.0436004588313
11
866.073300171575
21
875.8425903320313
0
ARC
5
8C2
100
AcDbEntity
8
0
62
7.0
100
AcDbCircle
10
932.0645172112376
20
610.4267578125
40
28.0
50
135.0
51
225.0
0
LINE
5
8C3
100
AcDbEntity
8
0
62
7.0
100
AcDbLine
10
932.0645172112376
20
610.4267578125
11
912.2655273379376
21
590.6277679393
0
LINE
5
8C4
100
AcDbEntity
8
0
62
7.0
100
AcDbLine
10
912.2655273379376
20
630.2257476857
11
932.0645172112376
21
610.4267578125
0
ARC
5
8C5
100
AcDbEntity
8
0
62
7.0
100
AcDbCircle
10
866.87744140625
20
963.857968140325
40
28.0
50
45.0
51
135.0
0
LINE
5
8C6
100
AcDbEntity
8
0
62
7.0
100
AcDbLine
10
866.87744140625
20
963.857968140325
11
847.07845153305
21
983.656958013625
0
LINE
5
8C7
100
AcDbEntity
8
0
62
7.0
100
AcDbLine
10
886.67643127945
20
983.656958013625
11
866.87744140625
21
963.857968140325
0
ARC
5
8C8
100
AcDbEntity
8
0
62
7.0
100
AcDbCircle
10
935.39374084405
20
698.2816772460938
40
28.0
50
135.0
51
225.0
0
LINE
5
8C9
100
AcDbEntity
8
0
62
7.0
100
AcDbLine
10
935.39374084405
20
698.2816772460938
11
915.59475097075
21
678.4826873728938
0
LINE
5
8CA
100
AcDbEntity
8
0
62
7.0
100
AcDbLine
10
915.59475097075
20
718.0806671192937
11
935.39374084405
21
698.2816772460938
0
ARC
5
8CB
100
AcDbEntity
8
0
62
7.0
100
AcDbCircle
10
943.526425171575
20
168.08457946777344
40
28.0
50
-45.0
51
45.0
0
LINE
5
8CC
100
AcDbEntity
8
0
62
7.0
100
AcDbLine
10
943.526425171575
20
168.08457946777344
11
963.325415044875
21
187.88356934097345
0
LINE
5
8CD
100
AcDbEntity
8
0
62
7.0
100
AcDbLine
10
963.325415044875
20
148.28558959457342
11
943.526425171575
21
168.08457946777344
0
ARC
5
8CE
100
AcDbEntity
8
0
62
7.0
100
AcDbCircle
10
939.9552581793877
20
60.79024124145508
40
28.0
50
-45.0
51
45.0
0
LINE
5
8CF
100
AcDbEntity
8
0
62
7.0
100
AcDbLine
10
939.9552581793877
20
60.79024124145508
11
959.7542480526877
21
80.58923111465508
0
LINE
5
8D0
100
AcDbEntity
8
0
62
7.0
100
AcDbLine
10
959.7542480526877
20
40.99125136825508
11
939.9552581793877
21
60.79024124145508
0
ARC
5
8D1
100
AcDbEntity
8
0
62
7.0
100
AcDbCircle
10
899.985409546575
20
648.9711303710938
40
28.0
50
-45.0
51
45.0
0
LINE
5
8D2
100
AcDbEntity
8
0
62
7.0
100
AcDbLine
10
899.985409546575
20
648.9711303710938
11
919.784399419875
21
668.7701202442937
0
LINE
5
8D3
100
AcDbEntity
8
0
62
7.0
100
AcDbLine
10
919.784399419875
20
629.1721404978938
11
899.985409546575
21
648.9711303710938
0
ARC
5
8D4
100
AcDbEntity
8
0
62
7.0
100
AcDbCircle
10
872.0978363043876
20
954.5650634765624
40
28.0
50
-45.0
51
45.0
0
LINE
5
8D5
100
AcDbEntity
8
0
62
7.0
100
AcDbLine
10
872.0978363043876
20
954.5650634765624
11
891.8968261776874
21
974.3640533497623
0
LINE
5
8D6
100
AcDbEntity
8
0
62
7.0
100
AcDbLine
10
891.8968261776874
20
934.7660736033624
11
872.0978363043876
21
954.5650634765624
0
ARC
5
8D7
100
AcDbEntity
8
0
62
7.0
100
AcDbCircle
10
933.2073944098563
20
103.93077850341795
40
28.0
50
-45.0
51
45.0
0
LINE
5
8D8
100
AcDbEntity
8
0
62
7.0
100
AcDbLine
10
933.2073944098563
20
103.93077850341795
11
953.0063842831562
21
123.72976837661795
0
LINE
5
8D9
100
AcDbEntity
8
0
62
7.0
100
AcDbLine
10
953.0063842831562
20
84.13178863021795
11
933.2073944098563
21
103.93077850341795
0
ARC
5
8DA
100
AcDbEntity
8
0
62
7.0
100
AcDbCircle
10
909.8731658942313
20
506.0931701660156
40
28.0
50
-45.0
51
45.0
0
LINE
5
8DB
100
AcDbEntity
8
0
62
7.0
100
AcDbLine
10
909.8731658942313
20
506.0931701660156
11
929.6721557675312
21
525.8921600392156
0
LINE
5
8DC
100
AcDbEntity
8
0
62
7.0
100
AcDbLine
10
929.6721557675312
20
486.2941802928156
11
909.8731658942313
21
506.0931701660156
0
ARC
5
8DD
100
AcDbEntity
8
0
62
7.0
100
AcDbCircle
10
936.12872009345
20
369.877197265625
40
28.0
50
-45.0
51
45.0
0
LINE
5
8DE
100
AcDbEntity
8
0
62
7.0
100
AcDbLine
10
936.12872009345
20
369.877197265625
11
955.92770996675
21
389.676187138825
0
LINE
5
8DF
100
AcDbEntity
8
0
62
7.0
100
AcDbLine
10
955.92770996675
20
350.078207392425
11
936.12872009345
21
369.877197265625
0
ARC
5
8E0
100
AcDbEntity
8
0
62
7.0
100
AcDbCircle
10
966.7899200432687
20
524.8401489257813
40
28.0
50
135.0
51
225.0
0
LINE
5
8E1
100
AcDbEntity
8
0
62
7.0
100
AcDbLine
10
966.7899200432687
20
524.8401489257813
11
946.9909301699688
21
505.04115905258124
0
LINE
5
8E2
100
AcDbEntity
8
0
62
7.0
100
AcDbLine
10
946.9909301699688
20
544.6391387989812
11
966.7899200432687
21
524.8401489257813
0
ARC
5
8E3
100
AcDbEntity
8
0
62
7.0
100
AcDbCircle
10
925.5842926018623
20
882.9255981445313
40
28.0
50
135.0
51
225.0
0
LINE
5
8E4
100
AcDbEntity
8
0
62
7.0
100
AcDbLine
10
925.5842926018623
20
882.9255981445313
11
905.7853027285623
21
863.1266082713313
0
LINE
5
8E5
100
AcDbEntity
8
0
62
7.0
100
AcDbLine
10
905.7853027285623
20
902.7245880177312
11
925.5842926018623
21
882.9255981445313
0
ARC
5
8E6
100
AcDbEntity
8
0
62
7.0
100
AcDbCircle
10
901.244198609075
20
967.983642578125
40
28.0
50
-45.0
51
45.0
0
LINE
5
8E7
100
AcDbEntity
8
0
62
7.0
100
AcDbLine
10
901.244198609075
20
967.983642578125
11
921.043188482375
21
987.782632451325
0
LINE
5
8E8
100
AcDbEntity
8
0
62
7.0
100
AcDbLine
10
921.043188482375
20
948.184652704925
11
901.244198609075
21
967.983642578125
0
ARC
5
8E9
100
AcDbEntity
8
0
62
7.0
100
AcDbCircle
10
938.4730224609376
20
440.789120484075
40
28.0
50
45.0
51
135.0
0
LINE
5
8EA
100
AcDbEntity
8
0
62
7.0
100
AcDbLine
10
938.4730224609376
20
440.789120484075
11
918.6740325877377
21
460.588110357375
0
LINE
5
8EB
100
AcDbEntity
8
0
62
7.0
100
AcDbLine
10
958.2720123341376
20
460.588110357375
11
938.4730224609376
21
440.789120484075
0
ARC
5
8EC
100
AcDbEntity
8
0
62
7.0
100
AcDbCircle
10
893.4776580817313
20
920.693359375
40
28.0
50
-45.0
51
45.0
0
LINE
5
8ED
100
AcDbEntity
8
0
62
7.0
100
AcDbLine
10
893.4776580817313
20
920.693359375
11
913.2766479550312
21
940.4923492482
0
LINE
5
8EE
100
AcDbEntity
8
0
62
7.0
100
AcDbLine
10
913.2766479550312
20
900.8943695018
11
893.4776580817313
21
920.693359375
0
ARC
5
8EF
100
AcDbEntity
8
0
62
7.0
100
AcDbCircle
10
935.490234375
20
568.298886109075
40
28.0
50
45.0
51
135.0
0
LINE
5
8F0
100
AcDbEntity
8
0
62
7.0
100
AcDbLine
10
935.490234375
20
568.298886109075
11
915.6912445018
21
588.097875982375
0
LINE
5
8F1
100
AcDbEntity
8
0
62
7.0
100
AcDbLine
10
955.2892242482
20
588.097875982375
11
935.490234375
21
568.298886109075
0
ARC
5
8F2
100
AcDbEntity
8
0
62
7.0
100
AcDbCircle
10
922.2506683356377
20
625.9213256835938
40
28.0
50
-45.0
51
45.0
0
LINE
5
8F3
100
AcDbEntity
8
0
62
7.0
100
AcDbLine
10
922.2506683356377
20
625.9213256835938
11
942.0496582089377
21
645.7203155567937
0
LINE
5
8F4
100
AcDbEntity
8
0
62
7.0
100
AcDbLine
10
942.0496582089377
20
606.1223358103938
11
922.2506683356377
21
625.9213256835938
0
ARC
5
8F5
100
AcDbEntity
8
0
62
7.0
100
AcDbCircle
10
935.1796234137624
20
562.11181640625
40
28.0
50
-45.0
51
45.0
0
LINE
5
8F6
100
AcDbEntity
8
0
62
7.0
100
AcDbLine
10
935.1796234137624
20
562.11181640625
11
954.9786132870624
21
581.91080627945
0
LINE
5
8F7
100
AcDbEntity
8
0
62
7.0
100
AcDbLine
10
954.9786132870624
20
542.31282653305
11
935.1796234137624
21
562.11181640625
0
ARC
5
8F8
100
AcDbEntity
8
0
62
7.0
100
AcDbCircle
10
950.1071746832938
20
641.8699951171875
40
28.0
50
-45.0
51
45.0
0
LINE
5
8F9
100
AcDbEntity
8
0
62
7.0
100
AcDbLine
10
950.1071746832938
20
641.8699951171875
11
969.9061645565937
21
661.6689849903875
0
LINE
5
8FA
100
AcDbEntity
8
0
62
7.0
100
AcDbLine
10
969.9061645565937
20
622.0710052439875
11
950.1071746832938
21
641.8699951171875
0
ARC
5
8FB
100
AcDbEntity
8
0
62
7.0
100
AcDbCircle
10
953.7922393792062
20
725.3352661132813
40
28.0
50
135.0
51
225.0
0
LINE
5
8FC
100
AcDbEntity
8
0
62
7.0
100
AcDbLine
10
953.7922393792062
20
725.3352661132813
11
933.9932495059063
21
705.5362762400813
0
LINE
5
8FD
100
AcDbEntity
8
0
62
7.0
100
AcDbLine
10
933.9932495059063
20
745.1342559864812
11
953.7922393792062
21
725.3352661132813
0
ARC
5
8FE
100
AcDbEntity
8
0
62
7.0
100
AcDbCircle
10
940.7340057379813
20
307.94293212890625
40
28.0
50
-45.0
51
45.0
0
LINE
5
8FF
100
AcDbEntity
8
0
62
7.0
100
AcDbLine
10
940.7340057379813
20
307.94293212890625
11
960.5329956112812
21
327.74192200210626
0
LINE
5
900
100
AcDbEntity
8
0
62
7.0
100
AcDbLine
10
960.5329956112812
20
288.14394225570624
11
940.7340057379813
21
307.94293212890625
0
ARC
5
901
100
AcDbEntity
8
0
62
7.0
100
AcDbCircle
10
929.6488616950124
20
245.51754760742188
40
28.0
50
-45.0
51
45.0
0
LINE
5
902
100
AcDbEntity
8
0
62
7.0
100
AcDbLine
10
929.6488616950124
20
245.51754760742188
11
949.4478515683124
21
265.3165374806219
0
LINE
5
903
100
AcDbEntity
8
0
62
7.0
100
AcDbLine
10
949.4478515683124
20
225.71855773422186
11
929.6488616950124
21
245.51754760742188
0
ARC
5
904
100
AcDbEntity
8
0
62
7.0
100
AcDbCircle
10
955.3815307617188
20
498.6076385491281
40
28.0
50
-135.0
51
-45.0
0
LINE
5
905
100
AcDbEntity
8
0
62
7.0
100
AcDbLine
10
955.3815307617188
20
498.6076385491281
11
975.1805206349187
21
478.8086486758281
0
LINE
5
906
100
AcDbEntity
8
0
62
7.0
100
AcDbLine
10
935.5825408885188
20
478.8086486758281
11
955.3815307617188
21
498.6076385491281
0
ARC
5
907
100
AcDbEntity
8
0
62
7.0
100
AcDbCircle
10
945.1668701171876
20
688.3804962151437
40
28.0
50
-135.0
51
-45.0
0
LINE
5
908
100
AcDbEntity
8
0
62
7.0
100
AcDbLine
10
945.1668701171876
20
688.3804962151437
11
964.9658599903876
21
668.5815063418438
0
LINE
5
909
100
AcDbEntity
8
0
62
7.0
100
AcDbLine
10
925.3678802439877
20
668.5815063418437
11
945.1668701171876
21
688.3804962151437
0
ARC
5
90A
100
AcDbEntity
8
0
62
7.0
100
AcDbCircle
10
936.7237518317313
20
702.6085815429688
40
28.0
50
-45.0
51
45.0
0
LINE
5
90B
100
AcDbEntity
8
0
62
7.0
100
AcDbLine
10
936.7237518317313
20
702.6085815429688
11
956.5227417050312
21
722.4075714161687
0
LINE
5
90C
100
AcDbEntity
8
0
62
7.0
100
AcDbLine
10
956.5227417050312
20
682.8095916697688
11
936.7237518317313
21
702.6085815429688
0
ARC
5
90D
100
AcDbEntity
8
0
62
7.0
100
AcDbCircle
10
929.5726928710938
20
881.2397491448312
40
28.0
50
-135.0
51
-45.0
0
LINE
5
90E
100
AcDbEntity
8
0
62
7.0
100
AcDbLine
10
929.5726928710938
20
881.2397491448312
11
949.3716827442937
21
861.4407592715313
0
LINE
5
90F
100
AcDbEntity
8
0
62
7.0
100
AcDbLine
10
909.7737029978938
20
861.4407592715312
11
929.5726928710938
21
881.2397491448312
0
ARC
5
910
100
AcDbEntity
8
0
62
7.0
100
AcDbCircle
10
957.2680633551688
20
215.0594940185547
40
28.0
50
-45.0
51
45.0
0
LINE
5
911
100
AcDbEntity
8
0
62
7.0
100
AcDbLine
10
957.2680633551688
20
215.0594940185547
11
977.0670532284687
21
234.8584838917547
0
LINE
5
912
100
AcDbEntity
8
0
62
7.0
100
AcDbLine
10
977.0670532284687
20
195.26050414535467
11
957.2680633551688
21
215.0594940185547
0
LWPOLYLINE
5
913
100
AcDbEntity
8
BIN_BOUNDARY
100
AcDbPolyline
90
4.0
70
1.0
10
0.0
20
0.0
10
1000.0
20
0.0
10
1000.0
20
1000.0
10
0.0
20
1000.0
0
ENDSEC
0
EOF
