0
SECTION
2
HEADER
9
$ACADVER
1
AC1027
9
$INSUNITS
70
4.0
9
$MEASUREMENT
70
1.0
0
ENDSEC
0
SECTION
2
TABLES
0
TABLE
2
LAYER
0
LAYER
2
0
70
0.0
62
7.0
0
LAYER
2
BIN_BOUNDARY
70
0.0
62
5.0
0
ENDTAB
0
ENDSEC
0
SECTION
2
ENTITIES
0
CIRCLE
5
1
100
AcDbEntity
8
0
62
7.0
100
AcDbCircle
10
54.012210845947266
20
54.00049591064453
40
35.00000000000001
0
LINE
5
2
100
AcDbEntity
8
0
62
7.0
100
AcDbLine
10
104.01221084594727
20
4.000495910644531
11
104.01221084594727
21
104.00049591064453
0
LINE
5
3
100
AcDbEntity
8
0
62
7.0
100
AcDbLine
10
104.01221084594727
20
4.000495910644531
11
4.012210845947266
21
4.000495910644531
0
LINE
5
4
100
AcDbEntity
8
0
62
7.0
100
AcDbLine
10
4.012210845947266
20
4.000495910644531
11
4.012210845947266
21
104.00049591064453
0
LINE
5
5
100
AcDbEntity
8
0
62
7.0
100
AcDbLine
10
104.01221084594727
20
104.00049591064453
11
4.012210845947266
21
104.00049591064453
0
POINT
5
6
100
AcDbEntity
8
0
62
7.0
100
AcDbPoint
10
54.012210845947266
20
54.00049591064453
0
CIRCLE
5
7
100
AcDbEntity
8
0
62
7.0
100
AcDbCircle
10
54.016212463378906
20
158.0084991455078
40
35.00000000000001
0
LINE
5
8
100
AcDbEntity
8
0
62
7.0
100
AcDbLine
10
104.0162124633789
20
208.0084991455078
11
4.016212463378899
21
208.0084991455078
0
LINE
5
9
100
AcDbEntity
8
0
62
7.0
100
AcDbLine
10
104.0162124633789
20
208.0084991455078
11
104.0162124633789
21
108.00849914550781
0
LINE
5
A
100
AcDbEntity
8
0
62
7.0
100
AcDbLine
10
104.0162124633789
20
108.00849914550781
11
4.016212463378913
21
108.00849914550781
0
LINE
5
B
100
AcDbEntity
8
0
62
7.0
100
AcDbLine
10
4.016212463378899
20
208.0084991455078
11
4.016212463378913
21
108.00849914550781
0
POINT
5
C
100
AcDbEntity
8
0
62
7.0
100
AcDbPoint
10
54.016212463378906
20
158.0084991455078
0
CIRCLE
5
D
100
AcDbEntity
8
0
62
7.0
100
AcDbCircle
10
54.02199172973633
20
262.0087585449219
40
35.00000000000001
0
LINE
5
E
100
AcDbEntity
8
0
62
7.0
100
AcDbLine
10
4.021991729736328
20
212.00875854492188
11
104.02199172973633
21
212.00875854492188
0
LINE
5
F
100
AcDbEntity
8
0
62
7.0
100
AcDbLine
10
4.021991729736328
20
212.00875854492188
11
4.021991729736328
21
312.0087585449219
0
LINE
5
10
100
AcDbEntity
8
0
62
7.0
100
AcDbLine
10
4.021991729736328
20
312.0087585449219
11
104.02199172973633
21
312.0087585449219
0
LINE
5
11
100
AcDbEntity
8
0
62
7.0
100
AcDbLine
10
104.02199172973633
20
212.00875854492188
11
104.02199172973633
21
312.0087585449219
0
POINT
5
12
100
AcDbEntity
8
0
62
7.0
100
AcDbPoint
10
54.02199172973633
20
262.0087585449219
0
CIRCLE
5
13
100
AcDbEntity
8
0
62
7.0
100
AcDbCircle
10
54.01577377319336
20
366.0105285644531
40
35.00000000000001
0
LINE
5
14
100
AcDbEntity
8
0
62
7.0
100
AcDbLine
10
104.01577377319336
20
416.0105285644531
11
4.015773773193352
21
416.0105285644531
0
LINE
5
15
100
AcDbEntity
8
0
62
7.0
100
AcDbLine
10
104.01577377319336
20
416.0105285644531
11
104.01577377319336
21
316.0105285644531
0
LINE
5
16
100
AcDbEntity
8
0
62
7.0
100
AcDbLine
10
104.01577377319336
20
316.0105285644531
11
4.0157737731933665
21
316.0105285644531
0
LINE
5
17
100
AcDbEntity
8
0
62
7.0
100
AcDbLine
10
4.015773773193352
20
416.0105285644531
11
4.0157737731933665
21
316.0105285644531
0
POINT
5
18
100
AcDbEntity
8
0
62
7.0
100
AcDbPoint
10
54.01577377319336
20
366.0105285644531
0
CIRCLE
5
19
100
AcDbEntity
8
0
62
7.0
100
AcDbCircle
10
54.01470184326172
20
470.01220703125
40
35.00000000000001
0
LINE
5
1A
100
AcDbEntity
8
0
62
7.0
100
AcDbLine
10
4.014701843261719
20
520.01220703125
11
4.014701843261719
21
420.01220703125
0
LINE
5
1B
100
AcDbEntity
8
0
62
7.0
100
AcDbLine
10
4.014701843261719
20
520.01220703125
11
104.01470184326172
21
520.01220703125
0
LINE
5
1C
100
AcDbEntity
8
0
62
7.0
100
AcDbLine
10
104.01470184326172
20
520.01220703125
11
104.01470184326172
21
420.01220703125
0
LINE
5
1D
100
AcDbEntity
8
0
62
7.0
100
AcDbLine
10
4.014701843261719
20
420.01220703125
11
104.01470184326172
21
420.01220703125
0
POINT
5
1E
100
AcDbEntity
8
0
62
7.0
100
AcDbPoint
10
54.01470184326172
20
470.01220703125
0
CIRCLE
5
1F
100
AcDbEntity
8
0
62
7.0
100
AcDbCircle
10
54.013572692871094
20
574.0333251953125
40
35.00000000000001
0
LINE
5
20
100
AcDbEntity
8
0
62
7.0
100
AcDbLine
10
104.0135726928711
20
624.0333251953125
11
4.013572692871087
21
624.0333251953125
0
LINE
5
21
100
AcDbEntity
8
0
62
7.0
100
AcDbLine
10
104.0135726928711
20
624.0333251953125
11
104.0135726928711
21
524.0333251953125
0
LINE
5
22
100
AcDbEntity
8
0
62
7.0
100
AcDbLine
10
104.0135726928711
20
524.0333251953125
11
4.013572692871101
21
524.0333251953125
0
LINE
5
23
100
AcDbEntity
8
0
62
7.0
100
AcDbLine
10
4.013572692871087
20
624.0333251953125
11
4.013572692871101
21
524.0333251953125
0
POINT
5
24
100
AcDbEntity
8
0
62
7.0
100
AcDbPoint
10
54.013572692871094
20
574.0333251953125
0
CIRCLE
5
25
100
AcDbEntity
8
0
62
7.0
100
AcDbCircle
10
54.02528381347656
20
678.0362548828125
40
35.00000000000001
0
LINE
5
26
100
AcDbEntity
8
0
62
7.0
100
AcDbLine
10
4.0252838134765625
20
728.0362548828125
11
4.0252838134765625
21
628.0362548828125
0
LINE
5
27
100
AcDbEntity
8
0
62
7.0
100
AcDbLine
10
4.0252838134765625
20
728.0362548828125
11
104.02528381347656
21
728.0362548828125
0
LINE
5
28
100
AcDbEntity
8
0
62
7.0
100
AcDbLine
10
104.02528381347656
20
728.0362548828125
11
104.02528381347656
21
628.0362548828125
0
LINE
5
29
100
AcDbEntity
8
0
62
7.0
100
AcDbLine
10
4.0252838134765625
20
628.0362548828125
11
104.02528381347656
21
628.0362548828125
0
POINT
5
2A
100
AcDbEntity
8
0
62
7.0
100
AcDbPoint
10
54.02528381347656
20
678.0362548828125
0
CIRCLE
5
2B
100
AcDbEntity
8
0
62
7.0
100
AcDbCircle
10
54.02215576171875
20
782.046142578125
40
35.00000000000001
0
LINE
5
2C
100
AcDbEntity
8
0
62
7.0
100
AcDbLine
10
104.02215576171875
20
832.046142578125
11
4.022155761718743
21
832.046142578125
0
LINE
5
2D
100
AcDbEntity
8
0
62
7.0
100
AcDbLine
10
104.02215576171875
20
832.046142578125
11
104.02215576171875
21
732.046142578125
0
LINE
5
2E
100
AcDbEntity
8
0
62
7.0
100
AcDbLine
10
104.02215576171875
20
732.046142578125
11
4.022155761718757
21
732.046142578125
0
LINE
5
2F
100
AcDbEntity
8
0
62
7.0
100
AcDbLine
10
4.022155761718743
20
832.046142578125
11
4.022155761718757
21
732.046142578125
0
POINT
5
30
100
AcDbEntity
8
0
62
7.0
100
AcDbPoint
10
54.02215576171875
20
782.046142578125
0
CIRCLE
5
31
100
AcDbEntity
8
0
62
7.0
100
AcDbCircle
10
54.01768112182617
20
886.0464477539063
40
35.00000000000001
0
LINE
5
32
100
AcDbEntity
8
0
62
7.0
100
AcDbLine
10
104.01768112182617
20
836.0464477539063
11
104.01768112182617
21
936.0464477539063
0
LINE
5
33
100
AcDbEntity
8
0
62
7.0
100
AcDbLine
10
104.01768112182617
20
836.0464477539063
11
4.017681121826172
21
836.0464477539063
0
LINE
5
34
100
AcDbEntity
8
0
62
7.0
100
AcDbLine
10
4.017681121826172
20
836.0464477539063
11
4.017681121826172
21
936.0464477539063
0
LINE
5
35
100
AcDbEntity
8
0
62
7.0
100
AcDbLine
10
104.01768112182617
20
936.0464477539063
11
4.017681121826172
21
936.0464477539063
0
POINT
5
36
100
AcDbEntity
8
0
62
7.0
100
AcDbPoint
10
54.01768112182617
20
886.0464477539063
0
CIRCLE
5
37
100
AcDbEntity
8
0
62
7.0
100
AcDbCircle
10
54.01028060913086
20
990.04736328125
40
35.00000000000001
0
LINE
5
38
100
AcDbEntity
8
0
62
7.0
100
AcDbLine
10
4.010280609130859
20
940.04736328125
11
104.01028060913086
21
940.04736328125
0
LINE
5
39
100
AcDbEntity
8
0
62
7.0
100
AcDbLine
10
4.010280609130859
20
940.04736328125
11
4.010280609130859
21
1040.04736328125
0
LINE
5
3A
100
AcDbEntity
8
0
62
7.0
100
AcDbLine
10
4.010280609130859
20
1040.04736328125
11
104.01028060913086
21
1040.04736328125
0
LINE
5
3B
100
AcDbEntity
8
0
62
7.0
100
AcDbLine
10
104.01028060913086
20
940.04736328125
11
104.01028060913086
21
1040.04736328125
0
POINT
5
3C
100
AcDbEntity
8
0
62
7.0
100
AcDbPoint
10
54.01028060913086
20
990.04736328125
0
CIRCLE
5
3D
100
AcDbEntity
8
0
62
7.0
100
AcDbCircle
10
54.011383056640625
20
1094.0836181640625
40
35.00000000000001
0
LINE
5
3E
100
AcDbEntity
8
0
62
7.0
100
AcDbLine
10
104.01138305664063
20
1044.0836181640625
11
104.01138305664063
21
1144.0836181640625
0
LINE
5
3F
100
AcDbEntity
8
0
62
7.0
100
AcDbLine
10
104.01138305664063
20
1044.0836181640625
11
4.011383056640625
21
1044.0836181640625
0
LINE
5
40
100
AcDbEntity
8
0
62
7.0
100
AcDbLine
10
4.011383056640625
20
1044.0836181640625
11
4.011383056640625
21
1144.0836181640625
0
LINE
5
41
100
AcDbEntity
8
0
62
7.0
100
AcDbLine
10
104.01138305664063
20
1144.0836181640625
11
4.011383056640625
21
1144.0836181640625
0
POINT
5
42
100
AcDbEntity
8
0
62
7.0
100
AcDbPoint
10
54.011383056640625
20
1094.0836181640625
0
CIRCLE
5
43
100
AcDbEntity
8
0
62
7.0
100
AcDbCircle
10
54.01183319091797
20
1198.087890625
40
35.00000000000001
0
LINE
5
44
100
AcDbEntity
8
0
62
7.0
100
AcDbLine
10
4.011833190917969
20
1148.087890625
11
104.01183319091797
21
1148.087890625
0
LINE
5
45
100
AcDbEntity
8
0
62
7.0
100
AcDbLine
10
4.011833190917969
20
1148.087890625
11
4.011833190917969
21
1248.087890625
0
LINE
5
46
100
AcDbEntity
8
0
62
7.0
100
AcDbLine
10
4.011833190917969
20
1248.087890625
11
104.01183319091797
21
1248.087890625
0
LINE
5
47
100
AcDbEntity
8
0
62
7.0
100
AcDbLine
10
104.01183319091797
20
1148.087890625
11
104.01183319091797
21
1248.087890625
0
POINT
5
48
100
AcDbEntity
8
0
62
7.0
100
AcDbPoint
10
54.01183319091797
20
1198.087890625
0
CIRCLE
5
49
100
AcDbEntity
8
0
62
7.0
100
AcDbCircle
10
54.01079177856445
20
1302.0986328125
40
35.00000000000001
0
LINE
5
4A
100
AcDbEntity
8
0
62
7.0
100
AcDbLine
10
104.01079177856445
20
1252.0986328125
11
104.01079177856445
21
1352.0986328125
0
LINE
5
4B
100
AcDbEntity
8
0
62
7.0
100
AcDbLine
10
104.01079177856445
20
1252.0986328125
11
4.010791778564453
21
1252.0986328125
0
LINE
5
4C
100
AcDbEntity
8
0
62
7.0
100
AcDbLine
10
4.010791778564453
20
1252.0986328125
11
4.010791778564453
21
1352.0986328125
0
LINE
5
4D
100
AcDbEntity
8
0
62
7.0
100
AcDbLine
10
104.01079177856445
20
1352.0986328125
11
4.010791778564453
21
1352.0986328125
0
POINT
5
4E
100
AcDbEntity
8
0
62
7.0
100
AcDbPoint
10
54.01079177856445
20
1302.0986328125
0
CIRCLE
5
4F
100
AcDbEntity
8
0
62
7.0
100
AcDbCircle
10
54.01145935058594
20
1406.1038818359375
40
35.00000000000001
0
LINE
5
50
100
AcDbEntity
8
0
62
7.0
100
AcDbLine
10
104.01145935058594
20
1456.1038818359375
11
4.01145935058593
21
1456.1038818359375
0
LINE
5
51
100
AcDbEntity
8
0
62
7.0
100
AcDbLine
10
104.01145935058594
20
1456.1038818359375
11
104.01145935058594
21
1356.1038818359375
0
LINE
5
52
100
AcDbEntity
8
0
62
7.0
100
AcDbLine
10
104.01145935058594
20
1356.1038818359375
11
4.011459350585945
21
1356.1038818359375
0
LINE
5
53
100
AcDbEntity
8
0
62
7.0
100
AcDbLine
10
4.01145935058593
20
1456.1038818359375
11
4.011459350585945
21
1356.1038818359375
0
POINT
5
54
100
AcDbEntity
8
0
62
7.0
100
AcDbPoint
10
54.01145935058594
20
1406.1038818359375
0
CIRCLE
5
55
100
AcDbEntity
8
0
62
7.0
100
AcDbCircle
10
54.018211364746094
20
1510.1141357421875
40
35.00000000000001
0
LINE
5
56
100
AcDbEntity
8
0
62
7.0
100
AcDbLine
10
104.0182113647461
20
1560.1141357421875
11
4.018211364746087
21
1560.1141357421875
0
LINE
5
57
100
AcDbEntity
8
0
62
7.0
100
AcDbLine
10
104.0182113647461
20
1560.1141357421875
11
104.0182113647461
21
1460.1141357421875
0
LINE
5
58
100
AcDbEntity
8
0
62
7.0
100
AcDbLine
10
104.0182113647461
20
1460.1141357421875
11
4.018211364746101
21
1460.1141357421875
0
LINE
5
59
100
AcDbEntity
8
0
62
7.0
100
AcDbLine
10
4.018211364746087
20
1560.1141357421875
11
4.018211364746101
21
1460.1141357421875
0
POINT
5
5A
100
AcDbEntity
8
0
62
7.0
100
AcDbPoint
10
54.018211364746094
20
1510.1141357421875
0
CIRCLE
5
5B
100
AcDbEntity
8
0
62
7.0
100
AcDbCircle
10
54.01405334472656
20
1614.120849609375
40
35.00000000000001
0
LINE
5
5C
100
AcDbEntity
8
0
62
7.0
100
AcDbLine
10
104.01405334472656
20
1564.120849609375
11
104.01405334472656
21
1664.120849609375
0
LINE
5
5D
100
AcDbEntity
8
0
62
7.0
100
AcDbLine
10
104.01405334472656
20
1564.120849609375
11
4.0140533447265625
21
1564.120849609375
0
LINE
5
5E
100
AcDbEntity
8
0
62
7.0
100
AcDbLine
10
4.0140533447265625
20
1564.120849609375
11
4.0140533447265625
21
1664.120849609375
0
LINE
5
5F
100
AcDbEntity
8
0
62
7.0
100
AcDbLine
10
104.01405334472656
20
1664.120849609375
11
4.0140533447265625
21
1664.120849609375
0
POINT
5
60
100
AcDbEntity
8
0
62
7.0
100
AcDbPoint
10
54.01405334472656
20
1614.120849609375
0
CIRCLE
5
61
100
AcDbEntity
8
0
62
7.0
100
AcDbCircle
10
54.011688232421875
20
1718.1304931640625
40
35.00000000000001
0
LINE
5
62
100
AcDbEntity
8
0
62
7.0
100
AcDbLine
10
4.011688232421875
20
1768.1304931640625
11
4.011688232421875
21
1668.1304931640625
0
LINE
5
63
100
AcDbEntity
8
0
62
7.0
100
AcDbLine
10
4.011688232421875
20
1768.1304931640625
11
104.01168823242188
21
1768.1304931640625
0
LINE
5
64
100
AcDbEntity
8
0
62
7.0
100
AcDbLine
10
104.01168823242188
20
1768.1304931640625
11
104.01168823242188
21
1668.1304931640625
0
LINE
5
65
100
AcDbEntity
8
0
62
7.0
100
AcDbLine
10
4.011688232421875
20
1668.1304931640625
11
104.01168823242188
21
1668.1304931640625
0
POINT
5
66
100
AcDbEntity
8
0
62
7.0
100
AcDbPoint
10
54.011688232421875
20
1718.1304931640625
0
CIRCLE
5
67
100
AcDbEntity
8
0
62
7.0
100
AcDbCircle
10
54.01383972167969
20
1822.13916015625
40
35.00000000000001
0
LINE
5
68
100
AcDbEntity
8
0
62
7.0
100
AcDbLine
10
104.01383972167969
20
1872.13916015625
11
4.01383972167968
21
1872.13916015625
0
LINE
5
69
100
AcDbEntity
8
0
62
7.0
100
AcDbLine
10
104.01383972167969
20
1872.13916015625
11
104.01383972167969
21
1772.13916015625
0
LINE
5
6A
100
AcDbEntity
8
0
62
7.0
100
AcDbLine
10
104.01383972167969
20
1772.13916015625
11
4.013839721679695
21
1772.13916015625
0
LINE
5
6B
100
AcDbEntity
8
0
62
7.0
100
AcDbLine
10
4.01383972167968
20
1872.13916015625
11
4.013839721679695
21
1772.13916015625
0
POINT
5
6C
100
AcDbEntity
8
0
62
7.0
100
AcDbPoint
10
54.01383972167969
20
1822.13916015625
0
CIRCLE
5
6D
100
AcDbEntity
8
0
62
7.0
100
AcDbCircle
10
158.02052307128906
20
54.653133392333984
40
35.00000000000001
0
LINE
5
6E
100
AcDbEntity
8
0
62
7.0
100
AcDbLine
10
108.02052307128906
20
104.65313339233398
11
108.02052307128906
21
4.653133392333984
0
LINE
5
6F
100
AcDbEntity
8
0
62
7.0
100
AcDbLine
10
108.02052307128906
20
104.65313339233398
11
208.02052307128906
21
104.65313339233398
0
LINE
5
70
100
AcDbEntity
8
0
62
7.0
100
AcDbLine
10
208.02052307128906
20
104.65313339233398
11
208.02052307128906
21
4.653133392333984
0
LINE
5
71
100
AcDbEntity
8
0
62
7.0
100
AcDbLine
10
108.02052307128906
20
4.653133392333984
11
208.02052307128906
21
4.653133392333984
0
POINT
5
72
100
AcDbEntity
8
0
62
7.0
100
AcDbPoint
10
158.02052307128906
20
54.653133392333984
0
CIRCLE
5
73
100
AcDbEntity
8
0
62
7.0
100
AcDbCircle
10
158.02249145507813
20
158.67623901367188
40
35.00000000000001
0
LINE
5
74
100
AcDbEntity
8
0
62
7.0
100
AcDbLine
10
108.02249145507813
20
208.67623901367188
11
108.02249145507813
21
108.67623901367188
0
LINE
5
75
100
AcDbEntity
8
0
62
7.0
100
AcDbLine
10
108.02249145507813
20
208.67623901367188
11
208.02249145507813
21
208.67623901367188
0
LINE
5
76
100
AcDbEntity
8
0
62
7.0
100
AcDbLine
10
208.02249145507813
20
208.67623901367188
11
208.02249145507813
21
108.67623901367188
0
LINE
5
77
100
AcDbEntity
8
0
62
7.0
100
AcDbLine
10
108.02249145507813
20
108.67623901367188
11
208.02249145507813
21
108.67623901367188
0
POINT
5
78
100
AcDbEntity
8
0
62
7.0
100
AcDbPoint
10
158.02249145507813
20
158.67623901367188
0
CIRCLE
5
79
100
AcDbEntity
8
0
62
7.0
100
AcDbCircle
10
158.02215576171875
20
262.6821594238281
40
35.00000000000001
0
LINE
5
7A
100
AcDbEntity
8
0
62
7.0
100
AcDbLine
10
208.02215576171875
20
212.68215942382813
11
208.02215576171875
21
312.6821594238281
0
LINE
5
7B
100
AcDbEntity
8
0
62
7.0
100
AcDbLine
10
208.02215576171875
20
212.68215942382813
11
108.02215576171875
21
212.68215942382813
0
LINE
5
7C
100
AcDbEntity
8
0
62
7.0
100
AcDbLine
10
108.02215576171875
20
212.68215942382813
11
108.02215576171875
21
312.6821594238281
0
LINE
5
7D
100
AcDbEntity
8
0
62
7.0
100
AcDbLine
10
208.02215576171875
20
312.6821594238281
11
108.02215576171875
21
312.6821594238281
0
POINT
5
7E
100
AcDbEntity
8
0
62
7.0
100
AcDbPoint
10
158.02215576171875
20
262.6821594238281
0
CIRCLE
5
7F
100
AcDbEntity
8
0
62
7.0
100
AcDbCircle
10
158.01585388183594
20
366.6885070800781
40
35.00000000000001
0
LINE
5
80
100
AcDbEntity
8
0
62
7.0
100
AcDbLine
10
108.01585388183594
20
416.6885070800781
11
108.01585388183594
21
316.6885070800781
0
LINE
5
81
100
AcDbEntity
8
0
62
7.0
100
AcDbLine
10
108.01585388183594
20
416.6885070800781
11
208.01585388183594
21
416.6885070800781
0
LINE
5
82
100
AcDbEntity
8
0
62
7.0
100
AcDbLine
10
208.01585388183594
20
416.6885070800781
11
208.01585388183594
21
316.6885070800781
0
LINE
5
83
100
AcDbEntity
8
0
62
7.0
100
AcDbLine
10
108.01585388183594
20
316.6885070800781
11
208.01585388183594
21
316.6885070800781
0
POINT
5
84
100
AcDbEntity
8
0
62
7.0
100
AcDbPoint
10
158.01585388183594
20
366.6885070800781
0
CIRCLE
5
85
100
AcDbEntity
8
0
62
7.0
100
AcDbCircle
10
158.01507568359375
20
470.69488525390625
40
35.00000000000001
0
LINE
5
86
100
AcDbEntity
8
0
62
7.0
100
AcDbLine
10
108.01507568359375
20
420.69488525390625
11
208.01507568359375
21
420.69488525390625
0
LINE
5
87
100
AcDbEntity
8
0
62
7.0
100
AcDbLine
10
108.01507568359375
20
420.69488525390625
11
108.01507568359375
21
520.6948852539063
0
LINE
5
88
100
AcDbEntity
8
0
62
7.0
100
AcDbLine
10
108.01507568359375
20
520.6948852539063
11
208.01507568359375
21
520.6948852539063
0
LINE
5
89
100
AcDbEntity
8
0
62
7.0
100
AcDbLine
10
208.01507568359375
20
420.69488525390625
11
208.01507568359375
21
520.6948852539063
0
POINT
5
8A
100
AcDbEntity
8
0
62
7.0
100
AcDbPoint
10
158.01507568359375
20
470.69488525390625
0
CIRCLE
5
8B
100
AcDbEntity
8
0
62
7.0
100
AcDbCircle
10
158.0317840576172
20
574.695556640625
40
35.00000000000001
0
LINE
5
8C
100
AcDbEntity
8
0
62
7.0
100
AcDbLine
10
108.03178405761719
20
624.695556640625
11
108.03178405761719
21
524.695556640625
0
LINE
5
8D
100
AcDbEntity
8
0
62
7.0
100
AcDbLine
10
108.03178405761719
20
624.695556640625
11
208.0317840576172
21
624.695556640625
0
LINE
5
8E
100
AcDbEntity
8
0
62
7.0
100
AcDbLine
10
208.0317840576172
20
624.695556640625
11
208.0317840576172
21
524.695556640625
0
LINE
5
8F
100
AcDbEntity
8
0
62
7.0
100
AcDbLine
10
108.03178405761719
20
524.695556640625
11
208.0317840576172
21
524.695556640625
0
POINT
5
90
100
AcDbEntity
8
0
62
7.0
100
AcDbPoint
10
158.0317840576172
20
574.695556640625
0
CIRCLE
5
91
100
AcDbEntity
8
0
62
7.0
100
AcDbCircle
10
158.0293426513672
20
678.7012939453125
40
35.00000000000001
0
LINE
5
92
100
AcDbEntity
8
0
62
7.0
100
AcDbLine
10
208.0293426513672
20
728.7012939453125
11
108.02934265136719
21
728.7012939453125
0
LINE
5
93
100
AcDbEntity
8
0
62
7.0
100
AcDbLine
10
208.0293426513672
20
728.7012939453125
11
208.0293426513672
21
628.7012939453125
0
LINE
5
94
100
AcDbEntity
8
0
62
7.0
100
AcDbLine
10
208.0293426513672
20
628.7012939453125
11
108.02934265136719
21
628.7012939453125
0
LINE
5
95
100
AcDbEntity
8
0
62
7.0
100
AcDbLine
10
108.02934265136719
20
728.7012939453125
11
108.02934265136719
21
628.7012939453125
0
POINT
5
96
100
AcDbEntity
8
0
62
7.0
100
AcDbPoint
10
158.0293426513672
20
678.7012939453125
0
CIRCLE
5
97
100
AcDbEntity
8
0
62
7.0
100
AcDbCircle
10
158.0224151611328
20
782.710693359375
40
35.00000000000001
0
LINE
5
98
100
AcDbEntity
8
0
62
7.0
100
AcDbLine
10
208.0224151611328
20
832.710693359375
11
108.02241516113281
21
832.710693359375
0
LINE
5
99
100
AcDbEntity
8
0
62
7.0
100
AcDbLine
10
208.0224151611328
20
832.710693359375
11
208.0224151611328
21
732.710693359375
0
LINE
5
9A
100
AcDbEntity
8
0
62
7.0
100
AcDbLine
10
208.0224151611328
20
732.710693359375
11
108.02241516113281
21
732.710693359375
0
LINE
5
9B
100
AcDbEntity
8
0
62
7.0
100
AcDbLine
10
108.02241516113281
20
832.710693359375
11
108.02241516113281
21
732.710693359375
0
POINT
5
9C
100
AcDbEntity
8
0
62
7.0
100
AcDbPoint
10
158.0224151611328
20
782.710693359375
0
CIRCLE
5
9D
100
AcDbEntity
8
0
62
7.0
100
AcDbCircle
10
158.01902770996094
20
886.7157592773438
40
35.00000000000001
0
LINE
5
9E
100
AcDbEntity
8
0
62
7.0
100
AcDbLine
10
208.01902770996094
20
836.7157592773438
11
208.01902770996094
21
936.7157592773438
0
LINE
5
9F
100
AcDbEntity
8
0
62
7.0
100
AcDbLine
10
208.01902770996094
20
836.7157592773438
11
108.01902770996094
21
836.7157592773438
0
LINE
5
A0
100
AcDbEntity
8
0
62
7.0
100
AcDbLine
10
108.01902770996094
20
836.7157592773438
11
108.01902770996094
21
936.7157592773438
0
LINE
5
A1
100
AcDbEntity
8
0
62
7.0
100
AcDbLine
10
208.01902770996094
20
936.7157592773438
11
108.01902770996094
21
936.7157592773438
0
POINT
5
A2
100
AcDbEntity
8
0
62
7.0
100
AcDbPoint
10
158.01902770996094
20
886.7157592773438
0
CIRCLE
5
A3
100
AcDbEntity
8
0
62
7.0
100
AcDbCircle
10
158.0121307373047
20
990.7173461914063
40
35.00000000000001
0
LINE
5
A4
100
AcDbEntity
8
0
62
7.0
100
AcDbLine
10
208.0121307373047
20
1040.7173461914063
11
108.01213073730469
21
1040.7173461914063
0
LINE
5
A5
100
AcDbEntity
8
0
62
7.0
100
AcDbLine
10
208.0121307373047
20
1040.7173461914063
11
208.0121307373047
21
940.7173461914063
0
LINE
5
A6
100
AcDbEntity
8
0
62
7.0
100
AcDbLine
10
208.0121307373047
20
940.7173461914063
11
108.01213073730469
21
940.7173461914063
0
LINE
5
A7
100
AcDbEntity
8
0
62
7.0
100
AcDbLine
10
108.01213073730469
20
1040.7173461914063
11
108.01213073730469
21
940.7173461914063
0
POINT
5
A8
100
AcDbEntity
8
0
62
7.0
100
AcDbPoint
10
158.0121307373047
20
990.7173461914063
0
CIRCLE
5
A9
100
AcDbEntity
8
0
62
7.0
100
AcDbCircle
10
158.01199340820313
20
1138.463134765625
40
35.00000000000001
0
LINE
5
AA
100
AcDbEntity
8
0
62
7.0
100
AcDbLine
10
108.01199340820313
20
1188.463134765625
11
108.01199340820313
21
1088.463134765625
0
LINE
5
AB
100
AcDbEntity
8
0
62
7.0
100
AcDbLine
10
108.01199340820313
20
1188.463134765625
11
208.01199340820313
21
1188.463134765625
0
LINE
5
AC
100
AcDbEntity
8
0
62
7.0
100
AcDbLine
10
208.01199340820313
20
1188.463134765625
11
208.01199340820313
21
1088.463134765625
0
LINE
5
AD
100
AcDbEntity
8
0
62
7.0
100
AcDbLine
10
108.01199340820313
20
1088.463134765625
11
208.01199340820313
21
1088.463134765625
0
POINT
5
AE
100
AcDbEntity
8
0
62
7.0
100
AcDbPoint
10
158.01199340820313
20
1138.463134765625
0
CIRCLE
5
AF
100
AcDbEntity
8
0
62
7.0
100
AcDbCircle
10
158.01734924316406
20
1242.46923828125
40
35.00000000000001
0
LINE
5
B0
100
AcDbEntity
8
0
62
7.0
100
AcDbLine
10
108.01734924316406
20
1292.46923828125
11
108.01734924316406
21
1192.46923828125
0
LINE
5
B1
100
AcDbEntity
8
0
62
7.0
100
AcDbLine
10
108.01734924316406
20
1292.46923828125
11
208.01734924316406
21
1292.46923828125
0
LINE
5
B2
100
AcDbEntity
8
0
62
7.0
100
AcDbLine
10
208.01734924316406
20
1292.46923828125
11
208.01734924316406
21
1192.46923828125
0
LINE
5
B3
100
AcDbEntity
8
0
62
7.0
100
AcDbLine
10
108.01734924316406
20
1192.46923828125
11
208.01734924316406
21
1192.46923828125
0
POINT
5
B4
100
AcDbEntity
8
0
62
7.0
100
AcDbPoint
10
158.01734924316406
20
1242.46923828125
0
CIRCLE
5
B5
100
AcDbEntity
8
0
62
7.0
100
AcDbCircle
10
158.01268005371094
20
1346.4693603515625
40
35.00000000000001
0
LINE
5
B6
100
AcDbEntity
8
0
62
7.0
100
AcDbLine
10
208.01268005371094
20
1396.4693603515625
11
108.01268005371094
21
1396.4693603515625
0
LINE
5
B7
100
AcDbEntity
8
0
62
7.0
100
AcDbLine
10
208.01268005371094
20
1396.4693603515625
11
208.01268005371094
21
1296.4693603515625
0
LINE
5
B8
100
AcDbEntity
8
0
62
7.0
100
AcDbLine
10
208.01268005371094
20
1296.4693603515625
11
108.01268005371094
21
1296.4693603515625
0
LINE
5
B9
100
AcDbEntity
8
0
62
7.0
100
AcDbLine
10
108.01268005371094
20
1396.4693603515625
11
108.01268005371094
21
1296.4693603515625
0
POINT
5
BA
100
AcDbEntity
8
0
62
7.0
100
AcDbPoint
10
158.01268005371094
20
1346.4693603515625
0
CIRCLE
5
BB
100
AcDbEntity
8
0
62
7.0
100
AcDbCircle
10
158.02493286132813
20
1450.47509765625
40
35.00000000000001
0
LINE
5
BC
100
AcDbEntity
8
0
62
7.0
100
AcDbLine
10
208.02493286132813
20
1400.47509765625
11
208.02493286132813
21
1500.47509765625
0
LINE
5
BD
100
AcDbEntity
8
0
62
7.0
100
AcDbLine
10
208.02493286132813
20
1400.47509765625
11
108.02493286132813
21
1400.47509765625
0
LINE
5
BE
100
AcDbEntity
8
0
62
7.0
100
AcDbLine
10
108.02493286132813
20
1400.47509765625
11
108.02493286132813
21
1500.47509765625
0
LINE
5
BF
100
AcDbEntity
8
0
62
7.0
100
AcDbLine
10
208.02493286132813
20
1500.47509765625
11
108.02493286132813
21
1500.47509765625
0
POINT
5
C0
100
AcDbEntity
8
0
62
7.0
100
AcDbPoint
10
158.02493286132813
20
1450.47509765625
0
CIRCLE
5
C1
100
AcDbEntity
8
0
62
7.0
100
AcDbCircle
10
158.02076721191406
20
1554.490966796875
40
35.00000000000001
0
LINE
5
C2
100
AcDbEntity
8
0
62
7.0
100
AcDbLine
10
108.02076721191406
20
1604.490966796875
11
108.02076721191406
21
1504.490966796875
0
LINE
5
C3
100
AcDbEntity
8
0
62
7.0
100
AcDbLine
10
108.02076721191406
20
1604.490966796875
11
208.02076721191406
21
1604.490966796875
0
LINE
5
C4
100
AcDbEntity
8
0
62
7.0
100
AcDbLine
10
208.02076721191406
20
1604.490966796875
11
208.02076721191406
21
1504.490966796875
0
LINE
5
C5
100
AcDbEntity
8
0
62
7.0
100
AcDbLine
10
108.02076721191406
20
1504.490966796875
11
208.02076721191406
21
1504.490966796875
0
POINT
5
C6
100
AcDbEntity
8
0
62
7.0
100
AcDbPoint
10
158.02076721191406
20
1554.490966796875
0
CIRCLE
5
C7
100
AcDbEntity
8
0
62
7.0
100
AcDbCircle
10
158.0203094482422
20
1658.49658203125
40
35.00000000000001
0
LINE
5
C8
100
AcDbEntity
8
0
62
7.0
100
AcDbLine
10
108.02030944824219
20
1708.49658203125
11
108.02030944824219
21
1608.49658203125
0
LINE
5
C9
100
AcDbEntity
8
0
62
7.0
100
AcDbLine
10
108.02030944824219
20
1708.49658203125
11
208.0203094482422
21
1708.49658203125
0
LINE
5
CA
100
AcDbEntity
8
0
62
7.0
100
AcDbLine
10
208.0203094482422
20
1708.49658203125
11
208.0203094482422
21
1608.49658203125
0
LINE
5
CB
100
AcDbEntity
8
0
62
7.0
100
AcDbLine
10
108.02030944824219
20
1608.49658203125
11
208.0203094482422
21
1608.49658203125
0
POINT
5
CC
100
AcDbEntity
8
0
62
7.0
100
AcDbPoint
10
158.0203094482422
20
1658.49658203125
0
CIRCLE
5
CD
100
AcDbEntity
8
0
62
7.0
100
AcDbCircle
10
158.0247039794922
20
1762.4971923828125
40
35.00000000000001
0
LINE
5
CE
100
AcDbEntity
8
0
62
7.0
100
AcDbLine
10
108.02470397949219
20
1712.4971923828125
11
208.0247039794922
21
1712.4971923828125
0
LINE
5
CF
100
AcDbEntity
8
0
62
7.0
100
AcDbLine
10
108.02470397949219
20
1712.4971923828125
11
108.02470397949219
21
1812.4971923828125
0
LINE
5
D0
100
AcDbEntity
8
0
62
7.0
100
AcDbLine
10
108.02470397949219
20
1812.4971923828125
11
208.0247039794922
21
1812.4971923828125
0
LINE
5
D1
100
AcDbEntity
8
0
62
7.0
100
AcDbLine
10
208.0247039794922
20
1712.4971923828125
11
208.0247039794922
21
1812.4971923828125
0
POINT
5
D2
100
AcDbEntity
8
0
62
7.0
100
AcDbPoint
10
158.0247039794922
20
1762.4971923828125
0
CIRCLE
5
D3
100
AcDbEntity
8
0
62
7.0
100
AcDbCircle
10
158.01394653320313
20
1866.499755859375
40
35.00000000000001
0
LINE
5
D4
100
AcDbEntity
8
0
62
7.0
100
AcDbLine
10
108.01394653320313
20
1916.499755859375
11
108.01394653320313
21
1816.499755859375
0
LINE
5
D5
100
AcDbEntity
8
0
62
7.0
100
AcDbLine
10
108.01394653320313
20
1916.499755859375
11
208.01394653320313
21
1916.499755859375
0
LINE
5
D6
100
AcDbEntity
8
0
62
7.0
100
AcDbLine
10
208.01394653320313
20
1916.499755859375
11
208.01394653320313
21
1816.499755859375
0
LINE
5
D7
100
AcDbEntity
8
0
62
7.0
100
AcDbLine
10
108.01394653320313
20
1816.499755859375
11
208.01394653320313
21
1816.499755859375
0
POINT
5
D8
100
AcDbEntity
8
0
62
7.0
100
AcDbPoint
10
158.01394653320313
20
1866.499755859375
0
CIRCLE
5
D9
100
AcDbEntity
8
0
62
7.0
100
AcDbCircle
10
262.0238952636719
20
55.26201629638672
40
35.00000000000001
0
LINE
5
DA
100
AcDbEntity
8
0
62
7.0
100
AcDbLine
10
212.02389526367188
20
5.262016296386719
11
312.0238952636719
21
5.262016296386719
0
LINE
5
DB
100
AcDbEntity
8
0
62
7.0
100
AcDbLine
10
212.02389526367188
20
5.262016296386719
11
212.02389526367188
21
105.26201629638672
0
LINE
5
DC
100
AcDbEntity
8
0
62
7.0
100
AcDbLine
10
212.02389526367188
20
105.26201629638672
11
312.0238952636719
21
105.26201629638672
0
LINE
5
DD
100
AcDbEntity
8
0
62
7.0
100
AcDbLine
10
312.0238952636719
20
5.262016296386719
11
312.0238952636719
21
105.26201629638672
0
POINT
5
DE
100
AcDbEntity
8
0
62
7.0
100
AcDbPoint
10
262.0238952636719
20
55.26201629638672
0
CIRCLE
5
DF
100
AcDbEntity
8
0
62
7.0
100
AcDbCircle
10
262.0239562988281
20
159.26406860351563
40
35.00000000000001
0
LINE
5
E0
100
AcDbEntity
8
0
62
7.0
100
AcDbLine
10
212.02395629882813
20
109.26406860351563
11
312.0239562988281
21
109.26406860351563
0
LINE
5
E1
100
AcDbEntity
8
0
62
7.0
100
AcDbLine
10
212.02395629882813
20
109.26406860351563
11
212.02395629882813
21
209.26406860351563
0
LINE
5
E2
100
AcDbEntity
8
0
62
7.0
100
AcDbLine
10
212.02395629882813
20
209.26406860351563
11
312.0239562988281
21
209.26406860351563
0
LINE
5
E3
100
AcDbEntity
8
0
62
7.0
100
AcDbLine
10
312.0239562988281
20
109.26406860351563
11
312.0239562988281
21
209.26406860351563
0
POINT
5
E4
100
AcDbEntity
8
0
62
7.0
100
AcDbPoint
10
262.0239562988281
20
159.26406860351563
0
CIRCLE
5
E5
100
AcDbEntity
8
0
62
7.0
100
AcDbCircle
10
262.0225830078125
20
263.2663879394531
40
35.00000000000001
0
LINE
5
E6
100
AcDbEntity
8
0
62
7.0
100
AcDbLine
10
212.0225830078125
20
213.26638793945313
11
312.0225830078125
21
213.26638793945313
0
LINE
5
E7
100
AcDbEntity
8
0
62
7.0
100
AcDbLine
10
212.0225830078125
20
213.26638793945313
11
212.0225830078125
21
313.2663879394531
0
LINE
5
E8
100
AcDbEntity
8
0
62
7.0
100
AcDbLine
10
212.0225830078125
20
313.2663879394531
11
312.0225830078125
21
313.2663879394531
0
LINE
5
E9
100
AcDbEntity
8
0
62
7.0
100
AcDbLine
10
312.0225830078125
20
213.26638793945313
11
312.0225830078125
21
313.2663879394531
0
POINT
5
EA
100
AcDbEntity
8
0
62
7.0
100
AcDbPoint
10
262.0225830078125
20
263.2663879394531
0
CIRCLE
5
EB
100
AcDbEntity
8
0
62
7.0
100
AcDbCircle
10
262.02178955078125
20
367.2680969238281
40
35.00000000000001
0
LINE
5
EC
100
AcDbEntity
8
0
62
7.0
100
AcDbLine
10
312.02178955078125
20
317.2680969238281
11
312.02178955078125
21
417.2680969238281
0
LINE
5
ED
100
AcDbEntity
8
0
62
7.0
100
AcDbLine
10
312.02178955078125
20
317.2680969238281
11
212.02178955078125
21
317.2680969238281
0
LINE
5
EE
100
AcDbEntity
8
0
62
7.0
100
AcDbLine
10
212.02178955078125
20
317.2680969238281
11
212.02178955078125
21
417.2680969238281
0
LINE
5
EF
100
AcDbEntity
8
0
62
7.0
100
AcDbLine
10
312.02178955078125
20
417.2680969238281
11
212.02178955078125
21
417.2680969238281
0
POINT
5
F0
100
AcDbEntity
8
0
62
7.0
100
AcDbPoint
10
262.02178955078125
20
367.2680969238281
0
CIRCLE
5
F1
100
AcDbEntity
8
0
62
7.0
100
AcDbCircle
10
262.03656005859375
20
471.2785339355469
40
35.00000000000001
0
LINE
5
F2
100
AcDbEntity
8
0
62
7.0
100
AcDbLine
10
212.03656005859375
20
521.2785339355469
11
212.03656005859375
21
421.2785339355469
0
LINE
5
F3
100
AcDbEntity
8
0
62
7.0
100
AcDbLine
10
212.03656005859375
20
521.2785339355469
11
312.03656005859375
21
521.2785339355469
0
LINE
5
F4
100
AcDbEntity
8
0
62
7.0
100
AcDbLine
10
312.03656005859375
20
521.2785339355469
11
312.03656005859375
21
421.2785339355469
0
LINE
5
F5
100
AcDbEntity
8
0
62
7.0
100
AcDbLine
10
212.03656005859375
20
421.2785339355469
11
312.03656005859375
21
421.2785339355469
0
POINT
5
F6
100
AcDbEntity
8
0
62
7.0
100
AcDbPoint
10
262.03656005859375
20
471.2785339355469
0
CIRCLE
5
F7
100
AcDbEntity
8
0
62
7.0
100
AcDbCircle
10
262.0365295410156
20
575.2805786132813
40
35.00000000000001
0
LINE
5
F8
100
AcDbEntity
8
0
62
7.0
100
AcDbLine
10
212.03652954101563
20
625.2805786132813
11
212.03652954101563
21
525.2805786132813
0
LINE
5
F9
100
AcDbEntity
8
0
62
7.0
100
AcDbLine
10
212.03652954101563
20
625.2805786132813
11
312.0365295410156
21
625.2805786132813
0
LINE
5
FA
100
AcDbEntity
8
0
62
7.0
100
AcDbLine
10
312.0365295410156
20
625.2805786132813
11
312.0365295410156
21
525.2805786132813
0
LINE
5
FB
100
AcDbEntity
8
0
62
7.0
100
AcDbLine
10
212.03652954101563
20
525.2805786132813
11
312.0365295410156
21
525.2805786132813
0
POINT
5
FC
100
AcDbEntity
8
0
62
7.0
100
AcDbPoint
10
262.0365295410156
20
575.2805786132813
0
CIRCLE
5
FD
100
AcDbEntity
8
0
62
7.0
100
AcDbCircle
10
262.03302001953125
20
679.2820434570313
40
35.00000000000001
0
LINE
5
FE
100
AcDbEntity
8
0
62
7.0
100
AcDbLine
10
312.03302001953125
20
629.2820434570313
11
312.03302001953125
21
729.2820434570313
0
LINE
5
FF
100
AcDbEntity
8
0
62
7.0
100
AcDbLine
10
312.03302001953125
20
629.2820434570313
11
212.03302001953125
21
629.2820434570313
0
LINE
5
100
100
AcDbEntity
8
0
62
7.0
100
AcDbLine
10
212.03302001953125
20
629.2820434570313
11
212.03302001953125
21
729.2820434570313
0
LINE
5
101
100
AcDbEntity
8
0
62
7.0
100
AcDbLine
10
312.03302001953125
20
729.2820434570313
11
212.03302001953125
21
729.2820434570313
0
POINT
5
102
100
AcDbEntity
8
0
62
7.0
100
AcDbPoint
10
262.03302001953125
20
679.2820434570313
0
CIRCLE
5
103
100
AcDbEntity
8
0
62
7.0
100
AcDbCircle
10
262.0229187011719
20
783.28662109375
40
35.00000000000001
0
LINE
5
104
100
AcDbEntity
8
0
62
7.0
100
AcDbLine
10
312.0229187011719
20
833.28662109375
11
212.02291870117188
21
833.28662109375
0
LINE
5
105
100
AcDbEntity
8
0
62
7.0
100
AcDbLine
10
312.0229187011719
20
833.28662109375
11
312.0229187011719
21
733.28662109375
0
LINE
5
106
100
AcDbEntity
8
0
62
7.0
100
AcDbLine
10
312.0229187011719
20
733.28662109375
11
212.02291870117188
21
733.28662109375
0
LINE
5
107
100
AcDbEntity
8
0
62
7.0
100
AcDbLine
10
212.02291870117188
20
833.28662109375
11
212.02291870117188
21
733.28662109375
0
POINT
5
108
100
AcDbEntity
8
0
62
7.0
100
AcDbPoint
10
262.0229187011719
20
783.28662109375
0
CIRCLE
5
109
100
AcDbEntity
8
0
62
7.0
100
AcDbCircle
10
262.0191650390625
20
887.6758422851563
40
35.00000000000001
0
LINE
5
10A
100
AcDbEntity
8
0
62
7.0
100
AcDbLine
10
212.0191650390625
20
837.6758422851563
11
312.0191650390625
21
837.6758422851563
0
LINE
5
10B
100
AcDbEntity
8
0
62
7.0
100
AcDbLine
10
212.0191650390625
20
837.6758422851563
11
212.0191650390625
21
937.6758422851563
0
LINE
5
10C
100
AcDbEntity
8
0
62
7.0
100
AcDbLine
10
212.0191650390625
20
937.6758422851563
11
312.0191650390625
21
937.6758422851563
0
LINE
5
10D
100
AcDbEntity
8
0
62
7.0
100
AcDbLine
10
312.0191650390625
20
837.6758422851563
11
312.0191650390625
21
937.6758422851563
0
POINT
5
10E
100
AcDbEntity
8
0
62
7.0
100
AcDbPoint
10
262.0191650390625
20
887.6758422851563
0
CIRCLE
5
10F
100
AcDbEntity
8
0
62
7.0
100
AcDbCircle
10
262.0134582519531
20
991.6767578125
40
35.00000000000001
0
LINE
5
110
100
AcDbEntity
8
0
62
7.0
100
AcDbLine
10
212.01345825195313
20
941.6767578125
11
312.0134582519531
21
941.6767578125
0
LINE
5
111
100
AcDbEntity
8
0
62
7.0
100
AcDbLine
10
212.01345825195313
20
941.6767578125
11
212.01345825195313
21
1041.6767578125
0
LINE
5
112
100
AcDbEntity
8
0
62
7.0
100
AcDbLine
10
212.01345825195313
20
1041.6767578125
11
312.0134582519531
21
1041.6767578125
0
LINE
5
113
100
AcDbEntity
8
0
62
7.0
100
AcDbLine
10
312.0134582519531
20
941.6767578125
11
312.0134582519531
21
1041.6767578125
0
POINT
5
114
100
AcDbEntity
8
0
62
7.0
100
AcDbPoint
10
262.0134582519531
20
991.6767578125
0
CIRCLE
5
115
100
AcDbEntity
8
0
62
7.0
100
AcDbCircle
10
262.01300048828125
20
1095.6778564453125
40
35.00000000000001
0
LINE
5
116
100
AcDbEntity
8
0
62
7.0
100
AcDbLine
10
312.01300048828125
20
1045.6778564453125
11
312.01300048828125
21
1145.6778564453125
0
LINE
5
117
100
AcDbEntity
8
0
62
7.0
100
AcDbLine
10
312.01300048828125
20
1045.6778564453125
11
212.01300048828125
21
1045.6778564453125
0
LINE
5
118
100
AcDbEntity
8
0
62
7.0
100
AcDbLine
10
212.01300048828125
20
1045.6778564453125
11
212.01300048828125
21
1145.6778564453125
0
LINE
5
119
100
AcDbEntity
8
0
62
7.0
100
AcDbLine
10
312.01300048828125
20
1145.6778564453125
11
212.01300048828125
21
1145.6778564453125
0
POINT
5
11A
100
AcDbEntity
8
0
62
7.0
100
AcDbPoint
10
262.01300048828125
20
1095.6778564453125
0
CIRCLE
5
11B
100
AcDbEntity
8
0
62
7.0
100
AcDbCircle
10
262.0200500488281
20
1199.6905517578125
40
35.00000000000001
0
LINE
5
11C
100
AcDbEntity
8
0
62
7.0
100
AcDbLine
10
212.02005004882813
20
1149.6905517578125
11
312.0200500488281
21
1149.6905517578125
0
LINE
5
11D
100
AcDbEntity
8
0
62
7.0
100
AcDbLine
10
212.02005004882813
20
1149.6905517578125
11
212.02005004882813
21
1249.6905517578125
0
LINE
5
11E
100
AcDbEntity
8
0
62
7.0
100
AcDbLine
10
212.02005004882813
20
1249.6905517578125
11
312.0200500488281
21
1249.6905517578125
0
LINE
5
11F
100
AcDbEntity
8
0
62
7.0
100
AcDbLine
10
312.0200500488281
20
1149.6905517578125
11
312.0200500488281
21
1249.6905517578125
0
POINT
5
120
100
AcDbEntity
8
0
62
7.0
100
AcDbPoint
10
262.0200500488281
20
1199.6905517578125
0
CIRCLE
5
121
100
AcDbEntity
8
0
62
7.0
100
AcDbCircle
10
262.01953125
20
1303.7171630859375
40
35.00000000000001
0
LINE
5
122
100
AcDbEntity
8
0
62
7.0
100
AcDbLine
10
212.01953125
20
1353.7171630859375
11
212.01953125
21
1253.7171630859375
0
LINE
5
123
100
AcDbEntity
8
0
62
7.0
100
AcDbLine
10
212.01953125
20
1353.7171630859375
11
312.01953125
21
1353.7171630859375
0
LINE
5
124
100
AcDbEntity
8
0
62
7.0
100
AcDbLine
10
312.01953125
20
1353.7171630859375
11
312.01953125
21
1253.7171630859375
0
LINE
5
125
100
AcDbEntity
8
0
62
7.0
100
AcDbLine
10
212.01953125
20
1253.7171630859375
11
312.01953125
21
1253.7171630859375
0
POINT
5
126
100
AcDbEntity
8
0
62
7.0
100
AcDbPoint
10
262.01953125
20
1303.7171630859375
0
CIRCLE
5
127
100
AcDbEntity
8
0
62
7.0
100
AcDbCircle
10
262.02606201171875
20
1407.7198486328125
40
35.00000000000001
0
LINE
5
128
100
AcDbEntity
8
0
62
7.0
100
AcDbLine
10
212.02606201171875
20
1457.7198486328125
11
212.02606201171875
21
1357.7198486328125
0
LINE
5
129
100
AcDbEntity
8
0
62
7.0
100
AcDbLine
10
212.02606201171875
20
1457.7198486328125
11
312.02606201171875
21
1457.7198486328125
0
LINE
5
12A
100
AcDbEntity
8
0
62
7.0
100
AcDbLine
10
312.02606201171875
20
1457.7198486328125
11
312.02606201171875
21
1357.7198486328125
0
LINE
5
12B
100
AcDbEntity
8
0
62
7.0
100
AcDbLine
10
212.02606201171875
20
1357.7198486328125
11
312.02606201171875
21
1357.7198486328125
0
POINT
5
12C
100
AcDbEntity
8
0
62
7.0
100
AcDbPoint
10
262.02606201171875
20
1407.7198486328125
0
CIRCLE
5
12D
100
AcDbEntity
8
0
62
7.0
100
AcDbCircle
10
262.0252990722656
20
1511.724365234375
40
35.00000000000001
0
LINE
5
12E
100
AcDbEntity
8
0
62
7.0
100
AcDbLine
10
212.02529907226563
20
1561.724365234375
11
212.02529907226563
21
1461.724365234375
0
LINE
5
12F
100
AcDbEntity
8
0
62
7.0
100
AcDbLine
10
212.02529907226563
20
1561.724365234375
11
312.0252990722656
21
1561.724365234375
0
LINE
5
130
100
AcDbEntity
8
0
62
7.0
100
AcDbLine
10
312.0252990722656
20
1561.724365234375
11
312.0252990722656
21
1461.724365234375
0
LINE
5
131
100
AcDbEntity
8
0
62
7.0
100
AcDbLine
10
212.02529907226563
20
1461.724365234375
11
312.0252990722656
21
1461.724365234375
0
POINT
5
132
100
AcDbEntity
8
0
62
7.0
100
AcDbPoint
10
262.0252990722656
20
1511.724365234375
0
CIRCLE
5
133
100
AcDbEntity
8
0
62
7.0
100
AcDbCircle
10
262.0245056152344
20
1615.7791748046875
40
35.00000000000001
0
LINE
5
134
100
AcDbEntity
8
0
62
7.0
100
AcDbLine
10
312.0245056152344
20
1665.7791748046875
11
212.02450561523438
21
1665.7791748046875
0
LINE
5
135
100
AcDbEntity
8
0
62
7.0
100
AcDbLine
10
312.0245056152344
20
1665.7791748046875
11
312.0245056152344
21
1565.7791748046875
0
LINE
5
136
100
AcDbEntity
8
0
62
7.0
100
AcDbLine
10
312.0245056152344
20
1565.7791748046875
11
212.02450561523438
21
1565.7791748046875
0
LINE
5
137
100
AcDbEntity
8
0
62
7.0
100
AcDbLine
10
212.02450561523438
20
1665.7791748046875
11
212.02450561523438
21
1565.7791748046875
0
POINT
5
138
100
AcDbEntity
8
0
62
7.0
100
AcDbPoint
10
262.0245056152344
20
1615.7791748046875
0
CIRCLE
5
139
100
AcDbEntity
8
0
62
7.0
100
AcDbCircle
10
262.02545166015625
20
1719.7811279296875
40
35.00000000000001
0
LINE
5
13A
100
AcDbEntity
8
0
62
7.0
100
AcDbLine
10
312.02545166015625
20
1669.7811279296875
11
312.02545166015625
21
1769.7811279296875
0
LINE
5
13B
100
AcDbEntity
8
0
62
7.0
100
AcDbLine
10
312.02545166015625
20
1669.7811279296875
11
212.02545166015625
21
1669.7811279296875
0
LINE
5
13C
100
AcDbEntity
8
0
62
7.0
100
AcDbLine
10
212.02545166015625
20
1669.7811279296875
11
212.02545166015625
21
1769.7811279296875
0
LINE
5
13D
100
AcDbEntity
8
0
62
7.0
100
AcDbLine
10
312.02545166015625
20
1769.7811279296875
11
212.02545166015625
21
1769.7811279296875
0
POINT
5
13E
100
AcDbEntity
8
0
62
7.0
100
AcDbPoint
10
262.02545166015625
20
1719.7811279296875
0
CIRCLE
5
13F
100
AcDbEntity
8
0
62
7.0
100
AcDbCircle
10
262.02508544921875
20
1823.788330078125
40
35.00000000000001
0
LINE
5
140
100
AcDbEntity
8
0
62
7.0
100
AcDbLine
10
212.02508544921875
20
1873.788330078125
11
212.02508544921875
21
1773.788330078125
0
LINE
5
141
100
AcDbEntity
8
0
62
7.0
100
AcDbLine
10
212.02508544921875
20
1873.788330078125
11
312.02508544921875
21
1873.788330078125
0
LINE
5
142
100
AcDbEntity
8
0
62
7.0
100
AcDbLine
10
312.02508544921875
20
1873.788330078125
11
312.02508544921875
21
1773.788330078125
0
LINE
5
143
100
AcDbEntity
8
0
62
7.0
100
AcDbLine
10
212.02508544921875
20
1773.788330078125
11
312.02508544921875
21
1773.788330078125
0
POINT
5
144
100
AcDbEntity
8
0
62
7.0
100
AcDbPoint
10
262.02508544921875
20
1823.788330078125
0
CIRCLE
5
145
100
AcDbEntity
8
0
62
7.0
100
AcDbCircle
10
262.0187683105469
20
1927.788818359375
40
35.00000000000001
0
LINE
5
146
100
AcDbEntity
8
0
62
7.0
100
AcDbLine
10
312.0187683105469
20
1877.788818359375
11
312.0187683105469
21
1977.788818359375
0
LINE
5
147
100
AcDbEntity
8
0
62
7.0
100
AcDbLine
10
312.0187683105469
20
1877.788818359375
11
212.01876831054688
21
1877.788818359375
0
LINE
5
148
100
AcDbEntity
8
0
62
7.0
100
AcDbLine
10
212.01876831054688
20
1877.788818359375
11
212.01876831054688
21
1977.788818359375
0
LINE
5
149
100
AcDbEntity
8
0
62
7.0
100
AcDbLine
10
312.0187683105469
20
1977.788818359375
11
212.01876831054688
21
1977.788818359375
0
POINT
5
14A
100
AcDbEntity
8
0
62
7.0
100
AcDbPoint
10
262.0187683105469
20
1927.788818359375
0
CIRCLE
5
14B
100
AcDbEntity
8
0
62
7.0
100
AcDbCircle
10
366.0312805175781
20
54.849891662597656
40
35.00000000000001
0
LINE
5
14C
100
AcDbEntity
8
0
62
7.0
100
AcDbLine
10
416.0312805175781
20
4.849891662597656
11
416.0312805175781
21
104.84989166259766
0
LINE
5
14D
100
AcDbEntity
8
0
62
7.0
100
AcDbLine
10
416.0312805175781
20
4.849891662597656
11
316.0312805175781
21
4.849891662597656
0
LINE
5
14E
100
AcDbEntity
8
0
62
7.0
100
AcDbLine
10
316.0312805175781
20
4.849891662597656
11
316.0312805175781
21
104.84989166259766
0
LINE
5
14F
100
AcDbEntity
8
0
62
7.0
100
AcDbLine
10
416.0312805175781
20
104.84989166259766
11
316.0312805175781
21
104.84989166259766
0
POINT
5
150
100
AcDbEntity
8
0
62
7.0
100
AcDbPoint
10
366.0312805175781
20
54.849891662597656
0
CIRCLE
5
151
100
AcDbEntity
8
0
62
7.0
100
AcDbCircle
10
366.0325317382813
20
158.8502655029297
40
35.00000000000001
0
LINE
5
152
100
AcDbEntity
8
0
62
7.0
100
AcDbLine
10
416.0325317382813
20
108.85026550292969
11
416.0325317382813
21
208.8502655029297
0
LINE
5
153
100
AcDbEntity
8
0
62
7.0
100
AcDbLine
10
416.0325317382813
20
108.85026550292969
11
316.0325317382813
21
108.85026550292969
0
LINE
5
154
100
AcDbEntity
8
0
62
7.0
100
AcDbLine
10
316.0325317382813
20
108.85026550292969
11
316.0325317382813
21
208.8502655029297
0
LINE
5
155
100
AcDbEntity
8
0
62
7.0
100
AcDbLine
10
416.0325317382813
20
208.8502655029297
11
316.0325317382813
21
208.8502655029297
0
POINT
5
156
100
AcDbEntity
8
0
62
7.0
100
AcDbPoint
10
366.0325317382813
20
158.8502655029297
0
CIRCLE
5
157
100
AcDbEntity
8
0
62
7.0
100
AcDbCircle
10
366.0280151367187
20
262.8506774902344
40
35.00000000000001
0
LINE
5
158
100
AcDbEntity
8
0
62
7.0
100
AcDbLine
10
416.0280151367187
20
212.85067749023438
11
416.0280151367187
21
312.8506774902344
0
LINE
5
159
100
AcDbEntity
8
0
62
7.0
100
AcDbLine
10
416.0280151367187
20
212.85067749023438
11
316.0280151367187
21
212.85067749023438
0
LINE
5
15A
100
AcDbEntity
8
0
62
7.0
100
AcDbLine
10
316.0280151367187
20
212.85067749023438
11
316.0280151367187
21
312.8506774902344
0
LINE
5
15B
100
AcDbEntity
8
0
62
7.0
100
AcDbLine
10
416.0280151367187
20
312.8506774902344
11
316.0280151367187
21
312.8506774902344
0
POINT
5
15C
100
AcDbEntity
8
0
62
7.0
100
AcDbPoint
10
366.0280151367187
20
262.8506774902344
0
CIRCLE
5
15D
100
AcDbEntity
8
0
62
7.0
100
AcDbCircle
10
366.0237121582031
20
366.8539123535156
40
35.00000000000001
0
LINE
5
15E
100
AcDbEntity
8
0
62
7.0
100
AcDbLine
10
416.0237121582031
20
316.8539123535156
11
416.0237121582031
21
416.8539123535156
0
LINE
5
15F
100
AcDbEntity
8
0
62
7.0
100
AcDbLine
10
416.0237121582031
20
316.8539123535156
11
316.0237121582031
21
316.8539123535156
0
LINE
5
160
100
AcDbEntity
8
0
62
7.0
100
AcDbLine
10
316.0237121582031
20
316.8539123535156
11
316.0237121582031
21
416.8539123535156
0
LINE
5
161
100
AcDbEntity
8
0
62
7.0
100
AcDbLine
10
416.0237121582031
20
416.8539123535156
11
316.0237121582031
21
416.8539123535156
0
POINT
5
162
100
AcDbEntity
8
0
62
7.0
100
AcDbPoint
10
366.0237121582031
20
366.8539123535156
0
CIRCLE
5
163
100
AcDbEntity
8
0
62
7.0
100
AcDbCircle
10
366.036865234375
20
470.8629760742187
40
35.00000000000001
0
LINE
5
164
100
AcDbEntity
8
0
62
7.0
100
AcDbLine
10
416.036865234375
20
520.8629760742188
11
316.036865234375
21
520.8629760742186
0
LINE
5
165
100
AcDbEntity
8
0
62
7.0
100
AcDbLine
10
416.036865234375
20
520.8629760742188
11
416.036865234375
21
420.8629760742187
0
LINE
5
166
100
AcDbEntity
8
0
62
7.0
100
AcDbLine
10
416.036865234375
20
420.8629760742187
11
316.036865234375
21
420.8629760742187
0
LINE
5
167
100
AcDbEntity
8
0
62
7.0
100
AcDbLine
10
316.036865234375
20
520.8629760742186
11
316.036865234375
21
420.8629760742187
0
POINT
5
168
100
AcDbEntity
8
0
62
7.0
100
AcDbPoint
10
366.036865234375
20
470.8629760742187
0
CIRCLE
5
169
100
AcDbEntity
8
0
62
7.0
100
AcDbCircle
10
366.0378723144531
20
574.9224853515625
40
35.00000000000001
0
LINE
5
16A
100
AcDbEntity
8
0
62
7.0
100
AcDbLine
10
316.0378723144531
20
624.9224853515625
11
316.0378723144531
21
524.9224853515625
0
LINE
5
16B
100
AcDbEntity
8
0
62
7.0
100
AcDbLine
10
316.0378723144531
20
624.9224853515625
11
416.0378723144531
21
624.9224853515625
0
LINE
5
16C
100
AcDbEntity
8
0
62
7.0
100
AcDbLine
10
416.0378723144531
20
624.9224853515625
11
416.0378723144531
21
524.9224853515625
0
LINE
5
16D
100
AcDbEntity
8
0
62
7.0
100
AcDbLine
10
316.0378723144531
20
524.9224853515625
11
416.0378723144531
21
524.9224853515625
0
POINT
5
16E
100
AcDbEntity
8
0
62
7.0
100
AcDbPoint
10
366.0378723144531
20
574.9224853515625
0
CIRCLE
5
16F
100
AcDbEntity
8
0
62
7.0
100
AcDbCircle
10
366.03863525390625
20
678.9306640625
40
35.00000000000001
0
LINE
5
170
100
AcDbEntity
8
0
62
7.0
100
AcDbLine
10
416.03863525390625
20
628.9306640625
11
416.03863525390625
21
728.9306640625
0
LINE
5
171
100
AcDbEntity
8
0
62
7.0
100
AcDbLine
10
416.03863525390625
20
628.9306640625
11
316.03863525390625
21
628.9306640625
0
LINE
5
172
100
AcDbEntity
8
0
62
7.0
100
AcDbLine
10
316.03863525390625
20
628.9306640625
11
316.03863525390625
21
728.9306640625
0
LINE
5
173
100
AcDbEntity
8
0
62
7.0
100
AcDbLine
10
416.03863525390625
20
728.9306640625
11
316.03863525390625
21
728.9306640625
0
POINT
5
174
100
AcDbEntity
8
0
62
7.0
100
AcDbPoint
10
366.03863525390625
20
678.9306640625
0
CIRCLE
5
175
100
AcDbEntity
8
0
62
7.0
100
AcDbCircle
10
366.0303955078125
20
783.2924194335938
40
35.00000000000001
0
LINE
5
176
100
AcDbEntity
8
0
62
7.0
100
AcDbLine
10
316.0303955078125
20
733.2924194335938
11
416.0303955078125
21
733.2924194335938
0
LINE
5
177
100
AcDbEntity
8
0
62
7.0
100
AcDbLine
10
316.0303955078125
20
733.2924194335938
11
316.0303955078125
21
833.2924194335938
0
LINE
5
178
100
AcDbEntity
8
0
62
7.0
100
AcDbLine
10
316.0303955078125
20
833.2924194335938
11
416.0303955078125
21
833.2924194335938
0
LINE
5
179
100
AcDbEntity
8
0
62
7.0
100
AcDbLine
10
416.0303955078125
20
733.2924194335938
11
416.0303955078125
21
833.2924194335938
0
POINT
5
17A
100
AcDbEntity
8
0
62
7.0
100
AcDbPoint
10
366.0303955078125
20
783.2924194335938
0
CIRCLE
5
17B
100
AcDbEntity
8
0
62
7.0
100
AcDbCircle
10
366.03076171875
20
887.29833984375
40
35.00000000000001
0
LINE
5
17C
100
AcDbEntity
8
0
62
7.0
100
AcDbLine
10
416.03076171875
20
837.29833984375
11
416.03076171875
21
937.29833984375
0
LINE
5
17D
100
AcDbEntity
8
0
62
7.0
100
AcDbLine
10
416.03076171875
20
837.29833984375
11
316.03076171875
21
837.29833984375
0
LINE
5
17E
100
AcDbEntity
8
0
62
7.0
100
AcDbLine
10
316.03076171875
20
837.29833984375
11
316.03076171875
21
937.29833984375
0
LINE
5
17F
100
AcDbEntity
8
0
62
7.0
100
AcDbLine
10
416.03076171875
20
937.29833984375
11
316.03076171875
21
937.29833984375
0
POINT
5
180
100
AcDbEntity
8
0
62
7.0
100
AcDbPoint
10
366.03076171875
20
887.29833984375
0
CIRCLE
5
181
100
AcDbEntity
8
0
62
7.0
100
AcDbCircle
10
366.02056884765625
20
991.3098754882813
40
35.00000000000001
0
LINE
5
182
100
AcDbEntity
8
0
62
7.0
100
AcDbLine
10
316.02056884765625
20
1041.3098754882813
11
316.02056884765625
21
941.3098754882813
0
LINE
5
183
100
AcDbEntity
8
0
62
7.0
100
AcDbLine
10
316.02056884765625
20
1041.3098754882813
11
416.02056884765625
21
1041.3098754882813
0
LINE
5
184
100
AcDbEntity
8
0
62
7.0
100
AcDbLine
10
416.02056884765625
20
1041.3098754882813
11
416.02056884765625
21
941.3098754882813
0
LINE
5
185
100
AcDbEntity
8
0
62
7.0
100
AcDbLine
10
316.02056884765625
20
941.3098754882813
11
416.02056884765625
21
941.3098754882813
0
POINT
5
186
100
AcDbEntity
8
0
62
7.0
100
AcDbPoint
10
366.02056884765625
20
991.3098754882813
0
CIRCLE
5
187
100
AcDbEntity
8
0
62
7.0
100
AcDbCircle
10
366.02197265625
20
1095.3104248046875
40
35.00000000000001
0
LINE
5
188
100
AcDbEntity
8
0
62
7.0
100
AcDbLine
10
316.02197265625
20
1045.3104248046875
11
416.02197265625
21
1045.3104248046875
0
LINE
5
189
100
AcDbEntity
8
0
62
7.0
100
AcDbLine
10
316.02197265625
20
1045.3104248046875
11
316.02197265625
21
1145.3104248046875
0
LINE
5
18A
100
AcDbEntity
8
0
62
7.0
100
AcDbLine
10
316.02197265625
20
1145.3104248046875
11
416.02197265625
21
1145.3104248046875
0
LINE
5
18B
100
AcDbEntity
8
0
62
7.0
100
AcDbLine
10
416.02197265625
20
1045.3104248046875
11
416.02197265625
21
1145.3104248046875
0
POINT
5
18C
100
AcDbEntity
8
0
62
7.0
100
AcDbPoint
10
366.02197265625
20
1095.3104248046875
0
CIRCLE
5
18D
100
AcDbEntity
8
0
62
7.0
100
AcDbCircle
10
366.0208740234375
20
1199.3154296875
40
35.00000000000001
0
LINE
5
18E
100
AcDbEntity
8
0
62
7.0
100
AcDbLine
10
316.0208740234375
20
1249.3154296875
11
316.0208740234375
21
1149.3154296875
0
LINE
5
18F
100
AcDbEntity
8
0
62
7.0
100
AcDbLine
10
316.0208740234375
20
1249.3154296875
11
416.0208740234375
21
1249.3154296875
0
LINE
5
190
100
AcDbEntity
8
0
62
7.0
100
AcDbLine
10
416.0208740234375
20
1249.3154296875
11
416.0208740234375
21
1149.3154296875
0
LINE
5
191
100
AcDbEntity
8
0
62
7.0
100
AcDbLine
10
316.0208740234375
20
1149.3154296875
11
416.0208740234375
21
1149.3154296875
0
POINT
5
192
100
AcDbEntity
8
0
62
7.0
100
AcDbPoint
10
366.0208740234375
20
1199.3154296875
0
CIRCLE
5
193
100
AcDbEntity
8
0
62
7.0
100
AcDbCircle
10
366.0343322753906
20
1303.318359375
40
35.00000000000001
0
LINE
5
194
100
AcDbEntity
8
0
62
7.0
100
AcDbLine
10
416.0343322753906
20
1253.318359375
11
416.0343322753906
21
1353.318359375
0
LINE
5
195
100
AcDbEntity
8
0
62
7.0
100
AcDbLine
10
416.0343322753906
20
1253.318359375
11
316.0343322753906
21
1253.318359375
0
LINE
5
196
100
AcDbEntity
8
0
62
7.0
100
AcDbLine
10
316.0343322753906
20
1253.318359375
11
316.0343322753906
21
1353.318359375
0
LINE
5
197
100
AcDbEntity
8
0
62
7.0
100
AcDbLine
10
416.0343322753906
20
1353.318359375
11
316.0343322753906
21
1353.318359375
0
POINT
5
198
100
AcDbEntity
8
0
62
7.0
100
AcDbPoint
10
366.0343322753906
20
1303.318359375
0
CIRCLE
5
199
100
AcDbEntity
8
0
62
7.0
100
AcDbCircle
10
366.0263671875
20
1451.05810546875
40
35.00000000000001
0
LINE
5
19A
100
AcDbEntity
8
0
62
7.0
100
AcDbLine
10
416.0263671875
20
1401.05810546875
11
416.0263671875
21
1501.05810546875
0
LINE
5
19B
100
AcDbEntity
8
0
62
7.0
100
AcDbLine
10
416.0263671875
20
1401.05810546875
11
316.0263671875
21
1401.05810546875
0
LINE
5
19C
100
AcDbEntity
8
0
62
7.0
100
AcDbLine
10
316.0263671875
20
1401.05810546875
11
316.0263671875
21
1501.05810546875
0
LINE
5
19D
100
AcDbEntity
8
0
62
7.0
100
AcDbLine
10
416.0263671875
20
1501.05810546875
11
316.0263671875
21
1501.05810546875
0
POINT
5
19E
100
AcDbEntity
8
0
62
7.0
100
AcDbPoint
10
366.0263671875
20
1451.05810546875
0
CIRCLE
5
19F
100
AcDbEntity
8
0
62
7.0
100
AcDbCircle
10
366.0285339355469
20
1555.0615234375
40
35.00000000000001
0
LINE
5
1A0
100
AcDbEntity
8
0
62
7.0
100
AcDbLine
10
316.0285339355469
20
1605.0615234375
11
316.0285339355469
21
1505.0615234375
0
LINE
5
1A1
100
AcDbEntity
8
0
62
7.0
100
AcDbLine
10
316.0285339355469
20
1605.0615234375
11
416.0285339355469
21
1605.0615234375
0
LINE
5
1A2
100
AcDbEntity
8
0
62
7.0
100
AcDbLine
10
416.0285339355469
20
1605.0615234375
11
416.0285339355469
21
1505.0615234375
0
LINE
5
1A3
100
AcDbEntity
8
0
62
7.0
100
AcDbLine
10
316.0285339355469
20
1505.0615234375
11
416.0285339355469
21
1505.0615234375
0
POINT
5
1A4
100
AcDbEntity
8
0
62
7.0
100
AcDbPoint
10
366.0285339355469
20
1555.0615234375
0
CIRCLE
5
1A5
100
AcDbEntity
8
0
62
7.0
100
AcDbCircle
10
366.0270690917969
20
1659.1646728515625
40
35.00000000000001
0
LINE
5
1A6
100
AcDbEntity
8
0
62
7.0
100
AcDbLine
10
316.0270690917969
20
1709.1646728515625
11
316.0270690917969
21
1609.1646728515625
0
LINE
5
1A7
100
AcDbEntity
8
0
62
7.0
100
AcDbLine
10
316.0270690917969
20
1709.1646728515625
11
416.0270690917969
21
1709.1646728515625
0
LINE
5
1A8
100
AcDbEntity
8
0
62
7.0
100
AcDbLine
10
416.0270690917969
20
1709.1646728515625
11
416.0270690917969
21
1609.1646728515625
0
LINE
5
1A9
100
AcDbEntity
8
0
62
7.0
100
AcDbLine
10
316.0270690917969
20
1609.1646728515625
11
416.0270690917969
21
1609.1646728515625
0
POINT
5
1AA
100
AcDbEntity
8
0
62
7.0
100
AcDbPoint
10
366.0270690917969
20
1659.1646728515625
0
CIRCLE
5
1AB
100
AcDbEntity
8
0
62
7.0
100
AcDbCircle
10
366.0315551757813
20
1763.1683349609375
40
35.00000000000001
0
LINE
5
1AC
100
AcDbEntity
8
0
62
7.0
100
AcDbLine
10
416.0315551757813
20
1813.1683349609375
11
316.0315551757813
21
1813.1683349609375
0
LINE
5
1AD
100
AcDbEntity
8
0
62
7.0
100
AcDbLine
10
416.0315551757813
20
1813.1683349609375
11
416.0315551757813
21
1713.1683349609375
0
LINE
5
1AE
100
AcDbEntity
8
0
62
7.0
100
AcDbLine
10
416.0315551757813
20
1713.1683349609375
11
316.0315551757813
21
1713.1683349609375
0
LINE
5
1AF
100
AcDbEntity
8
0
62
7.0
100
AcDbLine
10
316.0315551757813
20
1813.1683349609375
11
316.0315551757813
21
1713.1683349609375
0
POINT
5
1B0
100
AcDbEntity
8
0
62
7.0
100
AcDbPoint
10
366.0315551757813
20
1763.1683349609375
0
CIRCLE
5
1B1
100
AcDbEntity
8
0
62
7.0
100
AcDbCircle
10
470.0317687988281
20
54.76996994018555
40
35.00000000000001
0
LINE
5
1B2
100
AcDbEntity
8
0
62
7.0
100
AcDbLine
10
520.0317687988281
20
104.76996994018555
11
420.0317687988281
21
104.76996994018555
0
LINE
5
1B3
100
AcDbEntity
8
0
62
7.0
100
AcDbLine
10
520.0317687988281
20
104.76996994018555
11
520.0317687988281
21
4.769969940185554
0
LINE
5
1B4
100
AcDbEntity
8
0
62
7.0
100
AcDbLine
10
520.0317687988281
20
4.769969940185554
11
420.0317687988281
21
4.76996994018554
0
LINE
5
1B5
100
AcDbEntity
8
0
62
7.0
100
AcDbLine
10
420.0317687988281
20
104.76996994018555
11
420.0317687988281
21
4.76996994018554
0
POINT
5
1B6
100
AcDbEntity
8
0
62
7.0
100
AcDbPoint
10
470.0317687988281
20
54.76996994018555
0
CIRCLE
5
1B7
100
AcDbEntity
8
0
62
7.0
100
AcDbCircle
10
366.028564453125
20
1867.1773681640625
40
35.00000000000001
0
LINE
5
1B8
100
AcDbEntity
8
0
62
7.0
100
AcDbLine
10
416.028564453125
20
1817.1773681640625
11
416.028564453125
21
1917.1773681640625
0
LINE
5
1B9
100
AcDbEntity
8
0
62
7.0
100
AcDbLine
10
416.028564453125
20
1817.1773681640625
11
316.028564453125
21
1817.1773681640625
0
LINE
5
1BA
100
AcDbEntity
8
0
62
7.0
100
AcDbLine
10
316.028564453125
20
1817.1773681640625
11
316.028564453125
21
1917.1773681640625
0
LINE
5
1BB
100
AcDbEntity
8
0
62
7.0
100
AcDbLine
10
416.028564453125
20
1917.1773681640625
11
316.028564453125
21
1917.1773681640625
0
POINT
5
1BC
100
AcDbEntity
8
0
62
7.0
100
AcDbPoint
10
366.028564453125
20
1867.1773681640625
0
CIRCLE
5
1BD
100
AcDbEntity
8
0
62
7.0
100
AcDbCircle
10
470.03265380859375
20
158.77267456054688
40
35.00000000000001
0
LINE
5
1BE
100
AcDbEntity
8
0
62
7.0
100
AcDbLine
10
520.0326538085938
20
208.77267456054688
11
420.03265380859375
21
208.77267456054688
0
LINE
5
1BF
100
AcDbEntity
8
0
62
7.0
100
AcDbLine
10
520.0326538085938
20
208.77267456054688
11
520.0326538085938
21
108.77267456054688
0
LINE
5
1C0
100
AcDbEntity
8
0
62
7.0
100
AcDbLine
10
520.0326538085938
20
108.77267456054688
11
420.03265380859375
21
108.77267456054688
0
LINE
5
1C1
100
AcDbEntity
8
0
62
7.0
100
AcDbLine
10
420.03265380859375
20
208.77267456054688
11
420.03265380859375
21
108.77267456054688
0
POINT
5
1C2
100
AcDbEntity
8
0
62
7.0
100
AcDbPoint
10
470.03265380859375
20
158.77267456054688
0
CIRCLE
5
1C3
100
AcDbEntity
8
0
62
7.0
100
AcDbCircle
10
470.03668212890625
20
262.7850341796875
40
35.00000000000001
0
LINE
5
1C4
100
AcDbEntity
8
0
62
7.0
100
AcDbLine
10
420.03668212890625
20
312.7850341796875
11
420.03668212890625
21
212.7850341796875
0
LINE
5
1C5
100
AcDbEntity
8
0
62
7.0
100
AcDbLine
10
420.03668212890625
20
312.7850341796875
11
520.0366821289063
21
312.7850341796875
0
LINE
5
1C6
100
AcDbEntity
8
0
62
7.0
100
AcDbLine
10
520.0366821289063
20
312.7850341796875
11
520.0366821289063
21
212.7850341796875
0
LINE
5
1C7
100
AcDbEntity
8
0
62
7.0
100
AcDbLine
10
420.03668212890625
20
212.7850341796875
11
520.0366821289063
21
212.7850341796875
0
POINT
5
1C8
100
AcDbEntity
8
0
62
7.0
100
AcDbPoint
10
470.03668212890625
20
262.7850341796875
0
CIRCLE
5
1C9
100
AcDbEntity
8
0
62
7.0
100
AcDbCircle
10
470.0320434570313
20
366.7874450683594
40
35.00000000000001
0
LINE
5
1CA
100
AcDbEntity
8
0
62
7.0
100
AcDbLine
10
520.0320434570313
20
316.7874450683594
11
520.0320434570313
21
416.7874450683594
0
LINE
5
1CB
100
AcDbEntity
8
0
62
7.0
100
AcDbLine
10
520.0320434570313
20
316.7874450683594
11
420.0320434570313
21
316.7874450683594
0
LINE
5
1CC
100
AcDbEntity
8
0
62
7.0
100
AcDbLine
10
420.0320434570313
20
316.7874450683594
11
420.0320434570313
21
416.7874450683594
0
LINE
5
1CD
100
AcDbEntity
8
0
62
7.0
100
AcDbLine
10
520.0320434570313
20
416.7874450683594
11
420.0320434570313
21
416.7874450683594
0
POINT
5
1CE
100
AcDbEntity
8
0
62
7.0
100
AcDbPoint
10
470.0320434570313
20
366.7874450683594
0
CIRCLE
5
1CF
100
AcDbEntity
8
0
62
7.0
100
AcDbCircle
10
470.04638671875
20
514.5300903320313
40
35.00000000000001
0
LINE
5
1D0
100
AcDbEntity
8
0
62
7.0
100
AcDbLine
10
420.04638671875
20
564.5300903320313
11
420.04638671875
21
464.53009033203125
0
LINE
5
1D1
100
AcDbEntity
8
0
62
7.0
100
AcDbLine
10
420.04638671875
20
564.5300903320313
11
520.04638671875
21
564.5300903320313
0
LINE
5
1D2
100
AcDbEntity
8
0
62
7.0
100
AcDbLine
10
520.04638671875
20
564.5300903320313
11
520.04638671875
21
464.53009033203125
0
LINE
5
1D3
100
AcDbEntity
8
0
62
7.0
100
AcDbLine
10
420.04638671875
20
464.53009033203125
11
520.04638671875
21
464.53009033203125
0
POINT
5
1D4
100
AcDbEntity
8
0
62
7.0
100
AcDbPoint
10
470.04638671875
20
514.5300903320313
0
CIRCLE
5
1D5
100
AcDbEntity
8
0
62
7.0
100
AcDbCircle
10
470.0415954589844
20
618.5428466796875
40
35.00000000000001
0
LINE
5
1D6
100
AcDbEntity
8
0
62
7.0
100
AcDbLine
10
420.0415954589844
20
668.5428466796875
11
420.0415954589844
21
568.5428466796875
0
LINE
5
1D7
100
AcDbEntity
8
0
62
7.0
100
AcDbLine
10
420.0415954589844
20
668.5428466796875
11
520.0415954589844
21
668.5428466796875
0
LINE
5
1D8
100
AcDbEntity
8
0
62
7.0
100
AcDbLine
10
520.0415954589844
20
668.5428466796875
11
520.0415954589844
21
568.5428466796875
0
LINE
5
1D9
100
AcDbEntity
8
0
62
7.0
100
AcDbLine
10
420.0415954589844
20
568.5428466796875
11
520.0415954589844
21
568.5428466796875
0
POINT
5
1DA
100
AcDbEntity
8
0
62
7.0
100
AcDbPoint
10
470.0415954589844
20
618.5428466796875
0
CIRCLE
5
1DB
100
AcDbEntity
8
0
62
7.0
100
AcDbCircle
10
470.0514526367187
20
722.5453491210938
40
35.00000000000001
0
LINE
5
1DC
100
AcDbEntity
8
0
62
7.0
100
AcDbLine
10
520.0514526367186
20
772.5453491210938
11
420.0514526367187
21
772.5453491210938
0
LINE
5
1DD
100
AcDbEntity
8
0
62
7.0
100
AcDbLine
10
520.0514526367186
20
772.5453491210938
11
520.0514526367188
21
672.5453491210938
0
LINE
5
1DE
100
AcDbEntity
8
0
62
7.0
100
AcDbLine
10
520.0514526367188
20
672.5453491210938
11
420.0514526367187
21
672.5453491210938
0
LINE
5
1DF
100
AcDbEntity
8
0
62
7.0
100
AcDbLine
10
420.0514526367187
20
772.5453491210938
11
420.0514526367187
21
672.5453491210938
0
POINT
5
1E0
100
AcDbEntity
8
0
62
7.0
100
AcDbPoint
10
470.0514526367187
20
722.5453491210938
0
CIRCLE
5
1E1
100
AcDbEntity
8
0
62
7.0
100
AcDbCircle
10
470.04144287109375
20
826.6218872070313
40
35.00000000000001
0
LINE
5
1E2
100
AcDbEntity
8
0
62
7.0
100
AcDbLine
10
520.0414428710938
20
776.6218872070313
11
520.0414428710938
21
876.6218872070313
0
LINE
5
1E3
100
AcDbEntity
8
0
62
7.0
100
AcDbLine
10
520.0414428710938
20
776.6218872070313
11
420.04144287109375
21
776.6218872070313
0
LINE
5
1E4
100
AcDbEntity
8
0
62
7.0
100
AcDbLine
10
420.04144287109375
20
776.6218872070313
11
420.04144287109375
21
876.6218872070313
0
LINE
5
1E5
100
AcDbEntity
8
0
62
7.0
100
AcDbLine
10
520.0414428710938
20
876.6218872070313
11
420.04144287109375
21
876.6218872070313
0
POINT
5
1E6
100
AcDbEntity
8
0
62
7.0
100
AcDbPoint
10
470.04144287109375
20
826.6218872070313
0
CIRCLE
5
1E7
100
AcDbEntity
8
0
62
7.0
100
AcDbCircle
10
470.0378723144531
20
930.6343383789063
40
35.00000000000001
0
LINE
5
1E8
100
AcDbEntity
8
0
62
7.0
100
AcDbLine
10
520.0378723144531
20
980.6343383789063
11
420.0378723144531
21
980.6343383789063
0
LINE
5
1E9
100
AcDbEntity
8
0
62
7.0
100
AcDbLine
10
520.0378723144531
20
980.6343383789063
11
520.0378723144531
21
880.6343383789063
0
LINE
5
1EA
100
AcDbEntity
8
0
62
7.0
100
AcDbLine
10
520.0378723144531
20
880.6343383789063
11
420.0378723144531
21
880.6343383789063
0
LINE
5
1EB
100
AcDbEntity
8
0
62
7.0
100
AcDbLine
10
420.0378723144531
20
980.6343383789063
11
420.0378723144531
21
880.6343383789063
0
POINT
5
1EC
100
AcDbEntity
8
0
62
7.0
100
AcDbPoint
10
470.0378723144531
20
930.6343383789063
0
CIRCLE
5
1ED
100
AcDbEntity
8
0
62
7.0
100
AcDbCircle
10
470.0225830078125
20
1034.638427734375
40
35.00000000000001
0
LINE
5
1EE
100
AcDbEntity
8
0
62
7.0
100
AcDbLine
10
520.0225830078125
20
984.638427734375
11
520.0225830078125
21
1084.638427734375
0
LINE
5
1EF
100
AcDbEntity
8
0
62
7.0
100
AcDbLine
10
520.0225830078125
20
984.638427734375
11
420.0225830078125
21
984.638427734375
0
LINE
5
1F0
100
AcDbEntity
8
0
62
7.0
100
AcDbLine
10
420.0225830078125
20
984.638427734375
11
420.0225830078125
21
1084.638427734375
0
LINE
5
1F1
100
AcDbEntity
8
0
62
7.0
100
AcDbLine
10
520.0225830078125
20
1084.638427734375
11
420.0225830078125
21
1084.638427734375
0
POINT
5
1F2
100
AcDbEntity
8
0
62
7.0
100
AcDbPoint
10
470.0225830078125
20
1034.638427734375
0
CIRCLE
5
1F3
100
AcDbEntity
8
0
62
7.0
100
AcDbCircle
10
470.0234680175781
20
1138.64697265625
40
35.00000000000001
0
LINE
5
1F4
100
AcDbEntity
8
0
62
7.0
100
AcDbLine
10
520.0234680175781
20
1088.64697265625
11
520.0234680175781
21
1188.64697265625
0
LINE
5
1F5
100
AcDbEntity
8
0
62
7.0
100
AcDbLine
10
520.0234680175781
20
1088.64697265625
11
420.0234680175781
21
1088.64697265625
0
LINE
5
1F6
100
AcDbEntity
8
0
62
7.0
100
AcDbLine
10
420.0234680175781
20
1088.64697265625
11
420.0234680175781
21
1188.64697265625
0
LINE
5
1F7
100
AcDbEntity
8
0
62
7.0
100
AcDbLine
10
520.0234680175781
20
1188.64697265625
11
420.0234680175781
21
1188.64697265625
0
POINT
5
1F8
100
AcDbEntity
8
0
62
7.0
100
AcDbPoint
10
470.0234680175781
20
1138.64697265625
0
CIRCLE
5
1F9
100
AcDbEntity
8
0
62
7.0
100
AcDbCircle
10
470.0352783203125
20
1242.6500244140625
40
35.00000000000001
0
LINE
5
1FA
100
AcDbEntity
8
0
62
7.0
100
AcDbLine
10
420.0352783203125
20
1192.6500244140625
11
520.0352783203125
21
1192.6500244140625
0
LINE
5
1FB
100
AcDbEntity
8
0
62
7.0
100
AcDbLine
10
420.0352783203125
20
1192.6500244140625
11
420.0352783203125
21
1292.6500244140625
0
LINE
5
1FC
100
AcDbEntity
8
0
62
7.0
100
AcDbLine
10
420.0352783203125
20
1292.6500244140625
11
520.0352783203125
21
1292.6500244140625
0
LINE
5
1FD
100
AcDbEntity
8
0
62
7.0
100
AcDbLine
10
520.0352783203125
20
1192.6500244140625
11
520.0352783203125
21
1292.6500244140625
0
POINT
5
1FE
100
AcDbEntity
8
0
62
7.0
100
AcDbPoint
10
470.0352783203125
20
1242.6500244140625
0
CIRCLE
5
1FF
100
AcDbEntity
8
0
62
7.0
100
AcDbCircle
10
470.0403137207031
20
1346.663818359375
40
35.00000000000001
0
LINE
5
200
100
AcDbEntity
8
0
62
7.0
100
AcDbLine
10
420.0403137207031
20
1296.663818359375
11
520.0403137207031
21
1296.663818359375
0
LINE
5
201
100
AcDbEntity
8
0
62
7.0
100
AcDbLine
10
420.0403137207031
20
1296.663818359375
11
420.0403137207031
21
1396.663818359375
0
LINE
5
202
100
AcDbEntity
8
0
62
7.0
100
AcDbLine
10
420.0403137207031
20
1396.663818359375
11
520.0403137207031
21
1396.663818359375
0
LINE
5
203
100
AcDbEntity
8
0
62
7.0
100
AcDbLine
10
520.0403137207031
20
1296.663818359375
11
520.0403137207031
21
1396.663818359375
0
POINT
5
204
100
AcDbEntity
8
0
62
7.0
100
AcDbPoint
10
470.0403137207031
20
1346.663818359375
0
CIRCLE
5
205
100
AcDbEntity
8
0
62
7.0
100
AcDbCircle
10
470.0311279296875
20
1450.66796875
40
35.00000000000001
0
LINE
5
206
100
AcDbEntity
8
0
62
7.0
100
AcDbLine
10
420.0311279296875
20
1500.66796875
11
420.0311279296875
21
1400.66796875
0
LINE
5
207
100
AcDbEntity
8
0
62
7.0
100
AcDbLine
10
420.0311279296875
20
1500.66796875
11
520.0311279296875
21
1500.66796875
0
LINE
5
208
100
AcDbEntity
8
0
62
7.0
100
AcDbLine
10
520.0311279296875
20
1500.66796875
11
520.0311279296875
21
1400.66796875
0
LINE
5
209
100
AcDbEntity
8
0
62
7.0
100
AcDbLine
10
420.0311279296875
20
1400.66796875
11
520.0311279296875
21
1400.66796875
0
POINT
5
20A
100
AcDbEntity
8
0
62
7.0
100
AcDbPoint
10
470.0311279296875
20
1450.66796875
0
CIRCLE
5
20B
100
AcDbEntity
8
0
62
7.0
100
AcDbCircle
10
470.0288391113281
20
1554.67578125
40
35.00000000000001
0
LINE
5
20C
100
AcDbEntity
8
0
62
7.0
100
AcDbLine
10
420.0288391113281
20
1604.67578125
11
420.0288391113281
21
1504.67578125
0
LINE
5
20D
100
AcDbEntity
8
0
62
7.0
100
AcDbLine
10
420.0288391113281
20
1604.67578125
11
520.0288391113281
21
1604.67578125
0
LINE
5
20E
100
AcDbEntity
8
0
62
7.0
100
AcDbLine
10
520.0288391113281
20
1604.67578125
11
520.0288391113281
21
1504.67578125
0
LINE
5
20F
100
AcDbEntity
8
0
62
7.0
100
AcDbLine
10
420.0288391113281
20
1504.67578125
11
520.0288391113281
21
1504.67578125
0
POINT
5
210
100
AcDbEntity
8
0
62
7.0
100
AcDbPoint
10
470.0288391113281
20
1554.67578125
0
CIRCLE
5
211
100
AcDbEntity
8
0
62
7.0
100
AcDbCircle
10
470.0286560058594
20
1658.679931640625
40
35.00000000000001
0
LINE
5
212
100
AcDbEntity
8
0
62
7.0
100
AcDbLine
10
420.0286560058594
20
1708.679931640625
11
420.0286560058594
21
1608.679931640625
0
LINE
5
213
100
AcDbEntity
8
0
62
7.0
100
AcDbLine
10
420.0286560058594
20
1708.679931640625
11
520.0286560058594
21
1708.679931640625
0
LINE
5
214
100
AcDbEntity
8
0
62
7.0
100
AcDbLine
10
520.0286560058594
20
1708.679931640625
11
520.0286560058594
21
1608.679931640625
0
LINE
5
215
100
AcDbEntity
8
0
62
7.0
100
AcDbLine
10
420.0286560058594
20
1608.679931640625
11
520.0286560058594
21
1608.679931640625
0
POINT
5
216
100
AcDbEntity
8
0
62
7.0
100
AcDbPoint
10
470.0286560058594
20
1658.679931640625
0
CIRCLE
5
217
100
AcDbEntity
8
0
62
7.0
100
AcDbCircle
10
470.0317687988281
20
1762.684326171875
40
35.00000000000001
0
LINE
5
218
100
AcDbEntity
8
0
62
7.0
100
AcDbLine
10
420.0317687988281
20
1712.684326171875
11
520.0317687988281
21
1712.684326171875
0
LINE
5
219
100
AcDbEntity
8
0
62
7.0
100
AcDbLine
10
420.0317687988281
20
1712.684326171875
11
420.0317687988281
21
1812.684326171875
0
LINE
5
21A
100
AcDbEntity
8
0
62
7.0
100
AcDbLine
10
420.0317687988281
20
1812.684326171875
11
520.0317687988281
21
1812.684326171875
0
LINE
5
21B
100
AcDbEntity
8
0
62
7.0
100
AcDbLine
10
520.0317687988281
20
1712.684326171875
11
520.0317687988281
21
1812.684326171875
0
POINT
5
21C
100
AcDbEntity
8
0
62
7.0
100
AcDbPoint
10
470.0317687988281
20
1762.684326171875
0
CIRCLE
5
21D
100
AcDbEntity
8
0
62
7.0
100
AcDbCircle
10
470.0349426269531
20
1866.68603515625
40
35.00000000000001
0
LINE
5
21E
100
AcDbEntity
8
0
62
7.0
100
AcDbLine
10
420.0349426269531
20
1816.68603515625
11
520.0349426269531
21
1816.68603515625
0
LINE
5
21F
100
AcDbEntity
8
0
62
7.0
100
AcDbLine
10
420.0349426269531
20
1816.68603515625
11
420.0349426269531
21
1916.68603515625
0
LINE
5
220
100
AcDbEntity
8
0
62
7.0
100
AcDbLine
10
420.0349426269531
20
1916.68603515625
11
520.0349426269531
21
1916.68603515625
0
LINE
5
221
100
AcDbEntity
8
0
62
7.0
100
AcDbLine
10
520.0349426269531
20
1816.68603515625
11
520.0349426269531
21
1916.68603515625
0
POINT
5
222
100
AcDbEntity
8
0
62
7.0
100
AcDbPoint
10
470.0349426269531
20
1866.68603515625
0
CIRCLE
5
223
100
AcDbEntity
8
0
62
7.0
100
AcDbCircle
10
574.0332641601563
20
56.35739517211914
40
35.00000000000001
0
LINE
5
224
100
AcDbEntity
8
0
62
7.0
100
AcDbLine
10
524.0332641601563
20
106.35739517211914
11
524.0332641601563
21
6.357395172119141
0
LINE
5
225
100
AcDbEntity
8
0
62
7.0
100
AcDbLine
10
524.0332641601563
20
106.35739517211914
11
624.0332641601563
21
106.35739517211914
0
LINE
5
226
100
AcDbEntity
8
0
62
7.0
100
AcDbLine
10
624.0332641601563
20
106.35739517211914
11
624.0332641601563
21
6.357395172119141
0
LINE
5
227
100
AcDbEntity
8
0
62
7.0
100
AcDbLine
10
524.0332641601563
20
6.357395172119141
11
624.0332641601563
21
6.357395172119141
0
POINT
5
228
100
AcDbEntity
8
0
62
7.0
100
AcDbPoint
10
574.0332641601563
20
56.35739517211914
0
CIRCLE
5
229
100
AcDbEntity
8
0
62
7.0
100
AcDbCircle
10
574.0394287109375
20
160.3625030517578
40
35.00000000000001
0
LINE
5
22A
100
AcDbEntity
8
0
62
7.0
100
AcDbLine
10
524.0394287109375
20
210.3625030517578
11
524.0394287109375
21
110.36250305175781
0
LINE
5
22B
100
AcDbEntity
8
0
62
7.0
100
AcDbLine
10
524.0394287109375
20
210.3625030517578
11
624.0394287109375
21
210.3625030517578
0
LINE
5
22C
100
AcDbEntity
8
0
62
7.0
100
AcDbLine
10
624.0394287109375
20
210.3625030517578
11
624.0394287109375
21
110.36250305175781
0
LINE
5
22D
100
AcDbEntity
8
0
62
7.0
100
AcDbLine
10
524.0394287109375
20
110.36250305175781
11
624.0394287109375
21
110.36250305175781
0
POINT
5
22E
100
AcDbEntity
8
0
62
7.0
100
AcDbPoint
10
574.0394287109375
20
160.3625030517578
0
CIRCLE
5
22F
100
AcDbEntity
8
0
62
7.0
100
AcDbCircle
10
574.0367431640625
20
264.392578125
40
35.00000000000001
0
LINE
5
230
100
AcDbEntity
8
0
62
7.0
100
AcDbLine
10
524.0367431640625
20
214.392578125
11
624.0367431640625
21
214.392578125
0
LINE
5
231
100
AcDbEntity
8
0
62
7.0
100
AcDbLine
10
524.0367431640625
20
214.392578125
11
524.0367431640625
21
314.392578125
0
LINE
5
232
100
AcDbEntity
8
0
62
7.0
100
AcDbLine
10
524.0367431640625
20
314.392578125
11
624.0367431640625
21
314.392578125
0
LINE
5
233
100
AcDbEntity
8
0
62
7.0
100
AcDbLine
10
624.0367431640625
20
214.392578125
11
624.0367431640625
21
314.392578125
0
POINT
5
234
100
AcDbEntity
8
0
62
7.0
100
AcDbPoint
10
574.0367431640625
20
264.392578125
0
CIRCLE
5
235
100
AcDbEntity
8
0
62
7.0
100
AcDbCircle
10
574.0430297851563
20
368.4021301269531
40
35.00000000000001
0
LINE
5
236
100
AcDbEntity
8
0
62
7.0
100
AcDbLine
10
624.0430297851563
20
418.4021301269531
11
524.0430297851563
21
418.4021301269531
0
LINE
5
237
100
AcDbEntity
8
0
62
7.0
100
AcDbLine
10
624.0430297851563
20
418.4021301269531
11
624.0430297851563
21
318.4021301269531
0
LINE
5
238
100
AcDbEntity
8
0
62
7.0
100
AcDbLine
10
624.0430297851563
20
318.4021301269531
11
524.0430297851563
21
318.4021301269531
0
LINE
5
239
100
AcDbEntity
8
0
62
7.0
100
AcDbLine
10
524.0430297851563
20
418.4021301269531
11
524.0430297851563
21
318.4021301269531
0
POINT
5
23A
100
AcDbEntity
8
0
62
7.0
100
AcDbPoint
10
574.0430297851563
20
368.4021301269531
0
CIRCLE
5
23B
100
AcDbEntity
8
0
62
7.0
100
AcDbCircle
10
574.02490234375
20
1040.8851318359375
40
35.00000000000001
0
LINE
5
23C
100
AcDbEntity
8
0
62
7.0
100
AcDbLine
10
624.02490234375
20
1090.8851318359375
11
524.02490234375
21
1090.8851318359375
0
LINE
5
23D
100
AcDbEntity
8
0
62
7.0
100
AcDbLine
10
624.02490234375
20
1090.8851318359375
11
624.02490234375
21
990.8851318359375
0
LINE
5
23E
100
AcDbEntity
8
0
62
7.0
100
AcDbLine
10
624.02490234375
20
990.8851318359375
11
524.02490234375
21
990.8851318359375
0
LINE
5
23F
100
AcDbEntity
8
0
62
7.0
100
AcDbLine
10
524.02490234375
20
1090.8851318359375
11
524.02490234375
21
990.8851318359375
0
POINT
5
240
100
AcDbEntity
8
0
62
7.0
100
AcDbPoint
10
574.02490234375
20
1040.8851318359375
0
CIRCLE
5
241
100
AcDbEntity
8
0
62
7.0
100
AcDbCircle
10
658.9819946289063
20
1759.929931640625
40
35.00000000000001
0
LINE
5
242
100
AcDbEntity
8
0
62
7.0
100
AcDbLine
10
608.9819946289063
20
1809.929931640625
11
608.9819946289063
21
1709.929931640625
0
LINE
5
243
100
AcDbEntity
8
0
62
7.0
100
AcDbLine
10
608.9819946289063
20
1809.929931640625
11
708.9819946289063
21
1809.929931640625
0
LINE
5
244
100
AcDbEntity
8
0
62
7.0
100
AcDbLine
10
708.9819946289063
20
1809.929931640625
11
708.9819946289063
21
1709.929931640625
0
LINE
5
245
100
AcDbEntity
8
0
62
7.0
100
AcDbLine
10
608.9819946289063
20
1709.929931640625
11
708.9819946289063
21
1709.929931640625
0
POINT
5
246
100
AcDbEntity
8
0
62
7.0
100
AcDbPoint
10
658.9819946289063
20
1759.929931640625
0
ARC
5
247
100
AcDbEntity
8
0
62
7.0
100
AcDbCircle
10
135.975039672175
20
1064.6097412109375
40
28.0
50
135.0
51
225.0
0
LINE
5
248
100
AcDbEntity
8
0
62
7.0
100
AcDbLine
10
135.975039672175
20
1064.6097412109375
11
116.176049798875
21
1044.8107513377374
0
LINE
5
249
100
AcDbEntity
8
0
62
7.0
100
AcDbLine
10
116.176049798875
20
1084.4087310841376
11
135.975039672175
21
1064.6097412109375
0
ARC
5
24A
100
AcDbEntity
8
0
62
7.0
100
AcDbCircle
10
23.89683532714844
20
1876.2924163825126
40
28.0
50
45.0
51
135.0
0
LINE
5
24B
100
AcDbEntity
8
0
62
7.0
100
AcDbLine
10
23.89683532714844
20
1876.2924163825126
11
4.097845453948441
21
1896.0914062558124
0
LINE
5
24C
100
AcDbEntity
8
0
62
7.0
100
AcDbLine
10
43.69582520034844
20
1896.0914062558124
11
23.89683532714844
21
1876.2924163825126
0
ARC
5
24D
100
AcDbEntity
8
0
62
7.0
100
AcDbCircle
10
316.1658599860281
20
1377.1705322265625
40
28.0
50
-45.0
51
45.0
0
LINE
5
24E
100
AcDbEntity
8
0
62
7.0
100
AcDbLine
10
316.1658599860281
20
1377.1705322265625
11
335.9648498593281
21
1396.9695220997626
0
LINE
5
24F
100
AcDbEntity
8
0
62
7.0
100
AcDbLine
10
335.9648498593281
20
1357.3715423533624
11
316.1658599860281
21
1377.1705322265625
0
ARC
5
250
100
AcDbEntity
8
0
62
7.0
100
AcDbCircle
10
31.972087096491407
20
1925.94580078125
40
28.0
50
135.0
51
225.0
0
LINE
5
251
100
AcDbEntity
8
0
62
7.0
100
AcDbLine
10
31.972087096491407
20
1925.94580078125
11
12.173097223191405
21
1906.14681090805
0
LINE
5
252
100
AcDbEntity
8
0
62
7.0
100
AcDbLine
10
12.173097223191405
20
1945.74479065445
11
31.972087096491407
21
1925.94580078125
0
ARC
5
253
100
AcDbEntity
8
0
62
7.0
100
AcDbCircle
10
448.0005218499094
20
440.6772155761719
40
28.0
50
135.0
51
225.0
0
LINE
5
254
100
AcDbEntity
8
0
62
7.0
100
AcDbLine
10
448.0005218499094
20
440.6772155761719
11
428.2015319766094
21
420.87822570297186
0
LINE
5
255
100
AcDbEntity
8
0
62
7.0
100
AcDbLine
10
428.2015319766094
20
460.4762054493719
11
448.0005218499094
21
440.6772155761719
0
ARC
5
256
100
AcDbEntity
8
0
62
7.0
100
AcDbCircle
10
63.55680389336641
20
1931.0833740234375
40
28.0
50
135.0
51
225.0
0
LINE
5
257
100
AcDbEntity
8
0
62
7.0
100
AcDbLine
10
63.55680389336641
20
1931.0833740234375
11
43.757814020066405
21
1911.2843841502374
0
LINE
5
258
100
AcDbEntity
8
0
62
7.0
100
AcDbLine
10
43.757814020066405
20
1950.8823638966376
11
63.55680389336641
21
1931.0833740234375
0
ARC
5
259
100
AcDbEntity
8
0
62
7.0
100
AcDbCircle
10
57.386348724365234
20
1904.101992797175
40
28.0
50
-135.0
51
-45.0
0
LINE
5
25A
100
AcDbEntity
8
0
62
7.0
100
AcDbLine
10
57.386348724365234
20
1904.101992797175
11
77.18533859756523
21
1884.303002923875
0
LINE
5
25B
100
AcDbEntity
8
0
62
7.0
100
AcDbLine
10
37.587358851165234
20
1884.303002923875
11
57.386348724365234
21
1904.101992797175
0
ARC
5
25C
100
AcDbEntity
8
0
62
7.0
100
AcDbCircle
10
461.7429809570313
20
448.7605926506906
40
28.0
50
-135.0
51
-45.0
0
LINE
5
25D
100
AcDbEntity
8
0
62
7.0
100
AcDbLine
10
461.7429809570313
20
448.7605926506906
11
481.5419708302313
21
428.9616027773906
0
LINE
5
25E
100
AcDbEntity
8
0
62
7.0
100
AcDbLine
10
441.9439910838313
20
428.9616027773906
11
461.7429809570313
21
448.7605926506906
0
ARC
5
25F
100
AcDbEntity
8
0
62
7.0
100
AcDbCircle
10
52.65134887762969
20
1914.5023193359375
40
28.0
50
-45.0
51
45.0
0
LINE
5
260
100
AcDbEntity
8
0
62
7.0
100
AcDbLine
10
52.65134887762969
20
1914.5023193359375
11
72.45033875092969
21
1934.3013092091376
0
LINE
5
261
100
AcDbEntity
8
0
62
7.0
100
AcDbLine
10
72.45033875092969
20
1894.7033294627374
11
52.65134887762969
21
1914.5023193359375
0
ARC
5
262
100
AcDbEntity
8
0
62
7.0
100
AcDbCircle
10
335.8750305175781
20
1949.146914672175
40
28.0
50
-135.0
51
-45.0
0
LINE
5
263
100
AcDbEntity
8
0
62
7.0
100
AcDbLine
10
335.8750305175781
20
1949.146914672175
11
355.67402039077814
21
1929.347924798875
0
LINE
5
264
100
AcDbEntity
8
0
62
7.0
100
AcDbLine
10
316.0760406443781
20
1929.347924798875
11
335.8750305175781
21
1949.146914672175
0
ARC
5
265
100
AcDbEntity
8
0
62
7.0
100
AcDbCircle
10
484.6808166503906
20
431.4804351813406
40
28.0
50
45.0
51
135.0
0
LINE
5
266
100
AcDbEntity
8
0
62
7.0
100
AcDbLine
10
484.6808166503906
20
431.4804351813406
11
464.8818267771906
21
451.2794250546406
0
LINE
5
267
100
AcDbEntity
8
0
62
7.0
100
AcDbLine
10
504.47980652359064
20
451.2794250546406
11
484.6808166503906
21
431.4804351813406
0
ARC
5
268
100
AcDbEntity
8
0
62
7.0
100
AcDbCircle
10
61.65096282958984
20
1977.5335113518624
40
28.0
50
-135.0
51
-45.0
0
LINE
5
269
100
AcDbEntity
8
0
62
7.0
100
AcDbLine
10
61.65096282958984
20
1977.5335113518624
11
81.44995270278984
21
1957.7345214785626
0
LINE
5
26A
100
AcDbEntity
8
0
62
7.0
100
AcDbLine
10
41.851972956389844
20
1957.7345214785626
11
61.65096282958984
21
1977.5335113518624
0
ARC
5
26B
100
AcDbEntity
8
0
62
7.0
100
AcDbCircle
10
507.61126708984375
20
448.7507965081125
40
28.0
50
-135.0
51
-45.0
0
LINE
5
26C
100
AcDbEntity
8
0
62
7.0
100
AcDbLine
10
507.61126708984375
20
448.7507965081125
11
527.4102569630437
21
428.9518066348125
0
LINE
5
26D
100
AcDbEntity
8
0
62
7.0
100
AcDbLine
10
487.81227721664374
20
428.9518066348125
11
507.61126708984375
21
448.7507965081125
0
ARC
5
26E
100
AcDbEntity
8
0
62
7.0
100
AcDbCircle
10
95.19090270996094
20
1949.8165863043876
40
28.0
50
45.0
51
135.0
0
LINE
5
26F
100
AcDbEntity
8
0
62
7.0
100
AcDbLine
10
95.19090270996094
20
1949.8165863043876
11
75.39191283676094
21
1969.6155761776874
0
LINE
5
270
100
AcDbEntity
8
0
62
7.0
100
AcDbLine
10
114.98989258316094
20
1969.6155761776874
11
95.19090270996094
21
1949.8165863043876
0
ARC
5
271
100
AcDbEntity
8
0
62
7.0
100
AcDbCircle
10
341.1206970214844
20
1949.5597503668876
40
28.0
50
45.0
51
135.0
0
LINE
5
272
100
AcDbEntity
8
0
62
7.0
100
AcDbLine
10
341.1206970214844
20
1949.5597503668876
11
321.32170714828436
21
1969.3587402401874
0
LINE
5
273
100
AcDbEntity
8
0
62
7.0
100
AcDbLine
10
360.9196868946844
20
1969.3587402401874
11
341.1206970214844
21
1949.5597503668876
0
ARC
5
274
100
AcDbEntity
8
0
62
7.0
100
AcDbCircle
10
512.1936920172782
20
449.83990478515625
40
28.0
50
-45.0
51
45.0
0
LINE
5
275
100
AcDbEntity
8
0
62
7.0
100
AcDbLine
10
512.1936920172782
20
449.83990478515625
11
531.9926818905781
21
469.63889465835626
0
LINE
5
276
100
AcDbEntity
8
0
62
7.0
100
AcDbLine
10
531.9926818905781
20
430.04091491195624
11
512.1936920172782
21
449.83990478515625
0
ARC
5
277
100
AcDbEntity
8
0
62
7.0
100
AcDbCircle
10
524.1871917731376
20
483.3056335449219
40
28.0
50
-45.0
51
45.0
0
LINE
5
278
100
AcDbEntity
8
0
62
7.0
100
AcDbLine
10
524.1871917731376
20
483.3056335449219
11
543.9861816464374
21
503.1046234181219
0
LINE
5
279
100
AcDbEntity
8
0
62
7.0
100
AcDbLine
10
543.9861816464374
20
463.50664367172186
11
524.1871917731376
21
483.3056335449219
0
ARC
5
27A
100
AcDbEntity
8
0
62
7.0
100
AcDbCircle
10
101.31766510009766
20
1948.4002105706124
40
28.0
50
-135.0
51
-45.0
0
LINE
5
27B
100
AcDbEntity
8
0
62
7.0
100
AcDbLine
10
101.31766510009766
20
1948.4002105706124
11
121.11665497329766
21
1928.6012206973126
0
LINE
5
27C
100
AcDbEntity
8
0
62
7.0
100
AcDbLine
10
81.51867522689766
20
1928.6012206973126
11
101.31766510009766
21
1948.4002105706124
0
ARC
5
27D
100
AcDbEntity
8
0
62
7.0
100
AcDbCircle
10
363.8234558105469
20
1966.514102172175
40
28.0
50
-135.0
51
-45.0
0
LINE
5
27E
100
AcDbEntity
8
0
62
7.0
100
AcDbLine
10
363.8234558105469
20
1966.514102172175
11
383.6224456837469
21
1946.715112298875
0
LINE
5
27F
100
AcDbEntity
8
0
62
7.0
100
AcDbLine
10
344.02446593734686
20
1946.715112298875
11
363.8234558105469
21
1966.514102172175
0
ARC
5
280
100
AcDbEntity
8
0
62
7.0
100
AcDbCircle
10
552.0084259026437
20
516.83203125
40
28.0
50
135.0
51
225.0
0
LINE
5
281
100
AcDbEntity
8
0
62
7.0
100
AcDbLine
10
552.0084259026437
20
516.83203125
11
532.2094360293438
21
497.0330413768
0
LINE
5
282
100
AcDbEntity
8
0
62
7.0
100
AcDbLine
10
532.2094360293438
20
536.6310211232
11
552.0084259026437
21
516.83203125
0
ARC
5
283
100
AcDbEntity
8
0
62
7.0
100
AcDbCircle
10
552.0144683831124
20
560.5125122070313
40
28.0
50
135.0
51
225.0
0
LINE
5
284
100
AcDbEntity
8
0
62
7.0
100
AcDbLine
10
552.0144683831124
20
560.5125122070313
11
532.2154785098126
21
540.7135223338313
0
LINE
5
285
100
AcDbEntity
8
0
62
7.0
100
AcDbLine
10
532.2154785098126
20
580.3115020802312
11
552.0144683831124
21
560.5125122070313
0
ARC
5
286
100
AcDbEntity
8
0
62
7.0
100
AcDbCircle
10
552.0120880120187
20
604.1908569335938
40
28.0
50
135.0
51
225.0
0
LINE
5
287
100
AcDbEntity
8
0
62
7.0
100
AcDbLine
10
552.0120880120187
20
604.1908569335938
11
532.2130981387188
21
584.3918670603938
0
LINE
5
288
100
AcDbEntity
8
0
62
7.0
100
AcDbLine
10
532.2130981387188
20
623.9898468067937
11
552.0120880120187
21
604.1908569335938
0
ARC
5
289
100
AcDbEntity
8
0
62
7.0
100
AcDbCircle
10
105.0578964240164
20
1950.3173828125
40
28.0
50
-45.0
51
45.0
0
LINE
5
28A
100
AcDbEntity
8
0
62
7.0
100
AcDbLine
10
105.0578964240164
20
1950.3173828125
11
124.85688629731641
21
1970.1163726857
0
LINE
5
28B
100
AcDbEntity
8
0
62
7.0
100
AcDbLine
10
124.85688629731641
20
1930.5183929393
11
105.0578964240164
21
1950.3173828125
0
ARC
5
28C
100
AcDbEntity
8
0
62
7.0
100
AcDbCircle
10
403.267578125
20
1921.3263519293876
40
28.0
50
45.0
51
135.0
0
LINE
5
28D
100
AcDbEntity
8
0
62
7.0
100
AcDbLine
10
403.267578125
20
1921.3263519293876
11
383.4685882518
21
1941.1253418026874
0
LINE
5
28E
100
AcDbEntity
8
0
62
7.0
100
AcDbLine
10
423.0665679982
20
1941.1253418026874
11
403.267578125
21
1921.3263519293876
0
ARC
5
28F
100
AcDbEntity
8
0
62
7.0
100
AcDbCircle
10
552.0058624260812
20
647.8846435546875
40
28.0
50
135.0
51
225.0
0
LINE
5
290
100
AcDbEntity
8
0
62
7.0
100
AcDbLine
10
552.0058624260812
20
647.8846435546875
11
532.2068725527813
21
628.0856536814875
0
LINE
5
291
100
AcDbEntity
8
0
62
7.0
100
AcDbLine
10
532.2068725527813
20
667.6836334278875
11
552.0058624260812
21
647.8846435546875
0
ARC
5
292
100
AcDbEntity
8
0
62
7.0
100
AcDbCircle
10
155.29139709472656
20
1920.644100952825
40
28.0
50
45.0
51
135.0
0
LINE
5
293
100
AcDbEntity
8
0
62
7.0
100
AcDbLine
10
155.29139709472656
20
1920.644100952825
11
135.49240722152655
21
1940.443090826125
0
LINE
5
294
100
AcDbEntity
8
0
62
7.0
100
AcDbLine
10
175.09038696792658
20
1940.443090826125
11
155.29139709472656
21
1920.644100952825
0
ARC
5
295
100
AcDbEntity
8
0
62
7.0
100
AcDbCircle
10
543.5722015387626
20
442.257080078125
40
28.0
50
-45.0
51
45.0
0
LINE
5
296
100
AcDbEntity
8
0
62
7.0
100
AcDbLine
10
543.5722015387626
20
442.257080078125
11
563.3711914120624
21
462.056069951325
0
LINE
5
297
100
AcDbEntity
8
0
62
7.0
100
AcDbLine
10
563.3711914120624
20
422.458090204925
11
543.5722015387626
21
442.257080078125
0
ARC
5
298
100
AcDbEntity
8
0
62
7.0
100
AcDbCircle
10
552.0135528557687
20
691.6610717773438
40
28.0
50
135.0
51
225.0
0
LINE
5
299
100
AcDbEntity
8
0
62
7.0
100
AcDbLine
10
552.0135528557687
20
691.6610717773438
11
532.2145629824688
21
671.8620819041438
0
LINE
5
29A
100
AcDbEntity
8
0
62
7.0
100
AcDbLine
10
532.2145629824688
20
711.4600616505437
11
552.0135528557687
21
691.6610717773438
0
ARC
5
29B
100
AcDbEntity
8
0
62
7.0
100
AcDbCircle
10
552.013613890925
20
735.3958740234375
40
28.0
50
135.0
51
225.0
0
LINE
5
29C
100
AcDbEntity
8
0
62
7.0
100
AcDbLine
10
552.013613890925
20
735.3958740234375
11
532.214624017625
21
715.5968841502375
0
LINE
5
29D
100
AcDbEntity
8
0
62
7.0
100
AcDbLine
10
532.214624017625
20
755.1948638966375
11
552.013613890925
21
735.3958740234375
0
ARC
5
29E
100
AcDbEntity
8
0
62
7.0
100
AcDbCircle
10
555.6771240234375
20
558.4785186760812
40
28.0
50
-135.0
51
-45.0
0
LINE
5
29F
100
AcDbEntity
8
0
62
7.0
100
AcDbLine
10
555.6771240234375
20
558.4785186760812
11
575.4761138966375
21
538.6795288027813
0
LINE
5
2A0
100
AcDbEntity
8
0
62
7.0
100
AcDbLine
10
535.8781341502375
20
538.6795288027812
11
555.6771240234375
21
558.4785186760812
0
ARC
5
2A1
100
AcDbEntity
8
0
62
7.0
100
AcDbCircle
10
524.1985443122
20
768.9268188476563
40
28.0
50
-45.0
51
45.0
0
LINE
5
2A2
100
AcDbEntity
8
0
62
7.0
100
AcDbLine
10
524.1985443122
20
768.9268188476563
11
543.9975341855
21
788.7258087208562
0
LINE
5
2A3
100
AcDbEntity
8
0
62
7.0
100
AcDbLine
10
543.9975341855
20
749.1278289744563
11
524.1985443122
21
768.9268188476563
0
ARC
5
2A4
100
AcDbEntity
8
0
62
7.0
100
AcDbCircle
10
552.0034820549874
20
802.4036254882813
40
28.0
50
135.0
51
225.0
0
LINE
5
2A5
100
AcDbEntity
8
0
62
7.0
100
AcDbLine
10
552.0034820549874
20
802.4036254882813
11
532.2044921816876
21
782.6046356150813
0
LINE
5
2A6
100
AcDbEntity
8
0
62
7.0
100
AcDbLine
10
532.2044921816876
20
822.2026153614812
11
552.0034820549874
21
802.4036254882813
0
ARC
5
2A7
100
AcDbEntity
8
0
62
7.0
100
AcDbCircle
10
552.0133087151437
20
846.0844116210938
40
28.0
50
135.0
51
225.0
0
LINE
5
2A8
100
AcDbEntity
8
0
62
7.0
100
AcDbLine
10
552.0133087151437
20
846.0844116210938
11
532.2143188418438
21
826.2854217478938
0
LINE
5
2A9
100
AcDbEntity
8
0
62
7.0
100
AcDbLine
10
532.2143188418438
20
865.8834014942937
11
552.0133087151437
21
846.0844116210938
0
ARC
5
2AA
100
AcDbEntity
8
0
62
7.0
100
AcDbCircle
10
535.8322723395438
20
626.0341186523438
40
28.0
50
-45.0
51
45.0
0
LINE
5
2AB
100
AcDbEntity
8
0
62
7.0
100
AcDbLine
10
535.8322723395438
20
626.0341186523438
11
555.6312622128437
21
645.8331085255437
0
LINE
5
2AC
100
AcDbEntity
8
0
62
7.0
100
AcDbLine
10
555.6312622128437
20
606.2351287791438
11
535.8322723395438
21
626.0341186523438
0
ARC
5
2AD
100
AcDbEntity
8
0
62
7.0
100
AcDbCircle
10
555.8365478515625
20
562.5615203864188
40
28.0
50
45.0
51
135.0
0
LINE
5
2AE
100
AcDbEntity
8
0
62
7.0
100
AcDbLine
10
555.8365478515625
20
562.5615203864188
11
536.0375579783625
21
582.3605102597187
0
LINE
5
2AF
100
AcDbEntity
8
0
62
7.0
100
AcDbLine
10
575.6355377247625
20
582.3605102597187
11
555.8365478515625
21
562.5615203864188
0
ARC
5
2B0
100
AcDbEntity
8
0
62
7.0
100
AcDbCircle
10
424.4309692382813
20
1977.4586822503
40
28.0
50
-135.0
51
-45.0
0
LINE
5
2B1
100
AcDbEntity
8
0
62
7.0
100
AcDbLine
10
424.4309692382813
20
1977.4586822503
11
444.2299591114813
21
1957.659692377
0
LINE
5
2B2
100
AcDbEntity
8
0
62
7.0
100
AcDbLine
10
404.6319793650813
20
1957.659692377
11
424.4309692382813
21
1977.4586822503
0
ARC
5
2B3
100
AcDbEntity
8
0
62
7.0
100
AcDbCircle
10
552.0149566643624
20
889.764404296875
40
28.0
50
135.0
51
225.0
0
LINE
5
2B4
100
AcDbEntity
8
0
62
7.0
100
AcDbLine
10
552.0149566643624
20
889.764404296875
11
532.2159667910626
21
869.965414423675
0
LINE
5
2B5
100
AcDbEntity
8
0
62
7.0
100
AcDbLine
10
532.2159667910626
20
909.563394170075
11
552.0149566643624
21
889.764404296875
0
ARC
5
2B6
100
AcDbEntity
8
0
62
7.0
100
AcDbCircle
10
556.7711791992188
20
732.216738890925
40
28.0
50
-135.0
51
-45.0
0
LINE
5
2B7
100
AcDbEntity
8
0
62
7.0
100
AcDbLine
10
556.7711791992188
20
732.216738890925
11
576.5701690724187
21
712.417749017625
0
LINE
5
2B8
100
AcDbEntity
8
0
62
7.0
100
AcDbLine
10
536.9721893260188
20
712.4177490176249
11
556.7711791992188
21
732.216738890925
0
ARC
5
2B9
100
AcDbEntity
8
0
62
7.0
100
AcDbCircle
10
552.0013458245187
20
933.5020751953124
40
28.0
50
135.0
51
225.0
0
LINE
5
2BA
100
AcDbEntity
8
0
62
7.0
100
AcDbLine
10
552.0013458245187
20
933.5020751953124
11
532.2023559512188
21
913.7030853221124
0
LINE
5
2BB
100
AcDbEntity
8
0
62
7.0
100
AcDbLine
10
532.2023559512188
20
953.3010650685123
11
552.0013458245187
21
933.5020751953124
0
ARC
5
2BC
100
AcDbEntity
8
0
62
7.0
100
AcDbCircle
10
524.1872528082938
20
966.9844360351563
40
28.0
50
-45.0
51
45.0
0
LINE
5
2BD
100
AcDbEntity
8
0
62
7.0
100
AcDbLine
10
524.1872528082938
20
966.9844360351563
11
543.9862426815937
21
986.7834259083562
0
LINE
5
2BE
100
AcDbEntity
8
0
62
7.0
100
AcDbLine
10
543.9862426815937
20
947.1854461619563
11
524.1872528082938
21
966.9844360351563
0
ARC
5
2BF
100
AcDbEntity
8
0
62
7.0
100
AcDbCircle
10
558.26220703125
20
686.9431182854562
40
28.0
50
-135.0
51
-45.0
0
LINE
5
2C0
100
AcDbEntity
8
0
62
7.0
100
AcDbLine
10
558.26220703125
20
686.9431182854562
11
578.06119690445
21
667.1441284121563
0
LINE
5
2C1
100
AcDbEntity
8
0
62
7.0
100
AcDbLine
10
538.46321715805
20
667.1441284121562
11
558.26220703125
21
686.9431182854562
0
ARC
5
2C2
100
AcDbEntity
8
0
62
7.0
100
AcDbCircle
10
581.9035675042062
20
752.547607421875
40
28.0
50
135.0
51
225.0
0
LINE
5
2C3
100
AcDbEntity
8
0
62
7.0
100
AcDbLine
10
581.9035675042062
20
752.547607421875
11
562.1045776309063
21
732.748617548675
0
LINE
5
2C4
100
AcDbEntity
8
0
62
7.0
100
AcDbLine
10
562.1045776309063
20
772.346597295075
11
581.9035675042062
21
752.547607421875
0
ARC
5
2C5
100
AcDbEntity
8
0
62
7.0
100
AcDbCircle
10
546.9015472418876
20
506.0498046875
40
28.0
50
-45.0
51
45.0
0
LINE
5
2C6
100
AcDbEntity
8
0
62
7.0
100
AcDbLine
10
546.9015472418876
20
506.0498046875
11
566.7005371151874
21
525.8487945607
0
LINE
5
2C7
100
AcDbEntity
8
0
62
7.0
100
AcDbLine
10
566.7005371151874
20
486.2508148143
11
546.9015472418876
21
506.0498046875
0
ARC
5
2C8
100
AcDbEntity
8
0
62
7.0
100
AcDbCircle
10
560.165097046575
20
559.648193359375
40
28.0
50
-45.0
51
45.0
0
LINE
5
2C9
100
AcDbEntity
8
0
62
7.0
100
AcDbLine
10
560.165097046575
20
559.648193359375
11
579.964086919875
21
579.447183232575
0
LINE
5
2CA
100
AcDbEntity
8
0
62
7.0
100
AcDbLine
10
579.964086919875
20
539.849203486175
11
560.165097046575
21
559.648193359375
0
ARC
5
2CB
100
AcDbEntity
8
0
62
7.0
100
AcDbCircle
10
579.2420043945313
20
584.4671600348563
40
28.0
50
45.0
51
135.0
0
LINE
5
2CC
100
AcDbEntity
8
0
62
7.0
100
AcDbLine
10
579.2420043945313
20
584.4671600348563
11
559.4430145213313
21
604.2661499081562
0
LINE
5
2CD
100
AcDbEntity
8
0
62
7.0
100
AcDbLine
10
599.0409942677312
20
604.2661499081562
11
579.2420043945313
21
584.4671600348563
0
ARC
5
2CE
100
AcDbEntity
8
0
62
7.0
100
AcDbCircle
10
149.71368408203125
20
1072.6858551018624
40
28.0
50
-135.0
51
-45.0
0
LINE
5
2CF
100
AcDbEntity
8
0
62
7.0
100
AcDbLine
10
149.71368408203125
20
1072.6858551018624
11
169.51267395523126
21
1052.8868652285626
0
LINE
5
2D0
100
AcDbEntity
8
0
62
7.0
100
AcDbLine
10
129.91469420883126
20
1052.8868652285626
11
149.71368408203125
21
1072.6858551018624
0
ARC
5
2D1
100
AcDbEntity
8
0
62
7.0
100
AcDbCircle
10
583.6131011956124
20
795.9810180664063
40
28.0
50
135.0
51
225.0
0
LINE
5
2D2
100
AcDbEntity
8
0
62
7.0
100
AcDbLine
10
583.6131011956124
20
795.9810180664063
11
563.8141113223126
21
776.1820281932063
0
LINE
5
2D3
100
AcDbEntity
8
0
62
7.0
100
AcDbLine
10
563.8141113223126
20
815.7800079396062
11
583.6131011956124
21
795.9810180664063
0
ARC
5
2D4
100
AcDbEntity
8
0
62
7.0
100
AcDbCircle
10
551.98553771905
20
1114.7791748046875
40
28.0
50
135.0
51
225.0
0
LINE
5
2D5
100
AcDbEntity
8
0
62
7.0
100
AcDbLine
10
551.98553771905
20
1114.7791748046875
11
532.18654784575
21
1094.9801849314874
0
LINE
5
2D6
100
AcDbEntity
8
0
62
7.0
100
AcDbLine
10
532.18654784575
20
1134.5781646778876
11
551.98553771905
21
1114.7791748046875
0
ARC
5
2D7
100
AcDbEntity
8
0
62
7.0
100
AcDbCircle
10
594.933047484675
20
636.2120971679688
40
28.0
50
135.0
51
225.0
0
LINE
5
2D8
100
AcDbEntity
8
0
62
7.0
100
AcDbLine
10
594.933047484675
20
636.2120971679688
11
575.134057611375
21
616.4131072947688
0
LINE
5
2D9
100
AcDbEntity
8
0
62
7.0
100
AcDbLine
10
575.134057611375
20
656.0110870411687
11
594.933047484675
21
636.2120971679688
0
ARC
5
2DA
100
AcDbEntity
8
0
62
7.0
100
AcDbCircle
10
560.6206024176688
20
690.248046875
40
28.0
50
-45.0
51
45.0
0
LINE
5
2DB
100
AcDbEntity
8
0
62
7.0
100
AcDbLine
10
560.6206024176688
20
690.248046875
11
580.4195922909687
21
710.0470367482
0
LINE
5
2DC
100
AcDbEntity
8
0
62
7.0
100
AcDbLine
10
580.4195922909687
20
670.4490570018
11
560.6206024176688
21
690.248046875
0
ARC
5
2DD
100
AcDbEntity
8
0
62
7.0
100
AcDbCircle
10
551.9886505120187
20
1158.4581298828125
40
28.0
50
135.0
51
225.0
0
LINE
5
2DE
100
AcDbEntity
8
0
62
7.0
100
AcDbLine
10
551.9886505120187
20
1158.4581298828125
11
532.1896606387188
21
1138.6591400096124
0
LINE
5
2DF
100
AcDbEntity
8
0
62
7.0
100
AcDbLine
10
532.1896606387188
20
1178.2571197560126
11
551.9886505120187
21
1158.4581298828125
0
ARC
5
2E0
100
AcDbEntity
8
0
62
7.0
100
AcDbCircle
10
575.4764984137626
20
445.021240234375
40
28.0
50
-45.0
51
45.0
0
LINE
5
2E1
100
AcDbEntity
8
0
62
7.0
100
AcDbLine
10
575.4764984137626
20
445.021240234375
11
595.2754882870624
21
464.820230107575
0
LINE
5
2E2
100
AcDbEntity
8
0
62
7.0
100
AcDbLine
10
595.2754882870624
20
425.222250361175
11
575.4764984137626
21
445.021240234375
0
ARC
5
2E3
100
AcDbEntity
8
0
62
7.0
100
AcDbCircle
10
438.5079956054687
20
1948.648379515925
40
28.0
50
-135.0
51
-45.0
0
LINE
5
2E4
100
AcDbEntity
8
0
62
7.0
100
AcDbLine
10
438.5079956054687
20
1948.648379515925
11
458.3069854786687
21
1928.849389642625
0
LINE
5
2E5
100
AcDbEntity
8
0
62
7.0
100
AcDbLine
10
418.7090057322687
20
1928.849389642625
11
438.5079956054687
21
1948.648379515925
0
ARC
5
2E6
100
AcDbEntity
8
0
62
7.0
100
AcDbCircle
10
555.6904907226563
20
887.72088928155
40
28.0
50
-135.0
51
-45.0
0
LINE
5
2E7
100
AcDbEntity
8
0
62
7.0
100
AcDbLine
10
555.6904907226563
20
887.72088928155
11
575.4894805958562
21
867.92189940825
0
LINE
5
2E8
100
AcDbEntity
8
0
62
7.0
100
AcDbLine
10
535.8915008494563
20
867.9218994082499
11
555.6904907226563
21
887.72088928155
0
ARC
5
2E9
100
AcDbEntity
8
0
62
7.0
100
AcDbCircle
10
551.9973785393624
20
1202.137451171875
40
28.0
50
135.0
51
225.0
0
LINE
5
2EA
100
AcDbEntity
8
0
62
7.0
100
AcDbLine
10
551.9973785393624
20
1202.137451171875
11
532.1983886660626
21
1182.338461298675
0
LINE
5
2EB
100
AcDbEntity
8
0
62
7.0
100
AcDbLine
10
532.1983886660626
20
1221.936441045075
11
551.9973785393624
21
1202.137451171875
0
ARC
5
2EC
100
AcDbEntity
8
0
62
7.0
100
AcDbCircle
10
551.99823303155
20
1245.82177734375
40
28.0
50
135.0
51
225.0
0
LINE
5
2ED
100
AcDbEntity
8
0
62
7.0
100
AcDbLine
10
551.99823303155
20
1245.82177734375
11
532.19924315825
21
1226.02278747055
0
LINE
5
2EE
100
AcDbEntity
8
0
62
7.0
100
AcDbLine
10
532.19924315825
20
1265.62076721695
11
551.99823303155
21
1245.82177734375
0
ARC
5
2EF
100
AcDbEntity
8
0
62
7.0
100
AcDbCircle
10
365.9617004394531
20
1385.288027953425
40
28.0
50
-135.0
51
-45.0
0
LINE
5
2F0
100
AcDbEntity
8
0
62
7.0
100
AcDbLine
10
365.9617004394531
20
1385.288027953425
11
385.76069031265314
21
1365.489038080125
0
LINE
5
2F1
100
AcDbEntity
8
0
62
7.0
100
AcDbLine
10
346.1627105662531
20
1365.489038080125
11
365.9617004394531
21
1385.288027953425
0
ARC
5
2F2
100
AcDbEntity
8
0
62
7.0
100
AcDbCircle
10
552.0061676018624
20
1289.5067138671875
40
28.0
50
135.0
51
225.0
0
LINE
5
2F3
100
AcDbEntity
8
0
62
7.0
100
AcDbLine
10
552.0061676018624
20
1289.5067138671875
11
532.2071777285626
21
1269.7077239939874
0
LINE
5
2F4
100
AcDbEntity
8
0
62
7.0
100
AcDbLine
10
532.2071777285626
20
1309.3057037403876
11
552.0061676018624
21
1289.5067138671875
0
ARC
5
2F5
100
AcDbEntity
8
0
62
7.0
100
AcDbCircle
10
552.0037261956124
20
1333.24658203125
40
28.0
50
135.0
51
225.0
0
LINE
5
2F6
100
AcDbEntity
8
0
62
7.0
100
AcDbLine
10
552.0037261956124
20
1333.24658203125
11
532.2047363223126
21
1313.44759215805
0
LINE
5
2F7
100
AcDbEntity
8
0
62
7.0
100
AcDbLine
10
532.2047363223126
20
1353.04557190445
11
552.0037261956124
21
1333.24658203125
0
ARC
5
2F8
100
AcDbEntity
8
0
62
7.0
100
AcDbCircle
10
535.8242156989188
20
911.6181640625
40
28.0
50
-45.0
51
45.0
0
LINE
5
2F9
100
AcDbEntity
8
0
62
7.0
100
AcDbLine
10
535.8242156989188
20
911.6181640625
11
555.6232055722187
21
931.4171539357
0
LINE
5
2FA
100
AcDbEntity
8
0
62
7.0
100
AcDbLine
10
555.6232055722187
20
891.8191741893
11
535.8242156989188
21
911.6181640625
0
ARC
5
2FB
100
AcDbEntity
8
0
62
7.0
100
AcDbCircle
10
556.2283325195313
20
1243.2174713128
40
28.0
50
-135.0
51
-45.0
0
LINE
5
2FC
100
AcDbEntity
8
0
62
7.0
100
AcDbLine
10
556.2283325195313
20
1243.2174713128
11
576.0273223927312
21
1223.4184814395
0
LINE
5
2FD
100
AcDbEntity
8
0
62
7.0
100
AcDbLine
10
536.4293426463313
20
1223.4184814395
11
556.2283325195313
21
1243.2174713128
0
ARC
5
2FE
100
AcDbEntity
8
0
62
7.0
100
AcDbCircle
10
552.0069000237374
20
1376.92919921875
40
28.0
50
135.0
51
225.0
0
LINE
5
2FF
100
AcDbEntity
8
0
62
7.0
100
AcDbLine
10
552.0069000237374
20
1376.92919921875
11
532.2079101504376
21
1357.13020934555
0
LINE
5
300
100
AcDbEntity
8
0
62
7.0
100
AcDbLine
10
532.2079101504376
20
1396.72818909195
11
552.0069000237374
21
1376.92919921875
0
ARC
5
301
100
AcDbEntity
8
0
62
7.0
100
AcDbCircle
10
463.76654052734375
20
1968.7008697503
40
28.0
50
-135.0
51
-45.0
0
LINE
5
302
100
AcDbEntity
8
0
62
7.0
100
AcDbLine
10
463.76654052734375
20
1968.7008697503
11
483.56553040054376
21
1948.901879877
0
LINE
5
303
100
AcDbEntity
8
0
62
7.0
100
AcDbLine
10
443.96755065414374
20
1948.901879877
11
463.76654052734375
21
1968.7008697503
0
ARC
5
304
100
AcDbEntity
8
0
62
7.0
100
AcDbCircle
10
568.3900146484375
20
816.8663909918876
40
28.0
50
45.0
51
135.0
0
LINE
5
305
100
AcDbEntity
8
0
62
7.0
100
AcDbLine
10
568.3900146484375
20
816.8663909918876
11
548.5910247752375
21
836.6653808651874
0
LINE
5
306
100
AcDbEntity
8
0
62
7.0
100
AcDbLine
10
588.1890045216375
20
836.6653808651874
11
568.3900146484375
21
816.8663909918876
0
ARC
5
307
100
AcDbEntity
8
0
62
7.0
100
AcDbCircle
10
585.0062225348563
20
579.8561401367188
40
28.0
50
-45.0
51
45.0
0
LINE
5
308
100
AcDbEntity
8
0
62
7.0
100
AcDbLine
10
585.0062225348563
20
579.8561401367188
11
604.8052124081562
21
599.6551300099187
0
LINE
5
309
100
AcDbEntity
8
0
62
7.0
100
AcDbLine
10
604.8052124081562
20
560.0571502635188
11
585.0062225348563
21
579.8561401367188
0
ARC
5
30A
100
AcDbEntity
8
0
62
7.0
100
AcDbCircle
10
559.3370391838937
20
1415.0521240234375
40
28.0
50
135.0
51
225.0
0
LINE
5
30B
100
AcDbEntity
8
0
62
7.0
100
AcDbLine
10
559.3370391838937
20
1415.0521240234375
11
539.5380493105938
21
1395.2531341502374
0
LINE
5
30C
100
AcDbEntity
8
0
62
7.0
100
AcDbLine
10
539.5380493105938
20
1434.8511138966376
11
559.3370391838937
21
1415.0521240234375
0
ARC
5
30D
100
AcDbEntity
8
0
62
7.0
100
AcDbCircle
10
595.57831115655
20
916.3704833984376
40
28.0
50
135.0
51
225.0
0
LINE
5
30E
100
AcDbEntity
8
0
62
7.0
100
AcDbLine
10
595.57831115655
20
916.3704833984376
11
575.77932128325
21
896.5714935252377
0
LINE
5
30F
100
AcDbEntity
8
0
62
7.0
100
AcDbLine
10
575.77932128325
20
936.1694732716376
11
595.57831115655
21
916.3704833984376
0
ARC
5
310
100
AcDbEntity
8
0
62
7.0
100
AcDbCircle
10
551.9930450432687
20
1453.0391845703125
40
28.0
50
135.0
51
225.0
0
LINE
5
311
100
AcDbEntity
8
0
62
7.0
100
AcDbLine
10
551.9930450432687
20
1453.0391845703125
11
532.1940551699688
21
1433.2401946971124
0
LINE
5
312
100
AcDbEntity
8
0
62
7.0
100
AcDbLine
10
532.1940551699688
20
1472.8381744435126
11
551.9930450432687
21
1453.0391845703125
0
ARC
5
313
100
AcDbEntity
8
0
62
7.0
100
AcDbCircle
10
536.2443817145438
20
1267.2349853515625
40
28.0
50
-45.0
51
45.0
0
LINE
5
314
100
AcDbEntity
8
0
62
7.0
100
AcDbLine
10
536.2443817145438
20
1267.2349853515625
11
556.0433715878437
21
1287.0339752247626
0
LINE
5
315
100
AcDbEntity
8
0
62
7.0
100
AcDbLine
10
556.0433715878437
20
1247.4359954783624
11
536.2443817145438
21
1267.2349853515625
0
ARC
5
316
100
AcDbEntity
8
0
62
7.0
100
AcDbCircle
10
556.427490234375
20
1199.3316070549874
40
28.0
50
-135.0
51
-45.0
0
LINE
5
317
100
AcDbEntity
8
0
62
7.0
100
AcDbLine
10
556.427490234375
20
1199.3316070549874
11
576.226480107575
21
1179.5326171816876
0
LINE
5
318
100
AcDbEntity
8
0
62
7.0
100
AcDbLine
10
536.628500361175
20
1179.5326171816876
11
556.427490234375
21
1199.3316070549874
0
ARC
5
319
100
AcDbEntity
8
0
62
7.0
100
AcDbCircle
10
555.7203979492188
20
1116.7037933356376
40
28.0
50
45.0
51
135.0
0
LINE
5
31A
100
AcDbEntity
8
0
62
7.0
100
AcDbLine
10
555.7203979492188
20
1116.7037933356376
11
535.9214080760188
21
1136.5027832089374
0
LINE
5
31B
100
AcDbEntity
8
0
62
7.0
100
AcDbLine
10
575.5193878224187
20
1136.5027832089374
11
555.7203979492188
21
1116.7037933356376
0
ARC
5
31C
100
AcDbEntity
8
0
62
7.0
100
AcDbCircle
10
567.5348510742188
20
1122.8584625237374
40
28.0
50
-135.0
51
-45.0
0
LINE
5
31D
100
AcDbEntity
8
0
62
7.0
100
AcDbLine
10
567.5348510742188
20
1122.8584625237374
11
587.3338409474187
21
1103.0594726504376
0
LINE
5
31E
100
AcDbEntity
8
0
62
7.0
100
AcDbLine
10
547.7358612010188
20
1103.0594726504376
11
567.5348510742188
21
1122.8584625237374
0
ARC
5
31F
100
AcDbEntity
8
0
62
7.0
100
AcDbCircle
10
565.6833465582938
20
730.646484375
40
28.0
50
-45.0
51
45.0
0
LINE
5
320
100
AcDbEntity
8
0
62
7.0
100
AcDbLine
10
565.6833465582938
20
730.646484375
11
585.4823364315937
21
750.4454742482
0
LINE
5
321
100
AcDbEntity
8
0
62
7.0
100
AcDbLine
10
585.4823364315937
20
710.8474945018
11
565.6833465582938
21
730.646484375
0
ARC
5
322
100
AcDbEntity
8
0
62
7.0
100
AcDbCircle
10
536.3944671637626
20
1354.5128173828125
40
28.0
50
-45.0
51
45.0
0
LINE
5
323
100
AcDbEntity
8
0
62
7.0
100
AcDbLine
10
536.3944671637626
20
1354.5128173828125
11
556.1934570370624
21
1374.3118072560126
0
LINE
5
324
100
AcDbEntity
8
0
62
7.0
100
AcDbLine
10
556.1934570370624
20
1334.7138275096124
11
536.3944671637626
21
1354.5128173828125
0
ARC
5
325
100
AcDbEntity
8
0
62
7.0
100
AcDbCircle
10
583.538818359375
20
865.5324676520438
40
28.0
50
45.0
51
135.0
0
LINE
5
326
100
AcDbEntity
8
0
62
7.0
100
AcDbLine
10
583.538818359375
20
865.5324676520438
11
563.739828486175
21
885.3314575253437
0
LINE
5
327
100
AcDbEntity
8
0
62
7.0
100
AcDbLine
10
603.337808232575
20
885.3314575253437
11
583.538818359375
21
865.5324676520438
0
ARC
5
328
100
AcDbEntity
8
0
62
7.0
100
AcDbCircle
10
552.0002471917062
20
1496.72412109375
40
28.0
50
135.0
51
225.0
0
LINE
5
329
100
AcDbEntity
8
0
62
7.0
100
AcDbLine
10
552.0002471917062
20
1496.72412109375
11
532.2012573184063
21
1476.92513122055
0
LINE
5
32A
100
AcDbEntity
8
0
62
7.0
100
AcDbLine
10
532.2012573184063
20
1516.52311096695
11
552.0002471917062
21
1496.72412109375
0
ARC
5
32B
100
AcDbEntity
8
0
62
7.0
100
AcDbCircle
10
552.0007354729562
20
1540.4039306640625
40
28.0
50
135.0
51
225.0
0
LINE
5
32C
100
AcDbEntity
8
0
62
7.0
100
AcDbLine
10
552.0007354729562
20
1540.4039306640625
11
532.2017455996563
21
1520.6049407908624
0
LINE
5
32D
100
AcDbEntity
8
0
62
7.0
100
AcDbLine
10
532.2017455996563
20
1560.2029205372626
11
552.0007354729562
21
1540.4039306640625
0
ARC
5
32E
100
AcDbEntity
8
0
62
7.0
100
AcDbCircle
10
546.442440796575
20
1389.9208984375
40
28.0
50
-45.0
51
45.0
0
LINE
5
32F
100
AcDbEntity
8
0
62
7.0
100
AcDbLine
10
546.442440796575
20
1389.9208984375
11
566.241430669875
21
1409.7198883107
0
LINE
5
330
100
AcDbEntity
8
0
62
7.0
100
AcDbLine
10
566.241430669875
20
1370.1219085643
11
546.442440796575
21
1389.9208984375
0
ARC
5
331
100
AcDbEntity
8
0
62
7.0
100
AcDbCircle
10
537.3712127692313
20
1310.8895263671875
40
28.0
50
-45.0
51
45.0
0
LINE
5
332
100
AcDbEntity
8
0
62
7.0
100
AcDbLine
10
537.3712127692313
20
1310.8895263671875
11
557.1702026425312
21
1330.6885162403876
0
LINE
5
333
100
AcDbEntity
8
0
62
7.0
100
AcDbLine
10
557.1702026425312
20
1291.0905364939874
11
537.3712127692313
21
1310.8895263671875
0
ARC
5
334
100
AcDbEntity
8
0
62
7.0
100
AcDbCircle
10
499.87152099609375
20
1920.8274505622
40
28.0
50
45.0
51
135.0
0
LINE
5
335
100
AcDbEntity
8
0
62
7.0
100
AcDbLine
10
499.87152099609375
20
1920.8274505622
11
480.07253112289374
21
1940.6264404355
0
LINE
5
336
100
AcDbEntity
8
0
62
7.0
100
AcDbLine
10
519.6705108692937
20
1940.6264404355
11
499.87152099609375
21
1920.8274505622
0
ARC
5
337
100
AcDbEntity
8
0
62
7.0
100
AcDbCircle
10
551.9951202385812
20
1584.0843505859375
40
28.0
50
135.0
51
225.0
0
LINE
5
338
100
AcDbEntity
8
0
62
7.0
100
AcDbLine
10
551.9951202385812
20
1584.0843505859375
11
532.1961303652813
21
1564.2853607127374
0
LINE
5
339
100
AcDbEntity
8
0
62
7.0
100
AcDbLine
10
532.1961303652813
20
1603.8833404591376
11
551.9951202385812
21
1584.0843505859375
0
ARC
5
33A
100
AcDbEntity
8
0
62
7.0
100
AcDbCircle
10
596.053652953425
20
471.2651062011719
40
28.0
50
135.0
51
225.0
0
LINE
5
33B
100
AcDbEntity
8
0
62
7.0
100
AcDbLine
10
596.053652953425
20
471.2651062011719
11
576.254663080125
21
451.46611632797186
0
LINE
5
33C
100
AcDbEntity
8
0
62
7.0
100
AcDbLine
10
576.254663080125
20
491.0640960743719
11
596.053652953425
21
471.2651062011719
0
ARC
5
33D
100
AcDbEntity
8
0
62
7.0
100
AcDbCircle
10
589.6705932617188
20
508.7345855719656
40
28.0
50
45.0
51
135.0
0
LINE
5
33E
100
AcDbEntity
8
0
62
7.0
100
AcDbLine
10
589.6705932617188
20
508.7345855719656
11
569.8716033885188
21
528.5335754452656
0
LINE
5
33F
100
AcDbEntity
8
0
62
7.0
100
AcDbLine
10
609.4695831349187
20
528.5335754452656
11
589.6705932617188
21
508.7345855719656
0
ARC
5
340
100
AcDbEntity
8
0
62
7.0
100
AcDbCircle
10
551.995547484675
20
1627.7684326171875
40
28.0
50
135.0
51
225.0
0
LINE
5
341
100
AcDbEntity
8
0
62
7.0
100
AcDbLine
10
551.995547484675
20
1627.7684326171875
11
532.196557611375
21
1607.9694427439874
0
LINE
5
342
100
AcDbEntity
8
0
62
7.0
100
AcDbLine
10
532.196557611375
20
1647.5674224903876
11
551.995547484675
21
1627.7684326171875
0
ARC
5
343
100
AcDbEntity
8
0
62
7.0
100
AcDbCircle
10
551.991641234675
20
1671.453125
40
28.0
50
135.0
51
225.0
0
LINE
5
344
100
AcDbEntity
8
0
62
7.0
100
AcDbLine
10
551.991641234675
20
1671.453125
11
532.192651361375
21
1651.6541351268
0
LINE
5
345
100
AcDbEntity
8
0
62
7.0
100
AcDbLine
10
532.192651361375
20
1691.2521148732
11
551.991641234675
21
1671.453125
0
ARC
5
346
100
AcDbEntity
8
0
62
7.0
100
AcDbCircle
10
562.3676147460938
20
1417.6799896247
40
28.0
50
45.0
51
135.0
0
LINE
5
347
100
AcDbEntity
8
0
62
7.0
100
AcDbLine
10
562.3676147460938
20
1417.6799896247
11
542.5686248728938
21
1437.478979498
0
LINE
5
348
100
AcDbEntity
8
0
62
7.0
100
AcDbLine
10
582.1666046192937
20
1437.478979498
11
562.3676147460938
21
1417.6799896247
0
ARC
5
349
100
AcDbEntity
8
0
62
7.0
100
AcDbCircle
10
568.3866546637626
20
773.3997802734375
40
28.0
50
-45.0
51
45.0
0
LINE
5
34A
100
AcDbEntity
8
0
62
7.0
100
AcDbLine
10
568.3866546637626
20
773.3997802734375
11
588.1856445370624
21
793.1987701466375
0
LINE
5
34B
100
AcDbEntity
8
0
62
7.0
100
AcDbLine
10
588.1856445370624
20
753.6007904002375
11
568.3866546637626
21
773.3997802734375
0
ARC
5
34C
100
AcDbEntity
8
0
62
7.0
100
AcDbCircle
10
560.3254974372
20
1201.091552734375
40
28.0
50
-45.0
51
45.0
0
LINE
5
34D
100
AcDbEntity
8
0
62
7.0
100
AcDbLine
10
560.3254974372
20
1201.091552734375
11
580.1244873105
21
1220.890542607575
0
LINE
5
34E
100
AcDbEntity
8
0
62
7.0
100
AcDbLine
10
580.1244873105
20
1181.292562861175
11
560.3254974372
21
1201.091552734375
0
ARC
5
34F
100
AcDbEntity
8
0
62
7.0
100
AcDbCircle
10
597.3715209960938
20
475.605526734075
40
28.0
50
45.0
51
135.0
0
LINE
5
350
100
AcDbEntity
8
0
62
7.0
100
AcDbLine
10
597.3715209960938
20
475.605526734075
11
577.5725311228938
21
495.404516607375
0
LINE
5
351
100
AcDbEntity
8
0
62
7.0
100
AcDbLine
10
617.1705108692937
20
495.404516607375
11
597.3715209960938
21
475.605526734075
0
ARC
5
352
100
AcDbEntity
8
0
62
7.0
100
AcDbCircle
10
555.6127899176688
20
959.9526977539063
40
28.0
50
-45.0
51
45.0
0
LINE
5
353
100
AcDbEntity
8
0
62
7.0
100
AcDbLine
10
555.6127899176688
20
959.9526977539063
11
575.4117797909687
21
979.7516876271062
0
LINE
5
354
100
AcDbEntity
8
0
62
7.0
100
AcDbLine
10
575.4117797909687
20
940.1537078807063
11
555.6127899176688
21
959.9526977539063
0
ARC
5
355
100
AcDbEntity
8
0
62
7.0
100
AcDbCircle
10
524.2076385504813
20
1704.8970947265625
40
28.0
50
-45.0
51
45.0
0
LINE
5
356
100
AcDbEntity
8
0
62
7.0
100
AcDbLine
10
524.2076385504813
20
1704.8970947265625
11
544.0066284237812
21
1724.6960845997626
0
LINE
5
357
100
AcDbEntity
8
0
62
7.0
100
AcDbLine
10
544.0066284237812
20
1685.0981048533624
11
524.2076385504813
21
1704.8970947265625
0
ARC
5
358
100
AcDbEntity
8
0
62
7.0
100
AcDbCircle
10
540.0463836676688
20
1470.64697265625
40
28.0
50
-45.0
51
45.0
0
LINE
5
359
100
AcDbEntity
8
0
62
7.0
100
AcDbLine
10
540.0463836676688
20
1470.64697265625
11
559.8453735409687
21
1490.44596252945
0
LINE
5
35A
100
AcDbEntity
8
0
62
7.0
100
AcDbLine
10
559.8453735409687
20
1450.84798278305
11
540.0463836676688
21
1470.64697265625
0
ARC
5
35B
100
AcDbEntity
8
0
62
7.0
100
AcDbCircle
10
581.13330078125
20
1312.365292359075
40
28.0
50
45.0
51
135.0
0
LINE
5
35C
100
AcDbEntity
8
0
62
7.0
100
AcDbLine
10
581.13330078125
20
1312.365292359075
11
561.33431090805
21
1332.164282232375
0
LINE
5
35D
100
AcDbEntity
8
0
62
7.0
100
AcDbLine
10
600.93229065445
20
1332.164282232375
11
581.13330078125
21
1312.365292359075
0
ARC
5
35E
100
AcDbEntity
8
0
62
7.0
100
AcDbCircle
10
576.7914398200126
20
660.0131225585938
40
28.0
50
-45.0
51
45.0
0
LINE
5
35F
100
AcDbEntity
8
0
62
7.0
100
AcDbLine
10
576.7914398200126
20
660.0131225585938
11
596.5904296933124
21
679.8121124317937
0
LINE
5
360
100
AcDbEntity
8
0
62
7.0
100
AcDbLine
10
596.5904296933124
20
640.2141326853938
11
576.7914398200126
21
660.0131225585938
0
ARC
5
361
100
AcDbEntity
8
0
62
7.0
100
AcDbCircle
10
551.9981109612374
20
1738.3604736328125
40
28.0
50
135.0
51
225.0
0
LINE
5
362
100
AcDbEntity
8
0
62
7.0
100
AcDbLine
10
551.9981109612374
20
1738.3604736328125
11
532.1991210879376
21
1718.5614837596124
0
LINE
5
363
100
AcDbEntity
8
0
62
7.0
100
AcDbLine
10
532.1991210879376
20
1758.1594635060126
11
551.9981109612374
21
1738.3604736328125
0
ARC
5
364
100
AcDbEntity
8
0
62
7.0
100
AcDbCircle
10
591.1993408203125
20
833.7063018792062
40
28.0
50
-135.0
51
-45.0
0
LINE
5
365
100
AcDbEntity
8
0
62
7.0
100
AcDbLine
10
591.1993408203125
20
833.7063018792062
11
610.9983306935125
21
813.9073120059063
0
LINE
5
366
100
AcDbEntity
8
0
62
7.0
100
AcDbLine
10
571.4003509471125
20
813.9073120059062
11
591.1993408203125
21
833.7063018792062
0
ARC
5
367
100
AcDbEntity
8
0
62
7.0
100
AcDbCircle
10
579.5557861328125
20
1265.2028228753
40
28.0
50
-135.0
51
-45.0
0
LINE
5
368
100
AcDbEntity
8
0
62
7.0
100
AcDbLine
10
579.5557861328125
20
1265.2028228753
11
599.3547760060125
21
1245.403833002
0
LINE
5
369
100
AcDbEntity
8
0
62
7.0
100
AcDbLine
10
559.7567962596125
20
1245.403833002
11
579.5557861328125
21
1265.2028228753
0
ARC
5
36A
100
AcDbEntity
8
0
62
7.0
100
AcDbCircle
10
555.74755859375
20
1498.6354339606376
40
28.0
50
45.0
51
135.0
0
LINE
5
36B
100
AcDbEntity
8
0
62
7.0
100
AcDbLine
10
555.74755859375
20
1498.6354339606376
11
535.94856872055
21
1518.4344238339374
0
LINE
5
36C
100
AcDbEntity
8
0
62
7.0
100
AcDbLine
10
575.54654846695
20
1518.4344238339374
11
555.74755859375
21
1498.6354339606376
0
ARC
5
36D
100
AcDbEntity
8
0
62
7.0
100
AcDbCircle
10
560.3254974372
20
1157.4100341796875
40
28.0
50
-45.0
51
45.0
0
LINE
5
36E
100
AcDbEntity
8
0
62
7.0
100
AcDbLine
10
560.3254974372
20
1157.4100341796875
11
580.1244873105
21
1177.2090240528876
0
LINE
5
36F
100
AcDbEntity
8
0
62
7.0
100
AcDbLine
10
580.1244873105
20
1137.6110443064874
11
560.3254974372
21
1157.4100341796875
0
ARC
5
370
100
AcDbEntity
8
0
62
7.0
100
AcDbCircle
10
536.9963958747
20
1561.0762939453125
40
28.0
50
-45.0
51
45.0
0
LINE
5
371
100
AcDbEntity
8
0
62
7.0
100
AcDbLine
10
536.9963958747
20
1561.0762939453125
11
556.795385748
21
1580.8752838185126
0
LINE
5
372
100
AcDbEntity
8
0
62
7.0
100
AcDbLine
10
556.795385748
20
1541.2773040721124
11
536.9963958747
21
1561.0762939453125
0
ARC
5
373
100
AcDbEntity
8
0
62
7.0
100
AcDbCircle
10
524.1989105231376
20
1771.8192138671875
40
28.0
50
-45.0
51
45.0
0
LINE
5
374
100
AcDbEntity
8
0
62
7.0
100
AcDbLine
10
524.1989105231376
20
1771.8192138671875
11
543.9979003964374
21
1791.6182037403876
0
LINE
5
375
100
AcDbEntity
8
0
62
7.0
100
AcDbLine
10
543.9979003964374
20
1752.0202239939874
11
524.1989105231376
21
1771.8192138671875
0
ARC
5
376
100
AcDbEntity
8
0
62
7.0
100
AcDbCircle
10
535.8400238043876
20
1605.9014892578125
40
28.0
50
-45.0
51
45.0
0
LINE
5
377
100
AcDbEntity
8
0
62
7.0
100
AcDbLine
10
535.8400238043876
20
1605.9014892578125
11
555.6390136776874
21
1625.7004791310126
0
LINE
5
378
100
AcDbEntity
8
0
62
7.0
100
AcDbLine
10
555.6390136776874
20
1586.1024993846124
11
535.8400238043876
21
1605.9014892578125
0
ARC
5
379
100
AcDbEntity
8
0
62
7.0
100
AcDbCircle
10
577.1485565192313
20
853.4647827148438
40
28.0
50
-45.0
51
45.0
0
LINE
5
37A
100
AcDbEntity
8
0
62
7.0
100
AcDbLine
10
577.1485565192313
20
853.4647827148438
11
596.9475463925312
21
873.2637725880437
0
LINE
5
37B
100
AcDbEntity
8
0
62
7.0
100
AcDbLine
10
596.9475463925312
20
833.6657928416438
11
577.1485565192313
21
853.4647827148438
0
ARC
5
37C
100
AcDbEntity
8
0
62
7.0
100
AcDbCircle
10
552.0034820549874
20
1805.2830810546875
40
28.0
50
135.0
51
225.0
0
LINE
5
37D
100
AcDbEntity
8
0
62
7.0
100
AcDbLine
10
552.0034820549874
20
1805.2830810546875
11
532.2044921816876
21
1785.4840911814874
0
LINE
5
37E
100
AcDbEntity
8
0
62
7.0
100
AcDbLine
10
532.2044921816876
20
1825.0820709278876
11
552.0034820549874
21
1805.2830810546875
0
ARC
5
37F
100
AcDbEntity
8
0
62
7.0
100
AcDbCircle
10
552.003359984675
20
1848.96875
40
28.0
50
135.0
51
225.0
0
LINE
5
380
100
AcDbEntity
8
0
62
7.0
100
AcDbLine
10
552.003359984675
20
1848.96875
11
532.204370111375
21
1829.1697601268
0
LINE
5
381
100
AcDbEntity
8
0
62
7.0
100
AcDbLine
10
532.204370111375
20
1868.7677398732
11
552.003359984675
21
1848.96875
0
ARC
5
382
100
AcDbEntity
8
0
62
7.0
100
AcDbCircle
10
562.0057342536063
20
1288.412109375
40
28.0
50
-45.0
51
45.0
0
LINE
5
383
100
AcDbEntity
8
0
62
7.0
100
AcDbLine
10
562.0057342536063
20
1288.412109375
11
581.8047241269062
21
1308.2110992482
0
LINE
5
384
100
AcDbEntity
8
0
62
7.0
100
AcDbLine
10
581.8047241269062
20
1268.6131195018
11
562.0057342536063
21
1288.412109375
0
ARC
5
385
100
AcDbEntity
8
0
62
7.0
100
AcDbCircle
10
524.1751678473563
20
1882.45703125
40
28.0
50
-45.0
51
45.0
0
LINE
5
386
100
AcDbEntity
8
0
62
7.0
100
AcDbLine
10
524.1751678473563
20
1882.45703125
11
543.9741577206562
21
1902.2560211232
0
LINE
5
387
100
AcDbEntity
8
0
62
7.0
100
AcDbLine
10
543.9741577206562
20
1862.6580413768
11
524.1751678473563
21
1882.45703125
0
ARC
5
388
100
AcDbEntity
8
0
62
7.0
100
AcDbCircle
10
555.8523559570313
20
1629.85821228095
40
28.0
50
45.0
51
135.0
0
LINE
5
389
100
AcDbEntity
8
0
62
7.0
100
AcDbLine
10
555.8523559570313
20
1629.85821228095
11
536.0533660838313
21
1649.65720215425
0
LINE
5
38A
100
AcDbEntity
8
0
62
7.0
100
AcDbLine
10
575.6513458302312
20
1649.65720215425
11
555.8523559570313
21
1629.85821228095
0
ARC
5
38B
100
AcDbEntity
8
0
62
7.0
100
AcDbCircle
10
588.205078125
20
1371.907168578425
40
28.0
50
-135.0
51
-45.0
0
LINE
5
38C
100
AcDbEntity
8
0
62
7.0
100
AcDbLine
10
588.205078125
20
1371.907168578425
11
608.0040679982
21
1352.108178705125
0
LINE
5
38D
100
AcDbEntity
8
0
62
7.0
100
AcDbLine
10
568.4060882518
20
1352.108178705125
11
588.205078125
21
1371.907168578425
0
ARC
5
38E
100
AcDbEntity
8
0
62
7.0
100
AcDbCircle
10
599.6668731682687
20
1464.3924560546875
40
28.0
50
135.0
51
225.0
0
LINE
5
38F
100
AcDbEntity
8
0
62
7.0
100
AcDbLine
10
599.6668731682687
20
1464.3924560546875
11
579.8678832949688
21
1444.5934661814874
0
LINE
5
390
100
AcDbEntity
8
0
62
7.0
100
AcDbLine
10
579.8678832949688
20
1484.1914459278876
11
599.6668731682687
21
1464.3924560546875
0
ARC
5
391
100
AcDbEntity
8
0
62
7.0
100
AcDbCircle
10
508.2621124274344
20
1957.7491455078125
40
28.0
50
-45.0
51
45.0
0
LINE
5
392
100
AcDbEntity
8
0
62
7.0
100
AcDbLine
10
508.2621124274344
20
1957.7491455078125
11
528.0611023007343
21
1977.5481353810126
0
LINE
5
393
100
AcDbEntity
8
0
62
7.0
100
AcDbLine
10
528.0611023007343
20
1937.9501556346124
11
508.2621124274344
21
1957.7491455078125
0
ARC
5
394
100
AcDbEntity
8
0
62
7.0
100
AcDbCircle
10
578.9979248046875
20
1516.2135650628
40
28.0
50
-135.0
51
-45.0
0
LINE
5
395
100
AcDbEntity
8
0
62
7.0
100
AcDbLine
10
578.9979248046875
20
1516.2135650628
11
598.7969146778875
21
1496.4145751895
0
LINE
5
396
100
AcDbEntity
8
0
62
7.0
100
AcDbLine
10
559.1989349314875
20
1496.4145751895
11
578.9979248046875
21
1516.2135650628
0
ARC
5
397
100
AcDbEntity
8
0
62
7.0
100
AcDbCircle
10
552.0325958245187
20
1915.971923828125
40
28.0
50
135.0
51
225.0
0
LINE
5
398
100
AcDbEntity
8
0
62
7.0
100
AcDbLine
10
552.0325958245187
20
1915.971923828125
11
532.2336059512188
21
1896.172933954925
0
LINE
5
399
100
AcDbEntity
8
0
62
7.0
100
AcDbLine
10
532.2336059512188
20
1935.770913701325
11
552.0325958245187
21
1915.971923828125
0
ARC
5
39A
100
AcDbEntity
8
0
62
7.0
100
AcDbCircle
10
580.9145538323312
20
1685.310546875
40
28.0
50
135.0
51
225.0
0
LINE
5
39B
100
AcDbEntity
8
0
62
7.0
100
AcDbLine
10
580.9145538323312
20
1685.310546875
11
561.1155639590313
21
1665.5115570018
0
LINE
5
39C
100
AcDbEntity
8
0
62
7.0
100
AcDbLine
10
561.1155639590313
20
1705.1095367482
11
580.9145538323312
21
1685.310546875
0
ARC
5
39D
100
AcDbEntity
8
0
62
7.0
100
AcDbCircle
10
572.1591156012626
20
1123.8968505859375
40
28.0
50
-45.0
51
45.0
0
LINE
5
39E
100
AcDbEntity
8
0
62
7.0
100
AcDbLine
10
572.1591156012626
20
1123.8968505859375
11
591.9581054745624
21
1143.6958404591376
0
LINE
5
39F
100
AcDbEntity
8
0
62
7.0
100
AcDbLine
10
591.9581054745624
20
1104.0978607127374
11
572.1591156012626
21
1123.8968505859375
0
ARC
5
3A0
100
AcDbEntity
8
0
62
7.0
100
AcDbCircle
10
571.1385498046875
20
1741.8643218987374
40
28.0
50
-135.0
51
-45.0
0
LINE
5
3A1
100
AcDbEntity
8
0
62
7.0
100
AcDbLine
10
571.1385498046875
20
1741.8643218987374
11
590.9375396778875
21
1722.0653320254376
0
LINE
5
3A2
100
AcDbEntity
8
0
62
7.0
100
AcDbLine
10
551.3395599314875
20
1722.0653320254376
11
571.1385498046875
21
1741.8643218987374
0
ARC
5
3A3
100
AcDbEntity
8
0
62
7.0
100
AcDbCircle
10
574.88720703125
20
1800.4448883049874
40
28.0
50
-135.0
51
-45.0
0
LINE
5
3A4
100
AcDbEntity
8
0
62
7.0
100
AcDbLine
10
574.88720703125
20
1800.4448883049874
11
594.68619690445
21
1780.6458984316876
0
LINE
5
3A5
100
AcDbEntity
8
0
62
7.0
100
AcDbLine
10
555.08821715805
20
1780.6458984316876
11
574.88720703125
21
1800.4448883049874
0
ARC
5
3A6
100
AcDbEntity
8
0
62
7.0
100
AcDbCircle
10
594.7127716057687
20
1544.17919921875
40
28.0
50
135.0
51
225.0
0
LINE
5
3A7
100
AcDbEntity
8
0
62
7.0
100
AcDbLine
10
594.7127716057687
20
1544.17919921875
11
574.9137817324688
21
1524.38020934555
0
LINE
5
3A8
100
AcDbEntity
8
0
62
7.0
100
AcDbLine
10
574.9137817324688
20
1563.97818909195
11
594.7127716057687
21
1544.17919921875
0
ARC
5
3A9
100
AcDbEntity
8
0
62
7.0
100
AcDbCircle
10
560.850643921575
20
1583.7103271484375
40
28.0
50
-45.0
51
45.0
0
LINE
5
3AA
100
AcDbEntity
8
0
62
7.0
100
AcDbLine
10
560.850643921575
20
1583.7103271484375
11
580.649633794875
21
1603.5093170216376
0
LINE
5
3AB
100
AcDbEntity
8
0
62
7.0
100
AcDbLine
10
580.649633794875
20
1563.9113372752374
11
560.850643921575
21
1583.7103271484375
0
ARC
5
3AC
100
AcDbEntity
8
0
62
7.0
100
AcDbCircle
10
605.8585235588937
20
1397.8907470703125
40
28.0
50
135.0
51
225.0
0
LINE
5
3AD
100
AcDbEntity
8
0
62
7.0
100
AcDbLine
10
605.8585235588937
20
1397.8907470703125
11
586.0595336855938
21
1378.0917571971124
0
LINE
5
3AE
100
AcDbEntity
8
0
62
7.0
100
AcDbLine
10
586.0595336855938
20
1417.6897369435126
11
605.8585235588937
21
1397.8907470703125
0
ARC
5
3AF
100
AcDbEntity
8
0
62
7.0
100
AcDbCircle
10
174.998779296875
20
1977.2485992424874
40
28.0
50
-135.0
51
-45.0
0
LINE
5
3B0
100
AcDbEntity
8
0
62
7.0
100
AcDbLine
10
174.998779296875
20
1977.2485992424874
11
194.79776917007501
21
1957.4496093691876
0
LINE
5
3B1
100
AcDbEntity
8
0
62
7.0
100
AcDbLine
10
155.199789423675
20
1957.4496093691876
11
174.998779296875
21
1977.2485992424874
0
ARC
5
3B2
100
AcDbEntity
8
0
62
7.0
100
AcDbCircle
10
579.278378296575
20
938.330810546875
40
28.0
50
-45.0
51
45.0
0
LINE
5
3B3
100
AcDbEntity
8
0
62
7.0
100
AcDbLine
10
579.278378296575
20
938.330810546875
11
599.077368169875
21
958.129800420075
0
LINE
5
3B4
100
AcDbEntity
8
0
62
7.0
100
AcDbLine
10
599.077368169875
20
918.531820673675
11
579.278378296575
21
938.330810546875
0
ARC
5
3B5
100
AcDbEntity
8
0
62
7.0
100
AcDbCircle
10
579.263916015625
20
1647.476504515925
40
28.0
50
-135.0
51
-45.0
0
LINE
5
3B6
100
AcDbEntity
8
0
62
7.0
100
AcDbLine
10
579.263916015625
20
1647.476504515925
11
599.062905888825
21
1627.677514642625
0
LINE
5
3B7
100
AcDbEntity
8
0
62
7.0
100
AcDbLine
10
559.464926142425
20
1627.677514642625
11
579.263916015625
21
1647.476504515925
0
ARC
5
3B8
100
AcDbEntity
8
0
62
7.0
100
AcDbCircle
10
591.8812225348563
20
1149.62939453125
40
28.0
50
-45.0
51
45.0
0
LINE
5
3B9
100
AcDbEntity
8
0
62
7.0
100
AcDbLine
10
591.8812225348563
20
1149.62939453125
11
611.6802124081562
21
1169.42838440445
0
LINE
5
3BA
100
AcDbEntity
8
0
62
7.0
100
AcDbLine
10
611.6802124081562
20
1129.83040465805
11
591.8812225348563
21
1149.62939453125
0
ARC
5
3BB
100
AcDbEntity
8
0
62
7.0
100
AcDbCircle
10
575.5275909417062
20
1827.1246337890625
40
28.0
50
135.0
51
225.0
0
LINE
5
3BC
100
AcDbEntity
8
0
62
7.0
100
AcDbLine
10
575.5275909417062
20
1827.1246337890625
11
555.7286010684063
21
1807.3256439158624
0
LINE
5
3BD
100
AcDbEntity
8
0
62
7.0
100
AcDbLine
10
555.7286010684063
20
1846.9236236622626
11
575.5275909417062
21
1827.1246337890625
0
ARC
5
3BE
100
AcDbEntity
8
0
62
7.0
100
AcDbCircle
10
589.4175994879813
20
1305.05078125
40
28.0
50
-45.0
51
45.0
0
LINE
5
3BF
100
AcDbEntity
8
0
62
7.0
100
AcDbLine
10
589.4175994879813
20
1305.05078125
11
609.2165893612812
21
1324.8497711232
0
LINE
5
3C0
100
AcDbEntity
8
0
62
7.0
100
AcDbLine
10
609.2165893612812
20
1285.2517913768
11
589.4175994879813
21
1305.05078125
0
ARC
5
3C1
100
AcDbEntity
8
0
62
7.0
100
AcDbCircle
10
546.929745484075
20
1905.1568603515625
40
28.0
50
-45.0
51
45.0
0
LINE
5
3C2
100
AcDbEntity
8
0
62
7.0
100
AcDbLine
10
546.929745484075
20
1905.1568603515625
11
566.728735357375
21
1924.9558502247626
0
LINE
5
3C3
100
AcDbEntity
8
0
62
7.0
100
AcDbLine
10
566.728735357375
20
1885.3578704783624
11
546.929745484075
21
1905.1568603515625
0
ARC
5
3C4
100
AcDbEntity
8
0
62
7.0
100
AcDbCircle
10
618.3614532463937
20
1430.8416748046875
40
28.0
50
135.0
51
225.0
0
LINE
5
3C5
100
AcDbEntity
8
0
62
7.0
100
AcDbLine
10
618.3614532463937
20
1430.8416748046875
11
598.5624633730938
21
1411.0426849314874
0
LINE
5
3C6
100
AcDbEntity
8
0
62
7.0
100
AcDbLine
10
598.5624633730938
20
1450.6406646778876
11
618.3614532463937
21
1430.8416748046875
0
ARC
5
3C7
100
AcDbEntity
8
0
62
7.0
100
AcDbCircle
10
554.2667846679688
20
1919.4171722418876
40
28.0
50
45.0
51
135.0
0
LINE
5
3C8
100
AcDbEntity
8
0
62
7.0
100
AcDbLine
10
554.2667846679688
20
1919.4171722418876
11
534.4677947947688
21
1939.2161621151874
0
LINE
5
3C9
100
AcDbEntity
8
0
62
7.0
100
AcDbLine
10
574.0657745411687
20
1939.2161621151874
11
554.2667846679688
21
1919.4171722418876
0
ARC
5
3CA
100
AcDbEntity
8
0
62
7.0
100
AcDbCircle
10
587.4069793707938
20
622.9182739257813
40
28.0
50
-45.0
51
45.0
0
LINE
5
3CB
100
AcDbEntity
8
0
62
7.0
100
AcDbLine
10
587.4069793707938
20
622.9182739257813
11
607.2059692440937
21
642.7172637989812
0
LINE
5
3CC
100
AcDbEntity
8
0
62
7.0
100
AcDbLine
10
607.2059692440937
20
603.1192840525813
11
587.4069793707938
21
622.9182739257813
0
ARC
5
3CD
100
AcDbEntity
8
0
62
7.0
100
AcDbCircle
10
591.5927093512626
20
1193.3182373046875
40
28.0
50
-45.0
51
45.0
0
LINE
5
3CE
100
AcDbEntity
8
0
62
7.0
100
AcDbLine
10
591.5927093512626
20
1193.3182373046875
11
611.3916992245624
21
1213.1172271778876
0
LINE
5
3CF
100
AcDbEntity
8
0
62
7.0
100
AcDbLine
10
611.3916992245624
20
1173.5192474314874
11
591.5927093512626
21
1193.3182373046875
0
ARC
5
3D0
100
AcDbEntity
8
0
62
7.0
100
AcDbCircle
10
566.9307830817313
20
1665.4674072265625
40
28.0
50
-45.0
51
45.0
0
LINE
5
3D1
100
AcDbEntity
8
0
62
7.0
100
AcDbLine
10
566.9307830817313
20
1665.4674072265625
11
586.7297729550312
21
1685.2663970997626
0
LINE
5
3D2
100
AcDbEntity
8
0
62
7.0
100
AcDbLine
10
586.7297729550312
20
1645.6684173533624
11
566.9307830817313
21
1665.4674072265625
0
ARC
5
3D3
100
AcDbEntity
8
0
62
7.0
100
AcDbCircle
10
598.239501953125
20
1541.917422484675
40
28.0
50
-135.0
51
-45.0
0
LINE
5
3D4
100
AcDbEntity
8
0
62
7.0
100
AcDbLine
10
598.239501953125
20
1541.917422484675
11
618.038491826325
21
1522.118432611375
0
LINE
5
3D5
100
AcDbEntity
8
0
62
7.0
100
AcDbLine
10
578.440512079925
20
1522.118432611375
11
598.239501953125
21
1541.917422484675
0
ARC
5
3D6
100
AcDbEntity
8
0
62
7.0
100
AcDbCircle
10
585.0894775390625
20
1831.0059234612374
40
28.0
50
-135.0
51
-45.0
0
LINE
5
3D7
100
AcDbEntity
8
0
62
7.0
100
AcDbLine
10
585.0894775390625
20
1831.0059234612374
11
604.8884674122625
21
1811.2069335879376
0
LINE
5
3D8
100
AcDbEntity
8
0
62
7.0
100
AcDbLine
10
565.2904876658625
20
1811.2069335879376
11
585.0894775390625
21
1831.0059234612374
0
ARC
5
3D9
100
AcDbEntity
8
0
62
7.0
100
AcDbCircle
10
618.1482574456124
20
1566.116943359375
40
28.0
50
135.0
51
225.0
0
LINE
5
3DA
100
AcDbEntity
8
0
62
7.0
100
AcDbLine
10
618.1482574456124
20
1566.116943359375
11
598.3492675723126
21
1546.317953486175
0
LINE
5
3DB
100
AcDbEntity
8
0
62
7.0
100
AcDbLine
10
598.3492675723126
20
1585.915933232575
11
618.1482574456124
21
1566.116943359375
0
ARC
5
3DC
100
AcDbEntity
8
0
62
7.0
100
AcDbCircle
10
593.2525634765625
20
1718.28534240655
40
28.0
50
-135.0
51
-45.0
0
LINE
5
3DD
100
AcDbEntity
8
0
62
7.0
100
AcDbLine
10
593.2525634765625
20
1718.28534240655
11
613.0515533497625
21
1698.48635253325
0
LINE
5
3DE
100
AcDbEntity
8
0
62
7.0
100
AcDbLine
10
573.4535736033625
20
1698.48635253325
11
593.2525634765625
21
1718.28534240655
0
ARC
5
3DF
100
AcDbEntity
8
0
62
7.0
100
AcDbCircle
10
567.5188598632813
20
1840.7990081793876
40
28.0
50
45.0
51
135.0
0
LINE
5
3E0
100
AcDbEntity
8
0
62
7.0
100
AcDbLine
10
567.5188598632813
20
1840.7990081793876
11
547.7198699900813
21
1860.5979980526874
0
LINE
5
3E1
100
AcDbEntity
8
0
62
7.0
100
AcDbLine
10
587.3178497364812
20
1860.5979980526874
11
567.5188598632813
21
1840.7990081793876
0
ARC
5
3E2
100
AcDbEntity
8
0
62
7.0
100
AcDbCircle
10
576.0574951171875
20
1942.8759124762626
40
28.0
50
45.0
51
135.0
0
LINE
5
3E3
100
AcDbEntity
8
0
62
7.0
100
AcDbLine
10
576.0574951171875
20
1942.8759124762626
11
556.2585052439875
21
1962.6749023495624
0
LINE
5
3E4
100
AcDbEntity
8
0
62
7.0
100
AcDbLine
10
595.8564849903875
20
1962.6749023495624
11
576.0574951171875
21
1942.8759124762626
0
ARC
5
3E5
100
AcDbEntity
8
0
62
7.0
100
AcDbCircle
10
581.9755859375
20
1736.6847503668876
40
28.0
50
45.0
51
135.0
0
LINE
5
3E6
100
AcDbEntity
8
0
62
7.0
100
AcDbLine
10
581.9755859375
20
1736.6847503668876
11
562.1765960643
21
1756.4837402401874
0
LINE
5
3E7
100
AcDbEntity
8
0
62
7.0
100
AcDbLine
10
601.7745758107
20
1756.4837402401874
11
581.9755859375
21
1736.6847503668876
0
ARC
5
3E8
100
AcDbEntity
8
0
62
7.0
100
AcDbCircle
10
587.723690796575
20
707.369140625
40
28.0
50
-45.0
51
45.0
0
LINE
5
3E9
100
AcDbEntity
8
0
62
7.0
100
AcDbLine
10
587.723690796575
20
707.369140625
11
607.522680669875
21
727.1681304982
0
LINE
5
3EA
100
AcDbEntity
8
0
62
7.0
100
AcDbLine
10
607.522680669875
20
687.5701507518
11
587.723690796575
21
707.369140625
0
ARC
5
3EB
100
AcDbEntity
8
0
62
7.0
100
AcDbCircle
10
572.0742156989188
20
1881.55615234375
40
28.0
50
-45.0
51
45.0
0
LINE
5
3EC
100
AcDbEntity
8
0
62
7.0
100
AcDbLine
10
572.0742156989188
20
1881.55615234375
11
591.8732055722187
21
1901.35514221695
0
LINE
5
3ED
100
AcDbEntity
8
0
62
7.0
100
AcDbLine
10
591.8732055722187
20
1861.75716247055
11
572.0742156989188
21
1881.55615234375
0
ARC
5
3EE
100
AcDbEntity
8
0
62
7.0
100
AcDbCircle
10
597.0025024414063
20
1824.755429077825
40
28.0
50
45.0
51
135.0
0
LINE
5
3EF
100
AcDbEntity
8
0
62
7.0
100
AcDbLine
10
597.0025024414063
20
1824.755429077825
11
577.2035125682063
21
1844.554418951125
0
LINE
5
3F0
100
AcDbEntity
8
0
62
7.0
100
AcDbLine
10
616.8014923146062
20
1844.554418951125
11
597.0025024414063
21
1824.755429077825
0
ARC
5
3F1
100
AcDbEntity
8
0
62
7.0
100
AcDbCircle
10
594.5629272460938
20
1941.042422484675
40
28.0
50
-135.0
51
-45.0
0
LINE
5
3F2
100
AcDbEntity
8
0
62
7.0
100
AcDbLine
10
594.5629272460938
20
1941.042422484675
11
614.3619171192937
21
1921.243432611375
0
LINE
5
3F3
100
AcDbEntity
8
0
62
7.0
100
AcDbLine
10
574.7639373728938
20
1921.243432611375
11
594.5629272460938
21
1941.042422484675
0
ARC
5
3F4
100
AcDbEntity
8
0
62
7.0
100
AcDbCircle
10
623.5302764885812
20
1606.18701171875
40
28.0
50
135.0
51
225.0
0
LINE
5
3F5
100
AcDbEntity
8
0
62
7.0
100
AcDbLine
10
623.5302764885812
20
1606.18701171875
11
603.7312866152813
21
1586.38802184555
0
LINE
5
3F6
100
AcDbEntity
8
0
62
7.0
100
AcDbLine
10
603.7312866152813
20
1625.98600159195
11
623.5302764885812
21
1606.18701171875
0
ARC
5
3F7
100
AcDbEntity
8
0
62
7.0
100
AcDbCircle
10
610.5821533203125
20
1279.491152953425
40
28.0
50
-135.0
51
-45.0
0
LINE
5
3F8
100
AcDbEntity
8
0
62
7.0
100
AcDbLine
10
610.5821533203125
20
1279.491152953425
11
630.3811431935125
21
1259.692163080125
0
LINE
5
3F9
100
AcDbEntity
8
0
62
7.0
100
AcDbLine
10
590.7831634471125
20
1259.692163080125
11
610.5821533203125
21
1279.491152953425
0
ARC
5
3FA
100
AcDbEntity
8
0
62
7.0
100
AcDbCircle
10
609.8167114257813
20
1969.3709136956124
40
28.0
50
-135.0
51
-45.0
0
LINE
5
3FB
100
AcDbEntity
8
0
62
7.0
100
AcDbLine
10
609.8167114257813
20
1969.3709136956124
11
629.6157012989812
21
1949.5719238223126
0
LINE
5
3FC
100
AcDbEntity
8
0
62
7.0
100
AcDbLine
10
590.0177215525813
20
1949.5719238223126
11
609.8167114257813
21
1969.3709136956124
0
ARC
5
3FD
100
AcDbEntity
8
0
62
7.0
100
AcDbCircle
10
655.9977447503
20
23.888761520385746
40
28.0
50
135.0
51
225.0
0
LINE
5
3FE
100
AcDbEntity
8
0
62
7.0
100
AcDbLine
10
655.9977447503
20
23.888761520385746
11
636.198754877
21
4.089771647185746
0
LINE
5
3FF
100
AcDbEntity
8
0
62
7.0
100
AcDbLine
10
636.198754877
20
43.68775139358574
11
655.9977447503
21
23.888761520385746
0
ARC
5
400
100
AcDbEntity
8
0
62
7.0
100
AcDbCircle
10
628.1778533942313
20
57.36756896972656
40
28.0
50
-45.0
51
45.0
0
LINE
5
401
100
AcDbEntity
8
0
62
7.0
100
AcDbLine
10
628.1778533942313
20
57.36756896972656
11
647.9768432675312
21
77.16655884292656
0
LINE
5
402
100
AcDbEntity
8
0
62
7.0
100
AcDbLine
10
647.9768432675312
20
37.56857909652656
11
628.1778533942313
21
57.36756896972656
0
ARC
5
403
100
AcDbEntity
8
0
62
7.0
100
AcDbCircle
10
171.5856170654297
20
1056.47344665595
40
28.0
50
45.0
51
135.0
0
LINE
5
404
100
AcDbEntity
8
0
62
7.0
100
AcDbLine
10
171.5856170654297
20
1056.47344665595
11
151.78662719222967
21
1076.27243652925
0
LINE
5
405
100
AcDbEntity
8
0
62
7.0
100
AcDbLine
10
191.3846069386297
20
1076.27243652925
11
171.5856170654297
21
1056.47344665595
0
ARC
5
406
100
AcDbEntity
8
0
62
7.0
100
AcDbCircle
10
655.9963409417062
20
90.84630584716795
40
28.0
50
135.0
51
225.0
0
LINE
5
407
100
AcDbEntity
8
0
62
7.0
100
AcDbLine
10
655.9963409417062
20
90.84630584716795
11
636.1973510684063
21
71.04731597396795
0
LINE
5
408
100
AcDbEntity
8
0
62
7.0
100
AcDbLine
10
636.1973510684063
20
110.64529572036795
11
655.9963409417062
21
90.84630584716795
0
ARC
5
409
100
AcDbEntity
8
0
62
7.0
100
AcDbCircle
10
656.001406859675
20
134.52503967285156
40
28.0
50
135.0
51
225.0
0
LINE
5
40A
100
AcDbEntity
8
0
62
7.0
100
AcDbLine
10
656.001406859675
20
134.52503967285156
11
636.202416986375
21
114.72604979965156
0
LINE
5
40B
100
AcDbEntity
8
0
62
7.0
100
AcDbLine
10
636.202416986375
20
154.32402954605158
11
656.001406859675
21
134.52503967285156
0
ARC
5
40C
100
AcDbEntity
8
0
62
7.0
100
AcDbCircle
10
656.0034210198312
20
178.2075653076172
40
28.0
50
135.0
51
225.0
0
LINE
5
40D
100
AcDbEntity
8
0
62
7.0
100
AcDbLine
10
656.0034210198312
20
178.2075653076172
11
636.2044311465313
21
158.40857543441717
0
LINE
5
40E
100
AcDbEntity
8
0
62
7.0
100
AcDbLine
10
636.2044311465313
20
198.0065551808172
11
656.0034210198312
21
178.2075653076172
0
ARC
5
40F
100
AcDbEntity
8
0
62
7.0
100
AcDbCircle
10
618.26025390625
20
447.7005889899344
40
28.0
50
45.0
51
135.0
0
LINE
5
410
100
AcDbEntity
8
0
62
7.0
100
AcDbLine
10
618.26025390625
20
447.7005889899344
11
598.46126403305
21
467.4995788632344
0
LINE
5
411
100
AcDbEntity
8
0
62
7.0
100
AcDbLine
10
638.05924377945
20
467.4995788632344
11
618.26025390625
21
447.7005889899344
0
ARC
5
412
100
AcDbEntity
8
0
62
7.0
100
AcDbCircle
10
656.001406859675
20
221.9343719482422
40
28.0
50
135.0
51
225.0
0
LINE
5
413
100
AcDbEntity
8
0
62
7.0
100
AcDbLine
10
656.001406859675
20
221.9343719482422
11
636.202416986375
21
202.13538207504217
0
LINE
5
414
100
AcDbEntity
8
0
62
7.0
100
AcDbLine
10
636.202416986375
20
241.7333618214422
11
656.001406859675
21
221.9343719482422
0
ARC
5
415
100
AcDbEntity
8
0
62
7.0
100
AcDbCircle
10
628.1770599372
20
255.45553588867188
40
28.0
50
-45.0
51
45.0
0
LINE
5
416
100
AcDbEntity
8
0
62
7.0
100
AcDbLine
10
628.1770599372
20
255.45553588867188
11
647.9760498105
21
275.2545257618719
0
LINE
5
417
100
AcDbEntity
8
0
62
7.0
100
AcDbLine
10
647.9760498105
20
235.65654601547186
11
628.1770599372
21
255.45553588867188
0
ARC
5
418
100
AcDbEntity
8
0
62
7.0
100
AcDbCircle
10
606.415097046575
20
511.874755859375
40
28.0
50
-45.0
51
45.0
0
LINE
5
419
100
AcDbEntity
8
0
62
7.0
100
AcDbLine
10
606.415097046575
20
511.874755859375
11
626.214086919875
21
531.673745732575
0
LINE
5
41A
100
AcDbEntity
8
0
62
7.0
100
AcDbLine
10
626.214086919875
20
492.075765986175
11
606.415097046575
21
511.874755859375
0
ARC
5
41B
100
AcDbEntity
8
0
62
7.0
100
AcDbCircle
10
655.9988433831124
20
289.9113464355469
40
28.0
50
135.0
51
225.0
0
LINE
5
41C
100
AcDbEntity
8
0
62
7.0
100
AcDbLine
10
655.9988433831124
20
289.9113464355469
11
636.1998535098126
21
270.11235656234686
0
LINE
5
41D
100
AcDbEntity
8
0
62
7.0
100
AcDbLine
10
636.1998535098126
20
309.7103363087469
11
655.9988433831124
21
289.9113464355469
0
ARC
5
41E
100
AcDbEntity
8
0
62
7.0
100
AcDbCircle
10
628.1845672614188
20
323.38323974609375
40
28.0
50
-45.0
51
45.0
0
LINE
5
41F
100
AcDbEntity
8
0
62
7.0
100
AcDbLine
10
628.1845672614188
20
323.38323974609375
11
647.9835571347187
21
343.18222961929376
0
LINE
5
420
100
AcDbEntity
8
0
62
7.0
100
AcDbLine
10
647.9835571347187
20
303.58424987289374
11
628.1845672614188
21
323.38323974609375
0
ARC
5
421
100
AcDbEntity
8
0
62
7.0
100
AcDbCircle
10
656.007754515925
20
356.8924560546875
40
28.0
50
135.0
51
225.0
0
LINE
5
422
100
AcDbEntity
8
0
62
7.0
100
AcDbLine
10
656.007754515925
20
356.8924560546875
11
636.208764642625
21
337.0934661814875
0
LINE
5
423
100
AcDbEntity
8
0
62
7.0
100
AcDbLine
10
636.208764642625
20
376.6914459278875
11
656.007754515925
21
356.8924560546875
0
ARC
5
424
100
AcDbEntity
8
0
62
7.0
100
AcDbCircle
10
626.640869140625
20
450.3647491448313
40
28.0
50
-135.0
51
-45.0
0
LINE
5
425
100
AcDbEntity
8
0
62
7.0
100
AcDbLine
10
626.640869140625
20
450.3647491448313
11
646.439859013825
21
430.5657592715313
0
LINE
5
426
100
AcDbEntity
8
0
62
7.0
100
AcDbLine
10
606.841879267425
20
430.5657592715313
11
626.640869140625
21
450.3647491448313
0
ARC
5
427
100
AcDbEntity
8
0
62
7.0
100
AcDbCircle
10
625.6637573242188
20
535.6791961676688
40
28.0
50
45.0
51
135.0
0
LINE
5
428
100
AcDbEntity
8
0
62
7.0
100
AcDbLine
10
625.6637573242188
20
535.6791961676688
11
605.8647674510188
21
555.4781860409687
0
LINE
5
429
100
AcDbEntity
8
0
62
7.0
100
AcDbLine
10
645.4627471974187
20
555.4781860409687
11
625.6637573242188
21
535.6791961676688
0
ARC
5
42A
100
AcDbEntity
8
0
62
7.0
100
AcDbCircle
10
686.6438018792062
20
33.23405075073242
40
28.0
50
135.0
51
225.0
0
LINE
5
42B
100
AcDbEntity
8
0
62
7.0
100
AcDbLine
10
686.6438018792062
20
33.23405075073242
11
666.8448120059063
21
13.435060877532422
0
LINE
5
42C
100
AcDbEntity
8
0
62
7.0
100
AcDbLine
10
666.8448120059063
20
53.03304062393242
11
686.6438018792062
21
33.23405075073242
0
ARC
5
42D
100
AcDbEntity
8
0
62
7.0
100
AcDbCircle
10
648.5641479492188
20
369.9934661872
40
28.0
50
45.0
51
135.0
0
LINE
5
42E
100
AcDbEntity
8
0
62
7.0
100
AcDbLine
10
648.5641479492188
20
369.9934661872
11
628.7651580760188
21
389.7924560605
0
LINE
5
42F
100
AcDbEntity
8
0
62
7.0
100
AcDbLine
10
668.3631378224187
20
389.7924560605
11
648.5641479492188
21
369.9934661872
0
ARC
5
430
100
AcDbEntity
8
0
62
7.0
100
AcDbCircle
10
684.9527618401437
20
76.6467514038086
40
28.0
50
135.0
51
225.0
0
LINE
5
431
100
AcDbEntity
8
0
62
7.0
100
AcDbLine
10
684.9527618401437
20
76.6467514038086
11
665.1537719668438
21
56.847761530608594
0
LINE
5
432
100
AcDbEntity
8
0
62
7.0
100
AcDbLine
10
665.1537719668438
20
96.4457412770086
11
684.9527618401437
21
76.6467514038086
0
ARC
5
433
100
AcDbEntity
8
0
62
7.0
100
AcDbCircle
10
643.8399688713937
20
591.28466796875
40
28.0
50
135.0
51
225.0
0
LINE
5
434
100
AcDbEntity
8
0
62
7.0
100
AcDbLine
10
643.8399688713937
20
591.28466796875
11
624.0409789980938
21
571.48567809555
0
LINE
5
435
100
AcDbEntity
8
0
62
7.0
100
AcDbLine
10
624.0409789980938
20
611.08365784195
11
643.8399688713937
21
591.28466796875
0
ARC
5
436
100
AcDbEntity
8
0
62
7.0
100
AcDbCircle
10
607.447811890325
20
648.3330688476563
40
28.0
50
-45.0
51
45.0
0
LINE
5
437
100
AcDbEntity
8
0
62
7.0
100
AcDbLine
10
607.447811890325
20
648.3330688476563
11
627.246801763625
21
668.1320587208562
0
LINE
5
438
100
AcDbEntity
8
0
62
7.0
100
AcDbLine
10
627.246801763625
20
628.5340789744563
11
607.447811890325
21
648.3330688476563
0
ARC
5
439
100
AcDbEntity
8
0
62
7.0
100
AcDbCircle
10
647.2608612067313
20
119.99987030029295
40
28.0
50
-45.0
51
45.0
0
LINE
5
43A
100
AcDbEntity
8
0
62
7.0
100
AcDbLine
10
647.2608612067313
20
119.99987030029295
11
667.0598510800312
21
139.79886017349295
0
LINE
5
43B
100
AcDbEntity
8
0
62
7.0
100
AcDbLine
10
667.0598510800312
20
100.20088042709295
11
647.2608612067313
21
119.99987030029295
0
ARC
5
43C
100
AcDbEntity
8
0
62
7.0
100
AcDbCircle
10
647.14532165595
20
163.6880645751953
40
28.0
50
-45.0
51
45.0
0
LINE
5
43D
100
AcDbEntity
8
0
62
7.0
100
AcDbLine
10
647.14532165595
20
163.6880645751953
11
666.94431152925
21
183.48705444839533
0
LINE
5
43E
100
AcDbEntity
8
0
62
7.0
100
AcDbLine
10
666.94431152925
20
143.8890747019953
11
647.14532165595
21
163.6880645751953
0
ARC
5
43F
100
AcDbEntity
8
0
62
7.0
100
AcDbCircle
10
643.176025390625
20
502.2033416741281
40
28.0
50
-135.0
51
-45.0
0
LINE
5
440
100
AcDbEntity
8
0
62
7.0
100
AcDbLine
10
643.176025390625
20
502.2033416741281
11
662.975015263825
21
482.4043518008281
0
LINE
5
441
100
AcDbEntity
8
0
62
7.0
100
AcDbLine
10
623.377035517425
20
482.4043518008281
11
643.176025390625
21
502.2033416741281
0
ARC
5
442
100
AcDbEntity
8
0
62
7.0
100
AcDbCircle
10
591.8441131598563
20
749.2113037109375
40
28.0
50
-45.0
51
45.0
0
LINE
5
443
100
AcDbEntity
8
0
62
7.0
100
AcDbLine
10
591.8441131598563
20
749.2113037109375
11
611.6431030331562
21
769.0102935841375
0
LINE
5
444
100
AcDbEntity
8
0
62
7.0
100
AcDbLine
10
611.6431030331562
20
729.4123138377375
11
591.8441131598563
21
749.2113037109375
0
ARC
5
445
100
AcDbEntity
8
0
62
7.0
100
AcDbCircle
10
614.5457153320313
20
811.56073303155
40
28.0
50
-135.0
51
-45.0
0
LINE
5
446
100
AcDbEntity
8
0
62
7.0
100
AcDbLine
10
614.5457153320313
20
811.56073303155
11
634.3447052052312
21
791.76174315825
0
LINE
5
447
100
AcDbEntity
8
0
62
7.0
100
AcDbLine
10
594.7467254588313
20
791.7617431582499
11
614.5457153320313
21
811.56073303155
0
ARC
5
448
100
AcDbEntity
8
0
62
7.0
100
AcDbCircle
10
645.6558258049874
20
691.7098999023438
40
28.0
50
135.0
51
225.0
0
LINE
5
449
100
AcDbEntity
8
0
62
7.0
100
AcDbLine
10
645.6558258049874
20
691.7098999023438
11
625.8568359316876
21
671.9109100291438
0
LINE
5
44A
100
AcDbEntity
8
0
62
7.0
100
AcDbLine
10
625.8568359316876
20
711.5088897755437
11
645.6558258049874
21
691.7098999023438
0
ARC
5
44B
100
AcDbEntity
8
0
62
7.0
100
AcDbCircle
10
615.4840057379813
20
727.539306640625
40
28.0
50
-45.0
51
45.0
0
LINE
5
44C
100
AcDbEntity
8
0
62
7.0
100
AcDbLine
10
615.4840057379813
20
727.539306640625
11
635.2829956112812
21
747.338296513825
0
LINE
5
44D
100
AcDbEntity
8
0
62
7.0
100
AcDbLine
10
635.2829956112812
20
707.740316767425
11
615.4840057379813
21
727.539306640625
0
ARC
5
44E
100
AcDbEntity
8
0
62
7.0
100
AcDbCircle
10
684.1761505120187
20
206.383056640625
40
28.0
50
135.0
51
225.0
0
LINE
5
44F
100
AcDbEntity
8
0
62
7.0
100
AcDbLine
10
684.1761505120187
20
206.383056640625
11
664.3771606387188
21
186.58406676742499
0
LINE
5
450
100
AcDbEntity
8
0
62
7.0
100
AcDbLine
10
664.3771606387188
20
226.18204651382501
11
684.1761505120187
21
206.383056640625
0
ARC
5
451
100
AcDbEntity
8
0
62
7.0
100
AcDbCircle
10
657.3264739997
20
238.8914794921875
40
28.0
50
-45.0
51
45.0
0
LINE
5
452
100
AcDbEntity
8
0
62
7.0
100
AcDbLine
10
657.3264739997
20
238.8914794921875
11
677.125463873
21
258.6904693653875
0
LINE
5
453
100
AcDbEntity
8
0
62
7.0
100
AcDbLine
10
677.125463873
20
219.09248961898749
11
657.3264739997
21
238.8914794921875
0
ARC
5
454
100
AcDbEntity
8
0
62
7.0
100
AcDbCircle
10
664.0667144768624
20
528.3633422851563
40
28.0
50
135.0
51
225.0
0
LINE
5
455
100
AcDbEntity
8
0
62
7.0
100
AcDbLine
10
664.0667144768624
20
528.3633422851563
11
644.2677246035626
21
508.56435241195624
0
LINE
5
456
100
AcDbEntity
8
0
62
7.0
100
AcDbLine
10
644.2677246035626
20
548.1623321583562
11
664.0667144768624
21
528.3633422851563
0
ARC
5
457
100
AcDbEntity
8
0
62
7.0
100
AcDbCircle
10
676.905215453425
20
420.651611328125
40
28.0
50
135.0
51
225.0
0
LINE
5
458
100
AcDbEntity
8
0
62
7.0
100
AcDbLine
10
676.905215453425
20
420.651611328125
11
657.106225580125
21
400.852621454925
0
LINE
5
459
100
AcDbEntity
8
0
62
7.0
100
AcDbLine
10
657.106225580125
20
440.450601201325
11
676.905215453425
21
420.651611328125
0
ARC
5
45A
100
AcDbEntity
8
0
62
7.0
100
AcDbCircle
10
619.608154296875
20
850.6129791253
40
28.0
50
-135.0
51
-45.0
0
LINE
5
45B
100
AcDbEntity
8
0
62
7.0
100
AcDbLine
10
619.608154296875
20
850.6129791253
11
639.407144170075
21
830.813989252
0
LINE
5
45C
100
AcDbEntity
8
0
62
7.0
100
AcDbLine
10
599.809164423675
20
830.8139892519999
11
619.608154296875
21
850.6129791253
0
ARC
5
45D
100
AcDbEntity
8
0
62
7.0
100
AcDbCircle
10
649.3037719726563
20
590.7527496331124
40
28.0
50
-135.0
51
-45.0
0
LINE
5
45E
100
AcDbEntity
8
0
62
7.0
100
AcDbLine
10
649.3037719726563
20
590.7527496331124
11
669.1027618458562
21
570.9537597598126
0
LINE
5
45F
100
AcDbEntity
8
0
62
7.0
100
AcDbLine
10
629.5047820994563
20
570.9537597598124
11
649.3037719726563
21
590.7527496331124
0
ARC
5
460
100
AcDbEntity
8
0
62
7.0
100
AcDbCircle
10
644.74883728095
20
458.466064453125
40
28.0
50
-45.0
51
45.0
0
LINE
5
461
100
AcDbEntity
8
0
62
7.0
100
AcDbLine
10
644.74883728095
20
458.466064453125
11
664.54782715425
21
478.265054326325
0
LINE
5
462
100
AcDbEntity
8
0
62
7.0
100
AcDbLine
10
664.54782715425
20
438.667074579925
11
644.74883728095
21
458.466064453125
0
ARC
5
463
100
AcDbEntity
8
0
62
7.0
100
AcDbCircle
10
590.472225952825
20
903.9223022460938
40
28.0
50
-45.0
51
45.0
0
LINE
5
464
100
AcDbEntity
8
0
62
7.0
100
AcDbLine
10
590.472225952825
20
903.9223022460938
11
610.271215826125
21
923.7212921192937
0
LINE
5
465
100
AcDbEntity
8
0
62
7.0
100
AcDbLine
10
610.271215826125
20
884.1233123728938
11
590.472225952825
21
903.9223022460938
0
ARC
5
466
100
AcDbEntity
8
0
62
7.0
100
AcDbCircle
10
649.3912323004813
20
501.6472473144531
40
28.0
50
-45.0
51
45.0
0
LINE
5
467
100
AcDbEntity
8
0
62
7.0
100
AcDbLine
10
649.3912323004813
20
501.6472473144531
11
669.1902221737812
21
521.4462371876531
0
LINE
5
468
100
AcDbEntity
8
0
62
7.0
100
AcDbLine
10
669.1902221737812
20
481.8482574412531
11
649.3912323004813
21
501.6472473144531
0
ARC
5
469
100
AcDbEntity
8
0
62
7.0
100
AcDbCircle
10
669.9269989020438
20
97.34335327148438
40
28.0
50
-45.0
51
45.0
0
LINE
5
46A
100
AcDbEntity
8
0
62
7.0
100
AcDbLine
10
669.9269989020438
20
97.34335327148438
11
689.7259887753437
21
117.14234314468438
0
LINE
5
46B
100
AcDbEntity
8
0
62
7.0
100
AcDbLine
10
689.7259887753437
20
77.54436339828437
11
669.9269989020438
21
97.34335327148438
0
ARC
5
46C
100
AcDbEntity
8
0
62
7.0
100
AcDbCircle
10
658.7370635979562
20
769.3477172851563
40
28.0
50
135.0
51
225.0
0
LINE
5
46D
100
AcDbEntity
8
0
62
7.0
100
AcDbLine
10
658.7370635979562
20
769.3477172851563
11
638.9380737246563
21
749.5487274119563
0
LINE
5
46E
100
AcDbEntity
8
0
62
7.0
100
AcDbLine
10
638.9380737246563
20
789.1467071583562
11
658.7370635979562
21
769.3477172851563
0
ARC
5
46F
100
AcDbEntity
8
0
62
7.0
100
AcDbCircle
10
660.401309203425
20
620.1787109375
40
28.0
50
135.0
51
225.0
0
LINE
5
470
100
AcDbEntity
8
0
62
7.0
100
AcDbLine
10
660.401309203425
20
620.1787109375
11
640.602319330125
21
600.3797210643
0
LINE
5
471
100
AcDbEntity
8
0
62
7.0
100
AcDbLine
10
640.602319330125
20
639.9777008107
11
660.401309203425
21
620.1787109375
0
ARC
5
472
100
AcDbEntity
8
0
62
7.0
100
AcDbCircle
10
624.2949829101563
20
851.5902069098563
40
28.0
50
45.0
51
135.0
0
LINE
5
473
100
AcDbEntity
8
0
62
7.0
100
AcDbLine
10
624.2949829101563
20
851.5902069098563
11
604.4959930369563
21
871.3891967831562
0
LINE
5
474
100
AcDbEntity
8
0
62
7.0
100
AcDbLine
10
644.0939727833562
20
871.3891967831562
11
624.2949829101563
21
851.5902069098563
0
ARC
5
475
100
AcDbEntity
8
0
62
7.0
100
AcDbCircle
10
599.028378296575
20
964.0347290039063
40
28.0
50
-45.0
51
45.0
0
LINE
5
476
100
AcDbEntity
8
0
62
7.0
100
AcDbLine
10
599.028378296575
20
964.0347290039063
11
618.827368169875
21
983.8337188771062
0
LINE
5
477
100
AcDbEntity
8
0
62
7.0
100
AcDbLine
10
618.827368169875
20
944.2357391307063
11
599.028378296575
21
964.0347290039063
0
ARC
5
478
100
AcDbEntity
8
0
62
7.0
100
AcDbCircle
10
674.3518676757813
20
293.58764953545625
40
28.0
50
-135.0
51
-45.0
0
LINE
5
479
100
AcDbEntity
8
0
62
7.0
100
AcDbLine
10
674.3518676757813
20
293.58764953545625
11
694.1508575489812
21
273.78865966215625
0
LINE
5
47A
100
AcDbEntity
8
0
62
7.0
100
AcDbLine
10
654.5528778025813
20
273.78865966215625
11
674.3518676757813
21
293.58764953545625
0
ARC
5
47B
100
AcDbEntity
8
0
62
7.0
100
AcDbCircle
10
664.8756744378
20
665.5075073242188
40
28.0
50
135.0
51
225.0
0
LINE
5
47C
100
AcDbEntity
8
0
62
7.0
100
AcDbLine
10
664.8756744378
20
665.5075073242188
11
645.0766845645
21
645.7085174510188
0
LINE
5
47D
100
AcDbEntity
8
0
62
7.0
100
AcDbLine
10
645.0766845645
20
685.3064971974187
11
664.8756744378
21
665.5075073242188
0
ARC
5
47E
100
AcDbEntity
8
0
62
7.0
100
AcDbCircle
10
645.81914978095
20
599.9019775390625
40
28.0
50
-45.0
51
45.0
0
LINE
5
47F
100
AcDbEntity
8
0
62
7.0
100
AcDbLine
10
645.81914978095
20
599.9019775390625
11
665.61813965425
21
619.7009674122625
0
LINE
5
480
100
AcDbEntity
8
0
62
7.0
100
AcDbLine
10
665.61813965425
20
580.1029876658625
11
645.81914978095
21
599.9019775390625
0
ARC
5
481
100
AcDbEntity
8
0
62
7.0
100
AcDbCircle
10
616.2395599372
20
922.9844970703124
40
28.0
50
-45.0
51
45.0
0
LINE
5
482
100
AcDbEntity
8
0
62
7.0
100
AcDbLine
10
616.2395599372
20
922.9844970703124
11
636.0385498105
21
942.7834869435123
0
LINE
5
483
100
AcDbEntity
8
0
62
7.0
100
AcDbLine
10
636.0385498105
20
903.1855071971124
11
616.2395599372
21
922.9844970703124
0
ARC
5
484
100
AcDbEntity
8
0
62
7.0
100
AcDbCircle
10
613.5855712890625
20
1391.8425933831124
40
28.0
50
-135.0
51
-45.0
0
LINE
5
485
100
AcDbEntity
8
0
62
7.0
100
AcDbLine
10
613.5855712890625
20
1391.8425933831124
11
633.3845611622625
21
1372.0436035098126
0
LINE
5
486
100
AcDbEntity
8
0
62
7.0
100
AcDbLine
10
593.7865814158625
20
1372.0436035098126
11
613.5855712890625
21
1391.8425933831124
0
ARC
5
487
100
AcDbEntity
8
0
62
7.0
100
AcDbCircle
10
624.1126678473563
20
809.6510620117188
40
28.0
50
-45.0
51
45.0
0
LINE
5
488
100
AcDbEntity
8
0
62
7.0
100
AcDbLine
10
624.1126678473563
20
809.6510620117188
11
643.9116577206562
21
829.4500518849187
0
LINE
5
489
100
AcDbEntity
8
0
62
7.0
100
AcDbLine
10
643.9116577206562
20
789.8520721385188
11
624.1126678473563
21
809.6510620117188
0
ARC
5
48A
100
AcDbEntity
8
0
62
7.0
100
AcDbCircle
10
687.0150176995187
20
311.92626953125
40
28.0
50
135.0
51
225.0
0
LINE
5
48B
100
AcDbEntity
8
0
62
7.0
100
AcDbLine
10
687.0150176995187
20
311.92626953125
11
667.2160278262188
21
292.12727965805
0
LINE
5
48C
100
AcDbEntity
8
0
62
7.0
100
AcDbLine
10
667.2160278262188
20
331.72525940445
11
687.0150176995187
21
311.92626953125
0
ARC
5
48D
100
AcDbEntity
8
0
62
7.0
100
AcDbCircle
10
666.7981567382813
20
531.294003296575
40
28.0
50
45.0
51
135.0
0
LINE
5
48E
100
AcDbEntity
8
0
62
7.0
100
AcDbLine
10
666.7981567382813
20
531.294003296575
11
646.9991668650813
21
551.092993169875
0
LINE
5
48F
100
AcDbEntity
8
0
62
7.0
100
AcDbLine
10
686.5971466114812
20
551.092993169875
11
666.7981567382813
21
531.294003296575
0
ARC
5
490
100
AcDbEntity
8
0
62
7.0
100
AcDbCircle
10
624.6340911872
20
983.2911987304688
40
28.0
50
-45.0
51
45.0
0
LINE
5
491
100
AcDbEntity
8
0
62
7.0
100
AcDbLine
10
624.6340911872
20
983.2911987304688
11
644.4330810605
21
1003.0901886036687
0
LINE
5
492
100
AcDbEntity
8
0
62
7.0
100
AcDbLine
10
644.4330810605
20
963.4922088572688
11
624.6340911872
21
983.2911987304688
0
ARC
5
493
100
AcDbEntity
8
0
62
7.0
100
AcDbCircle
10
669.8230621331124
20
848.4241333007813
40
28.0
50
135.0
51
225.0
0
LINE
5
494
100
AcDbEntity
8
0
62
7.0
100
AcDbLine
10
669.8230621331124
20
848.4241333007813
11
650.0240722598126
21
828.6251434275813
0
LINE
5
495
100
AcDbEntity
8
0
62
7.0
100
AcDbLine
10
650.0240722598126
20
868.2231231739812
11
669.8230621331124
21
848.4241333007813
0
ARC
5
496
100
AcDbEntity
8
0
62
7.0
100
AcDbCircle
10
671.65478515625
20
364.9026519768625
40
28.0
50
-135.0
51
-45.0
0
LINE
5
497
100
AcDbEntity
8
0
62
7.0
100
AcDbLine
10
671.65478515625
20
364.9026519768625
11
691.45377502945
21
345.1036621035625
0
LINE
5
498
100
AcDbEntity
8
0
62
7.0
100
AcDbLine
10
651.85579528305
20
345.1036621035625
11
671.65478515625
21
364.9026519768625
0
ARC
5
499
100
AcDbEntity
8
0
62
7.0
100
AcDbCircle
10
622.646484375
20
1095.0258148200126
40
28.0
50
45.0
51
135.0
0
LINE
5
49A
100
AcDbEntity
8
0
62
7.0
100
AcDbLine
10
622.646484375
20
1095.0258148200126
11
602.8474945018
21
1114.8248046933124
0
LINE
5
49B
100
AcDbEntity
8
0
62
7.0
100
AcDbLine
10
642.4454742482
20
1114.8248046933124
11
622.646484375
21
1095.0258148200126
0
ARC
5
49C
100
AcDbEntity
8
0
62
7.0
100
AcDbCircle
10
703.0602447503
20
439.2248229980469
40
28.0
50
135.0
51
225.0
0
LINE
5
49D
100
AcDbEntity
8
0
62
7.0
100
AcDbLine
10
703.0602447503
20
439.2248229980469
11
683.261254877
21
419.42583312484686
0
LINE
5
49E
100
AcDbEntity
8
0
62
7.0
100
AcDbLine
10
683.261254877
20
459.0238128712469
11
703.0602447503
21
439.2248229980469
0
ARC
5
49F
100
AcDbEntity
8
0
62
7.0
100
AcDbCircle
10
676.6538116448312
20
699.7299194335938
40
28.0
50
135.0
51
225.0
0
LINE
5
4A0
100
AcDbEntity
8
0
62
7.0
100
AcDbLine
10
676.6538116448312
20
699.7299194335938
11
656.8548217715313
21
679.9309295603938
0
LINE
5
4A1
100
AcDbEntity
8
0
62
7.0
100
AcDbLine
10
656.8548217715313
20
719.5289093067937
11
676.6538116448312
21
699.7299194335938
0
ARC
5
4A2
100
AcDbEntity
8
0
62
7.0
100
AcDbCircle
10
651.8800659179688
20
1001.5118988043877
40
28.0
50
45.0
51
135.0
0
LINE
5
4A3
100
AcDbEntity
8
0
62
7.0
100
AcDbLine
10
651.8800659179688
20
1001.5118988043877
11
632.0810760447688
21
1021.3108886776877
0
LINE
5
4A4
100
AcDbEntity
8
0
62
7.0
100
AcDbLine
10
671.6790557911687
20
1021.3108886776877
11
651.8800659179688
21
1001.5118988043877
0
ARC
5
4A5
100
AcDbEntity
8
0
62
7.0
100
AcDbCircle
10
703.1562530510812
20
141.88919067382813
40
28.0
50
135.0
51
225.0
0
LINE
5
4A6
100
AcDbEntity
8
0
62
7.0
100
AcDbLine
10
703.1562530510812
20
141.88919067382813
11
683.3572631777813
21
122.09020080062812
0
LINE
5
4A7
100
AcDbEntity
8
0
62
7.0
100
AcDbLine
10
683.3572631777813
20
161.68818054702814
11
703.1562530510812
21
141.88919067382813
0
ARC
5
4A8
100
AcDbEntity
8
0
62
7.0
100
AcDbCircle
10
681.4290191643624
20
792.1077880859375
40
28.0
50
135.0
51
225.0
0
LINE
5
4A9
100
AcDbEntity
8
0
62
7.0
100
AcDbLine
10
681.4290191643624
20
792.1077880859375
11
661.6300292910626
21
772.3087982127375
0
LINE
5
4AA
100
AcDbEntity
8
0
62
7.0
100
AcDbLine
10
661.6300292910626
20
811.9067779591375
11
681.4290191643624
21
792.1077880859375
0
ARC
5
4AB
100
AcDbEntity
8
0
62
7.0
100
AcDbCircle
10
643.834042359075
20
742.5369262695313
40
28.0
50
-45.0
51
45.0
0
LINE
5
4AC
100
AcDbEntity
8
0
62
7.0
100
AcDbLine
10
643.834042359075
20
742.5369262695313
11
663.633032232375
21
762.3359161427312
0
LINE
5
4AD
100
AcDbEntity
8
0
62
7.0
100
AcDbLine
10
663.633032232375
20
722.7379363963313
11
643.834042359075
21
742.5369262695313
0
ARC
5
4AE
100
AcDbEntity
8
0
62
7.0
100
AcDbCircle
10
619.9595947265625
20
1358.04315490655
40
28.0
50
-135.0
51
-45.0
0
LINE
5
4AF
100
AcDbEntity
8
0
62
7.0
100
AcDbLine
10
619.9595947265625
20
1358.04315490655
11
639.7585845997625
21
1338.24416503325
0
LINE
5
4B0
100
AcDbEntity
8
0
62
7.0
100
AcDbLine
10
600.1606048533625
20
1338.24416503325
11
619.9595947265625
21
1358.04315490655
0
ARC
5
4B1
100
AcDbEntity
8
0
62
7.0
100
AcDbCircle
10
655.9868804924874
20
1049.4053955078125
40
28.0
50
135.0
51
225.0
0
LINE
5
4B2
100
AcDbEntity
8
0
62
7.0
100
AcDbLine
10
655.9868804924874
20
1049.4053955078125
11
636.1878906191876
21
1029.6064056346124
0
LINE
5
4B3
100
AcDbEntity
8
0
62
7.0
100
AcDbLine
10
636.1878906191876
20
1069.2043853810126
11
655.9868804924874
21
1049.4053955078125
0
ARC
5
4B4
100
AcDbEntity
8
0
62
7.0
100
AcDbCircle
10
671.7097198479562
20
946.1278686523438
40
28.0
50
135.0
51
225.0
0
LINE
5
4B5
100
AcDbEntity
8
0
62
7.0
100
AcDbLine
10
671.7097198479562
20
946.1278686523438
11
651.9107299746563
21
926.3288787791438
0
LINE
5
4B6
100
AcDbEntity
8
0
62
7.0
100
AcDbLine
10
651.9107299746563
20
965.9268585255437
11
671.7097198479562
21
946.1278686523438
0
ARC
5
4B7
100
AcDbEntity
8
0
62
7.0
100
AcDbCircle
10
639.8909332268624
20
1228.8992919921875
40
28.0
50
135.0
51
225.0
0
LINE
5
4B8
100
AcDbEntity
8
0
62
7.0
100
AcDbLine
10
639.8909332268624
20
1228.8992919921875
11
620.0919433535626
21
1209.1003021189874
0
LINE
5
4B9
100
AcDbEntity
8
0
62
7.0
100
AcDbLine
10
620.0919433535626
20
1248.6982818653876
11
639.8909332268624
21
1228.8992919921875
0
ARC
5
4BA
100
AcDbEntity
8
0
62
7.0
100
AcDbCircle
10
661.9334747307687
20
1088.9244384765625
40
28.0
50
135.0
51
225.0
0
LINE
5
4BB
100
AcDbEntity
8
0
62
7.0
100
AcDbLine
10
661.9334747307687
20
1088.9244384765625
11
642.1344848574688
21
1069.1254486033624
0
LINE
5
4BC
100
AcDbEntity
8
0
62
7.0
100
AcDbLine
10
642.1344848574688
20
1108.7234283497626
11
661.9334747307687
21
1088.9244384765625
0
ARC
5
4BD
100
AcDbEntity
8
0
62
7.0
100
AcDbCircle
10
651.7124053948312
20
1145.4461669921875
40
28.0
50
135.0
51
225.0
0
LINE
5
4BE
100
AcDbEntity
8
0
62
7.0
100
AcDbLine
10
651.7124053948312
20
1145.4461669921875
11
631.9134155215313
21
1125.6471771189874
0
LINE
5
4BF
100
AcDbEntity
8
0
62
7.0
100
AcDbLine
10
631.9134155215313
20
1165.2451568653876
11
651.7124053948312
21
1145.4461669921875
0
ARC
5
4C0
100
AcDbEntity
8
0
62
7.0
100
AcDbCircle
10
630.6422698981376
20
892.0686645507813
40
28.0
50
-45.0
51
45.0
0
LINE
5
4C1
100
AcDbEntity
8
0
62
7.0
100
AcDbLine
10
630.6422698981376
20
892.0686645507813
11
650.4412597714374
21
911.8676544239812
0
LINE
5
4C2
100
AcDbEntity
8
0
62
7.0
100
AcDbLine
10
650.4412597714374
20
872.2696746775813
11
630.6422698981376
21
892.0686645507813
0
ARC
5
4C3
100
AcDbEntity
8
0
62
7.0
100
AcDbCircle
10
671.14667053155
20
1171.47119140625
40
28.0
50
135.0
51
225.0
0
LINE
5
4C4
100
AcDbEntity
8
0
62
7.0
100
AcDbLine
10
671.14667053155
20
1171.47119140625
11
651.34768065825
21
1151.67220153305
0
LINE
5
4C5
100
AcDbEntity
8
0
62
7.0
100
AcDbLine
10
651.34768065825
20
1191.27018127945
11
671.14667053155
21
1171.47119140625
0
ARC
5
4C6
100
AcDbEntity
8
0
62
7.0
100
AcDbCircle
10
602.229061890325
20
1408.856201171875
40
28.0
50
-45.0
51
45.0
0
LINE
5
4C7
100
AcDbEntity
8
0
62
7.0
100
AcDbLine
10
602.229061890325
20
1408.856201171875
11
622.028051763625
21
1428.655191045075
0
LINE
5
4C8
100
AcDbEntity
8
0
62
7.0
100
AcDbLine
10
622.028051763625
20
1389.057211298675
11
602.229061890325
21
1408.856201171875
0
ARC
5
4C9
100
AcDbEntity
8
0
62
7.0
100
AcDbCircle
10
641.7156982421875
20
1223.669375609675
40
28.0
50
-135.0
51
-45.0
0
LINE
5
4CA
100
AcDbEntity
8
0
62
7.0
100
AcDbLine
10
641.7156982421875
20
1223.669375609675
11
661.5146881153875
21
1203.870385736375
0
LINE
5
4CB
100
AcDbEntity
8
0
62
7.0
100
AcDbLine
10
621.9167083689875
20
1203.870385736375
11
641.7156982421875
21
1223.669375609675
0
ARC
5
4CC
100
AcDbEntity
8
0
62
7.0
100
AcDbCircle
10
687.692813109675
20
642.9161376953125
40
28.0
50
135.0
51
225.0
0
LINE
5
4CD
100
AcDbEntity
8
0
62
7.0
100
AcDbLine
10
687.692813109675
20
642.9161376953125
11
667.893823236375
21
623.1171478221125
0
LINE
5
4CE
100
AcDbEntity
8
0
62
7.0
100
AcDbLine
10
667.893823236375
20
662.7151275685125
11
687.692813109675
21
642.9161376953125
0
ARC
5
4CF
100
AcDbEntity
8
0
62
7.0
100
AcDbCircle
10
606.681640625
20
1463.0560882575126
40
28.0
50
45.0
51
135.0
0
LINE
5
4D0
100
AcDbEntity
8
0
62
7.0
100
AcDbLine
10
606.681640625
20
1463.0560882575126
11
586.8826507518
21
1482.8550781308124
0
LINE
5
4D1
100
AcDbEntity
8
0
62
7.0
100
AcDbLine
10
626.4806304982
20
1482.8550781308124
11
606.681640625
21
1463.0560882575126
0
ARC
5
4D2
100
AcDbEntity
8
0
62
7.0
100
AcDbCircle
10
610.2255828864188
20
1504.825927734375
40
28.0
50
-45.0
51
45.0
0
LINE
5
4D3
100
AcDbEntity
8
0
62
7.0
100
AcDbLine
10
610.2255828864188
20
1504.825927734375
11
630.0245727597187
21
1524.624917607575
0
LINE
5
4D4
100
AcDbEntity
8
0
62
7.0
100
AcDbLine
10
630.0245727597187
20
1485.026937861175
11
610.2255828864188
21
1504.825927734375
0
ARC
5
4D5
100
AcDbEntity
8
0
62
7.0
100
AcDbCircle
10
632.5558471679688
20
1263.1871917731376
40
28.0
50
45.0
51
135.0
0
LINE
5
4D6
100
AcDbEntity
8
0
62
7.0
100
AcDbLine
10
632.5558471679688
20
1263.1871917731376
11
612.7568572947688
21
1282.9861816464374
0
LINE
5
4D7
100
AcDbEntity
8
0
62
7.0
100
AcDbLine
10
652.3548370411687
20
1282.9861816464374
11
632.5558471679688
21
1263.1871917731376
0
ARC
5
4D8
100
AcDbEntity
8
0
62
7.0
100
AcDbCircle
10
637.5822113043876
20
1125.401123046875
40
28.0
50
-45.0
51
45.0
0
LINE
5
4D9
100
AcDbEntity
8
0
62
7.0
100
AcDbLine
10
637.5822113043876
20
1125.401123046875
11
657.3812011776874
21
1145.200112920075
0
LINE
5
4DA
100
AcDbEntity
8
0
62
7.0
100
AcDbLine
10
657.3812011776874
20
1105.602133173675
11
637.5822113043876
21
1125.401123046875
0
ARC
5
4DB
100
AcDbEntity
8
0
62
7.0
100
AcDbCircle
10
670.772030640325
20
185.38868713378903
40
28.0
50
-45.0
51
45.0
0
LINE
5
4DC
100
AcDbEntity
8
0
62
7.0
100
AcDbLine
10
670.772030640325
20
185.38868713378903
11
690.571020513625
21
205.18767700698902
0
LINE
5
4DD
100
AcDbEntity
8
0
62
7.0
100
AcDbLine
10
690.571020513625
20
165.58969726058905
11
670.772030640325
21
185.38868713378903
0
ARC
5
4DE
100
AcDbEntity
8
0
62
7.0
100
AcDbCircle
10
665.7394989020438
20
766.0884399414063
40
28.0
50
-45.0
51
45.0
0
LINE
5
4DF
100
AcDbEntity
8
0
62
7.0
100
AcDbLine
10
665.7394989020438
20
766.0884399414063
11
685.5384887753437
21
785.8874298146062
0
LINE
5
4E0
100
AcDbEntity
8
0
62
7.0
100
AcDbLine
10
685.5384887753437
20
746.2894500682063
11
665.7394989020438
21
766.0884399414063
0
ARC
5
4E1
100
AcDbEntity
8
0
62
7.0
100
AcDbCircle
10
624.8786041253
20
1649.7626953125
40
28.0
50
135.0
51
225.0
0
LINE
5
4E2
100
AcDbEntity
8
0
62
7.0
100
AcDbLine
10
624.8786041253
20
1649.7626953125
11
605.079614252
21
1629.9637054393
0
LINE
5
4E3
100
AcDbEntity
8
0
62
7.0
100
AcDbLine
10
605.079614252
20
1669.5616851857
11
624.8786041253
21
1649.7626953125
0
ARC
5
4E4
100
AcDbEntity
8
0
62
7.0
100
AcDbCircle
10
641.2371215820313
20
1322.5466949456124
40
28.0
50
-135.0
51
-45.0
0
LINE
5
4E5
100
AcDbEntity
8
0
62
7.0
100
AcDbLine
10
641.2371215820313
20
1322.5466949456124
11
661.0361114552312
21
1302.7477050723126
0
LINE
5
4E6
100
AcDbEntity
8
0
62
7.0
100
AcDbLine
10
621.4381317088313
20
1302.7477050723126
11
641.2371215820313
21
1322.5466949456124
0
ARC
5
4E7
100
AcDbEntity
8
0
62
7.0
100
AcDbCircle
10
629.4665496832938
20
1244.9879150390625
40
28.0
50
-45.0
51
45.0
0
LINE
5
4E8
100
AcDbEntity
8
0
62
7.0
100
AcDbLine
10
629.4665496832938
20
1244.9879150390625
11
649.2655395565937
21
1264.7869049122626
0
LINE
5
4E9
100
AcDbEntity
8
0
62
7.0
100
AcDbLine
10
649.2655395565937
20
1225.1889251658624
11
629.4665496832938
21
1244.9879150390625
0
ARC
5
4EA
100
AcDbEntity
8
0
62
7.0
100
AcDbCircle
10
673.7301635742188
20
889.828555297175
40
28.0
50
-135.0
51
-45.0
0
LINE
5
4EB
100
AcDbEntity
8
0
62
7.0
100
AcDbLine
10
673.7301635742188
20
889.828555297175
11
693.5291534474187
21
870.029565423875
0
LINE
5
4EC
100
AcDbEntity
8
0
62
7.0
100
AcDbLine
10
653.9311737010188
20
870.0295654238749
11
673.7301635742188
21
889.828555297175
0
ARC
5
4ED
100
AcDbEntity
8
0
62
7.0
100
AcDbCircle
10
643.203555297175
20
1452.209716796875
40
28.0
50
135.0
51
225.0
0
LINE
5
4EE
100
AcDbEntity
8
0
62
7.0
100
AcDbLine
10
643.203555297175
20
1452.209716796875
11
623.404565423875
21
1432.410726923675
0
LINE
5
4EF
100
AcDbEntity
8
0
62
7.0
100
AcDbLine
10
623.404565423875
20
1472.008706670075
11
643.203555297175
21
1452.209716796875
0
ARC
5
4F0
100
AcDbEntity
8
0
62
7.0
100
AcDbCircle
10
664.4161346442313
20
717.6250610351563
40
28.0
50
-45.0
51
45.0
0
LINE
5
4F1
100
AcDbEntity
8
0
62
7.0
100
AcDbLine
10
664.4161346442313
20
717.6250610351563
11
684.2151245175312
21
737.4240509083562
0
LINE
5
4F2
100
AcDbEntity
8
0
62
7.0
100
AcDbLine
10
684.2151245175312
20
697.8260711619563
11
664.4161346442313
21
717.6250610351563
0
ARC
5
4F3
100
AcDbEntity
8
0
62
7.0
100
AcDbCircle
10
606.8791473395438
20
1583.04296875
40
28.0
50
-45.0
51
45.0
0
LINE
5
4F4
100
AcDbEntity
8
0
62
7.0
100
AcDbLine
10
606.8791473395438
20
1583.04296875
11
626.6781372128437
21
1602.8419586232
0
LINE
5
4F5
100
AcDbEntity
8
0
62
7.0
100
AcDbLine
10
626.6781372128437
20
1563.2439788768
11
606.8791473395438
21
1583.04296875
0
ARC
5
4F6
100
AcDbEntity
8
0
62
7.0
100
AcDbCircle
10
653.6721771247
20
825.52197265625
40
28.0
50
-45.0
51
45.0
0
LINE
5
4F7
100
AcDbEntity
8
0
62
7.0
100
AcDbLine
10
653.6721771247
20
825.52197265625
11
673.471166998
21
845.32096252945
0
LINE
5
4F8
100
AcDbEntity
8
0
62
7.0
100
AcDbLine
10
673.471166998
20
805.72298278305
11
653.6721771247
21
825.52197265625
0
ARC
5
4F9
100
AcDbEntity
8
0
62
7.0
100
AcDbCircle
10
670.572265625
20
1240.1240875237374
40
28.0
50
-135.0
51
-45.0
0
LINE
5
4FA
100
AcDbEntity
8
0
62
7.0
100
AcDbLine
10
670.572265625
20
1240.1240875237374
11
690.3712554982
21
1220.3250976504376
0
LINE
5
4FB
100
AcDbEntity
8
0
62
7.0
100
AcDbLine
10
650.7732757518
20
1220.3250976504376
11
670.572265625
21
1240.1240875237374
0
ARC
5
4FC
100
AcDbEntity
8
0
62
7.0
100
AcDbCircle
10
672.6281097418876
20
52.90687942504883
40
28.0
50
-45.0
51
45.0
0
LINE
5
4FD
100
AcDbEntity
8
0
62
7.0
100
AcDbLine
10
672.6281097418876
20
52.90687942504883
11
692.4270996151874
21
72.70586929824883
0
LINE
5
4FE
100
AcDbEntity
8
0
62
7.0
100
AcDbLine
10
692.4270996151874
20
33.10788955184883
11
672.6281097418876
21
52.90687942504883
0
ARC
5
4FF
100
AcDbEntity
8
0
62
7.0
100
AcDbCircle
10
645.2744750976563
20
1378.050723265925
40
28.0
50
-135.0
51
-45.0
0
LINE
5
500
100
AcDbEntity
8
0
62
7.0
100
AcDbLine
10
645.2744750976563
20
1378.050723265925
11
665.0734649708562
21
1358.251733392625
0
LINE
5
501
100
AcDbEntity
8
0
62
7.0
100
AcDbLine
10
625.4754852244563
20
1358.251733392625
11
645.2744750976563
21
1378.050723265925
0
ARC
5
502
100
AcDbEntity
8
0
62
7.0
100
AcDbCircle
10
632.13164978095
20
1396.8521728515625
40
28.0
50
-45.0
51
45.0
0
LINE
5
503
100
AcDbEntity
8
0
62
7.0
100
AcDbLine
10
632.13164978095
20
1396.8521728515625
11
651.93063965425
21
1416.6511627247626
0
LINE
5
504
100
AcDbEntity
8
0
62
7.0
100
AcDbLine
10
651.93063965425
20
1377.0531829783624
11
632.13164978095
21
1396.8521728515625
0
ARC
5
505
100
AcDbEntity
8
0
62
7.0
100
AcDbCircle
10
626.5153198242188
20
1558.95624084405
40
28.0
50
-135.0
51
-45.0
0
LINE
5
506
100
AcDbEntity
8
0
62
7.0
100
AcDbLine
10
626.5153198242188
20
1558.95624084405
11
646.3143096974187
21
1539.15725097075
0
LINE
5
507
100
AcDbEntity
8
0
62
7.0
100
AcDbLine
10
606.7163299510188
20
1539.15725097075
11
626.5153198242188
21
1558.95624084405
0
ARC
5
508
100
AcDbEntity
8
0
62
7.0
100
AcDbCircle
10
640.6279266364188
20
1328.8154296875
40
28.0
50
-45.0
51
45.0
0
LINE
5
509
100
AcDbEntity
8
0
62
7.0
100
AcDbLine
10
640.6279266364188
20
1328.8154296875
11
660.4269165097187
21
1348.6144195607
0
LINE
5
50A
100
AcDbEntity
8
0
62
7.0
100
AcDbLine
10
660.4269165097187
20
1309.0164398143
11
640.6279266364188
21
1328.8154296875
0
ARC
5
50B
100
AcDbEntity
8
0
62
7.0
100
AcDbCircle
10
608.107968140325
20
1627.266357421875
40
28.0
50
-45.0
51
45.0
0
LINE
5
50C
100
AcDbEntity
8
0
62
7.0
100
AcDbLine
10
608.107968140325
20
1627.266357421875
11
627.906958013625
21
1647.065347295075
0
LINE
5
50D
100
AcDbEntity
8
0
62
7.0
100
AcDbLine
10
627.906958013625
20
1607.467367548675
11
608.107968140325
21
1627.266357421875
0
ARC
5
50E
100
AcDbEntity
8
0
62
7.0
100
AcDbCircle
10
699.6848785393624
20
382.33343505859375
40
28.0
50
135.0
51
225.0
0
LINE
5
50F
100
AcDbEntity
8
0
62
7.0
100
AcDbLine
10
699.6848785393624
20
382.33343505859375
11
679.8858886660626
21
362.53444518539374
0
LINE
5
510
100
AcDbEntity
8
0
62
7.0
100
AcDbLine
10
679.8858886660626
20
402.13242493179376
11
699.6848785393624
21
382.33343505859375
0
ARC
5
511
100
AcDbEntity
8
0
62
7.0
100
AcDbCircle
10
655.7612915039063
20
1418.6747406012626
40
28.0
50
45.0
51
135.0
0
LINE
5
512
100
AcDbEntity
8
0
62
7.0
100
AcDbLine
10
655.7612915039063
20
1418.6747406012626
11
635.9623016307063
21
1438.4737304745624
0
LINE
5
513
100
AcDbEntity
8
0
62
7.0
100
AcDbLine
10
675.5602813771062
20
1438.4737304745624
11
655.7612915039063
21
1418.6747406012626
0
ARC
5
514
100
AcDbEntity
8
0
62
7.0
100
AcDbCircle
10
668.5152557379813
20
577.19970703125
40
28.0
50
-45.0
51
45.0
0
LINE
5
515
100
AcDbEntity
8
0
62
7.0
100
AcDbLine
10
668.5152557379813
20
577.19970703125
11
688.3142456112812
21
596.99869690445
0
LINE
5
516
100
AcDbEntity
8
0
62
7.0
100
AcDbLine
10
688.3142456112812
20
557.40071715805
11
668.5152557379813
21
577.19970703125
0
ARC
5
517
100
AcDbEntity
8
0
62
7.0
100
AcDbCircle
10
676.8992309570313
20
1119.2735015862374
40
28.0
50
-135.0
51
-45.0
0
LINE
5
518
100
AcDbEntity
8
0
62
7.0
100
AcDbLine
10
676.8992309570313
20
1119.2735015862374
11
696.6982208302312
21
1099.4745117129376
0
LINE
5
519
100
AcDbEntity
8
0
62
7.0
100
AcDbLine
10
657.1002410838313
20
1099.4745117129376
11
676.8992309570313
21
1119.2735015862374
0
ARC
5
51A
100
AcDbEntity
8
0
62
7.0
100
AcDbCircle
10
598.6198089606376
20
1899.527099609375
40
28.0
50
-45.0
51
45.0
0
LINE
5
51B
100
AcDbEntity
8
0
62
7.0
100
AcDbLine
10
598.6198089606376
20
1899.527099609375
11
618.4187988339374
21
1919.326089482575
0
LINE
5
51C
100
AcDbEntity
8
0
62
7.0
100
AcDbLine
10
618.4187988339374
20
1879.728109736175
11
598.6198089606376
21
1899.527099609375
0
ARC
5
51D
100
AcDbEntity
8
0
62
7.0
100
AcDbCircle
10
664.908203125
20
1085.7971832268624
40
28.0
50
-135.0
51
-45.0
0
LINE
5
51E
100
AcDbEntity
8
0
62
7.0
100
AcDbLine
10
664.908203125
20
1085.7971832268624
11
684.7071929982
21
1065.9981933535626
0
LINE
5
51F
100
AcDbEntity
8
0
62
7.0
100
AcDbLine
10
645.1092132518
20
1065.9981933535626
11
664.908203125
21
1085.7971832268624
0
ARC
5
520
100
AcDbEntity
8
0
62
7.0
100
AcDbCircle
10
653.9531219489188
20
969.5436401367188
40
28.0
50
-45.0
51
45.0
0
LINE
5
521
100
AcDbEntity
8
0
62
7.0
100
AcDbLine
10
653.9531219489188
20
969.5436401367188
11
673.7521118222187
21
989.3426300099187
0
LINE
5
522
100
AcDbEntity
8
0
62
7.0
100
AcDbLine
10
673.7521118222187
20
949.7446502635188
11
653.9531219489188
21
969.5436401367188
0
ARC
5
523
100
AcDbEntity
8
0
62
7.0
100
AcDbCircle
10
647.8750640862374
20
1852.5567626953125
40
28.0
50
135.0
51
225.0
0
LINE
5
524
100
AcDbEntity
8
0
62
7.0
100
AcDbLine
10
647.8750640862374
20
1852.5567626953125
11
628.0760742129376
21
1832.7577728221124
0
LINE
5
525
100
AcDbEntity
8
0
62
7.0
100
AcDbLine
10
628.0760742129376
20
1872.3557525685126
11
647.8750640862374
21
1852.5567626953125
0
ARC
5
526
100
AcDbEntity
8
0
62
7.0
100
AcDbCircle
10
663.553164672175
20
1477.323974609375
40
28.0
50
135.0
51
225.0
0
LINE
5
527
100
AcDbEntity
8
0
62
7.0
100
AcDbLine
10
663.553164672175
20
1477.323974609375
11
643.754174798875
21
1457.524984736175
0
LINE
5
528
100
AcDbEntity
8
0
62
7.0
100
AcDbLine
10
643.754174798875
20
1497.122964482575
11
663.553164672175
21
1477.323974609375
0
ARC
5
529
100
AcDbEntity
8
0
62
7.0
100
AcDbCircle
10
674.4203491210938
20
933.2066070549876
40
28.0
50
-135.0
51
-45.0
0
LINE
5
52A
100
AcDbEntity
8
0
62
7.0
100
AcDbLine
10
674.4203491210938
20
933.2066070549876
11
694.2193389942937
21
913.4076171816877
0
LINE
5
52B
100
AcDbEntity
8
0
62
7.0
100
AcDbLine
10
654.6213592478938
20
913.4076171816876
11
674.4203491210938
21
933.2066070549876
0
ARC
5
52C
100
AcDbEntity
8
0
62
7.0
100
AcDbCircle
10
672.4307830817313
20
940.8634033203124
40
28.0
50
-45.0
51
45.0
0
LINE
5
52D
100
AcDbEntity
8
0
62
7.0
100
AcDbLine
10
672.4307830817313
20
940.8634033203124
11
692.2297729550312
21
960.6623931935123
0
LINE
5
52E
100
AcDbEntity
8
0
62
7.0
100
AcDbLine
10
692.2297729550312
20
921.0644134471124
11
672.4307830817313
21
940.8634033203124
0
ARC
5
52F
100
AcDbEntity
8
0
62
7.0
100
AcDbCircle
10
600.53204040595
20
1679.76806640625
40
28.0
50
-45.0
51
45.0
0
LINE
5
530
100
AcDbEntity
8
0
62
7.0
100
AcDbLine
10
600.53204040595
20
1679.76806640625
11
620.33103027925
21
1699.56705627945
0
LINE
5
531
100
AcDbEntity
8
0
62
7.0
100
AcDbLine
10
620.33103027925
20
1659.96907653305
11
600.53204040595
21
1679.76806640625
0
ARC
5
532
100
AcDbEntity
8
0
62
7.0
100
AcDbCircle
10
664.177792359075
20
672.0894775390625
40
28.0
50
-45.0
51
45.0
0
LINE
5
533
100
AcDbEntity
8
0
62
7.0
100
AcDbLine
10
664.177792359075
20
672.0894775390625
11
683.976782232375
21
691.8884674122625
0
LINE
5
534
100
AcDbEntity
8
0
62
7.0
100
AcDbLine
10
683.976782232375
20
652.2904876658625
11
664.177792359075
21
672.0894775390625
0
ARC
5
535
100
AcDbEntity
8
0
62
7.0
100
AcDbCircle
10
647.4846771247
20
1272.430908203125
40
28.0
50
-45.0
51
45.0
0
LINE
5
536
100
AcDbEntity
8
0
62
7.0
100
AcDbLine
10
647.4846771247
20
1272.430908203125
11
667.283666998
21
1292.229898076325
0
LINE
5
537
100
AcDbEntity
8
0
62
7.0
100
AcDbLine
10
667.283666998
20
1252.631918329925
11
647.4846771247
21
1272.430908203125
0
ARC
5
538
100
AcDbEntity
8
0
62
7.0
100
AcDbCircle
10
696.6374542229562
20
1306.7813720703125
40
28.0
50
135.0
51
225.0
0
LINE
5
539
100
AcDbEntity
8
0
62
7.0
100
AcDbLine
10
696.6374542229562
20
1306.7813720703125
11
676.8384643496563
21
1286.9823821971124
0
LINE
5
53A
100
AcDbEntity
8
0
62
7.0
100
AcDbLine
10
676.8384643496563
20
1326.5803619435126
11
696.6374542229562
21
1306.7813720703125
0
ARC
5
53B
100
AcDbEntity
8
0
62
7.0
100
AcDbCircle
10
664.50995178155
20
1566.4134521484375
40
28.0
50
135.0
51
225.0
0
LINE
5
53C
100
AcDbEntity
8
0
62
7.0
100
AcDbLine
10
664.50995178155
20
1566.4134521484375
11
644.71096190825
21
1546.6144622752374
0
LINE
5
53D
100
AcDbEntity
8
0
62
7.0
100
AcDbLine
10
644.71096190825
20
1586.2124420216376
11
664.50995178155
21
1566.4134521484375
0
ARC
5
53E
100
AcDbEntity
8
0
62
7.0
100
AcDbCircle
10
670.5589569098563
20
477.4916687011719
40
28.0
50
-45.0
51
45.0
0
LINE
5
53F
100
AcDbEntity
8
0
62
7.0
100
AcDbLine
10
670.5589569098563
20
477.4916687011719
11
690.3579467831562
21
497.2906585743719
0
LINE
5
540
100
AcDbEntity
8
0
62
7.0
100
AcDbLine
10
690.3579467831562
20
457.69267882797186
11
670.5589569098563
21
477.4916687011719
0
ARC
5
541
100
AcDbEntity
8
0
62
7.0
100
AcDbCircle
10
657.1532592773438
20
1541.7946197503
40
28.0
50
-135.0
51
-45.0
0
LINE
5
542
100
AcDbEntity
8
0
62
7.0
100
AcDbLine
10
657.1532592773438
20
1541.7946197503
11
676.9522491505437
21
1521.995629877
0
LINE
5
543
100
AcDbEntity
8
0
62
7.0
100
AcDbLine
10
637.3542694041438
20
1521.995629877
11
657.1532592773438
21
1541.7946197503
0
ARC
5
544
100
AcDbEntity
8
0
62
7.0
100
AcDbCircle
10
696.3637725823312
20
1351.2025146484375
40
28.0
50
135.0
51
225.0
0
LINE
5
545
100
AcDbEntity
8
0
62
7.0
100
AcDbLine
10
696.3637725823312
20
1351.2025146484375
11
676.5647827090313
21
1331.4035247752374
0
LINE
5
546
100
AcDbEntity
8
0
62
7.0
100
AcDbLine
10
676.5647827090313
20
1371.0015045216376
11
696.3637725823312
21
1351.2025146484375
0
ARC
5
547
100
AcDbEntity
8
0
62
7.0
100
AcDbCircle
10
631.3988006598563
20
1605.1861572265625
40
28.0
50
-45.0
51
45.0
0
LINE
5
548
100
AcDbEntity
8
0
62
7.0
100
AcDbLine
10
631.3988006598563
20
1605.1861572265625
11
651.1977905331562
21
1624.9851470997626
0
LINE
5
549
100
AcDbEntity
8
0
62
7.0
100
AcDbLine
10
651.1977905331562
20
1585.3871673533624
11
631.3988006598563
21
1605.1861572265625
0
ARC
5
54A
100
AcDbEntity
8
0
62
7.0
100
AcDbCircle
10
623.3995330817313
20
1919.806396484375
40
28.0
50
-45.0
51
45.0
0
LINE
5
54B
100
AcDbEntity
8
0
62
7.0
100
AcDbLine
10
623.3995330817313
20
1919.806396484375
11
643.1985229550312
21
1939.605386357575
0
LINE
5
54C
100
AcDbEntity
8
0
62
7.0
100
AcDbLine
10
643.1985229550312
20
1900.007406611175
11
623.3995330817313
21
1919.806396484375
0
ARC
5
54D
100
AcDbEntity
8
0
62
7.0
100
AcDbCircle
10
686.5584716796875
20
1118.90606384345
40
28.0
50
45.0
51
135.0
0
LINE
5
54E
100
AcDbEntity
8
0
62
7.0
100
AcDbLine
10
686.5584716796875
20
1118.90606384345
11
666.7594818064875
21
1138.70505371675
0
LINE
5
54F
100
AcDbEntity
8
0
62
7.0
100
AcDbLine
10
706.3574615528875
20
1138.70505371675
11
686.5584716796875
21
1118.90606384345
0
ARC
5
550
100
AcDbEntity
8
0
62
7.0
100
AcDbCircle
10
634.7590911872
20
1833.782958984375
40
28.0
50
-45.0
51
45.0
0
LINE
5
551
100
AcDbEntity
8
0
62
7.0
100
AcDbLine
10
634.7590911872
20
1833.782958984375
11
654.5580810605
21
1853.581948857575
0
LINE
5
552
100
AcDbEntity
8
0
62
7.0
100
AcDbLine
10
654.5580810605
20
1813.983969111175
11
634.7590911872
21
1833.782958984375
0
ARC
5
553
100
AcDbEntity
8
0
62
7.0
100
AcDbCircle
10
643.0154418945313
20
1676.9401275628
40
28.0
50
-135.0
51
-45.0
0
LINE
5
554
100
AcDbEntity
8
0
62
7.0
100
AcDbLine
10
643.0154418945313
20
1676.9401275628
11
662.8144317677312
21
1657.1411376895
0
LINE
5
555
100
AcDbEntity
8
0
62
7.0
100
AcDbLine
10
623.2164520213313
20
1657.1411376895
11
643.0154418945313
21
1676.9401275628
0
ARC
5
556
100
AcDbEntity
8
0
62
7.0
100
AcDbCircle
10
647.446044921875
20
1897.933535765925
40
28.0
50
-135.0
51
-45.0
0
LINE
5
557
100
AcDbEntity
8
0
62
7.0
100
AcDbLine
10
647.446044921875
20
1897.933535765925
11
667.245034795075
21
1878.134545892625
0
LINE
5
558
100
AcDbEntity
8
0
62
7.0
100
AcDbLine
10
627.647055048675
20
1878.134545892625
11
647.446044921875
21
1897.933535765925
0
ARC
5
559
100
AcDbEntity
8
0
62
7.0
100
AcDbCircle
10
665.6962249762626
20
1570.885986328125
40
28.0
50
-45.0
51
45.0
0
LINE
5
55A
100
AcDbEntity
8
0
62
7.0
100
AcDbLine
10
665.6962249762626
20
1570.885986328125
11
685.4952148495624
21
1590.684976201325
0
LINE
5
55B
100
AcDbEntity
8
0
62
7.0
100
AcDbLine
10
685.4952148495624
20
1551.086996454925
11
665.6962249762626
21
1570.885986328125
0
ARC
5
55C
100
AcDbEntity
8
0
62
7.0
100
AcDbCircle
10
675.17950134345
20
1171.5772705078125
40
28.0
50
-45.0
51
45.0
0
LINE
5
55D
100
AcDbEntity
8
0
62
7.0
100
AcDbLine
10
675.17950134345
20
1171.5772705078125
11
694.97849121675
21
1191.3762603810126
0
LINE
5
55E
100
AcDbEntity
8
0
62
7.0
100
AcDbLine
10
694.97849121675
20
1151.7782806346124
11
675.17950134345
21
1171.5772705078125
0
ARC
5
55F
100
AcDbEntity
8
0
62
7.0
100
AcDbCircle
10
683.2484741210938
20
1622.6572906487374
40
28.0
50
-135.0
51
-45.0
0
LINE
5
560
100
AcDbEntity
8
0
62
7.0
100
AcDbLine
10
683.2484741210938
20
1622.6572906487374
11
703.0474639942937
21
1602.8583007754376
0
LINE
5
561
100
AcDbEntity
8
0
62
7.0
100
AcDbLine
10
663.4494842478938
20
1602.8583007754376
11
683.2484741210938
21
1622.6572906487374
0
ARC
5
562
100
AcDbEntity
8
0
62
7.0
100
AcDbCircle
10
704.069766234675
20
1252.0830078125
40
28.0
50
135.0
51
225.0
0
LINE
5
563
100
AcDbEntity
8
0
62
7.0
100
AcDbLine
10
704.069766234675
20
1252.0830078125
11
684.270776361375
21
1232.2840179393
0
LINE
5
564
100
AcDbEntity
8
0
62
7.0
100
AcDbLine
10
684.270776361375
20
1271.8819976857
11
704.069766234675
21
1252.0830078125
0
ARC
5
565
100
AcDbEntity
8
0
62
7.0
100
AcDbCircle
10
655.9054534918876
20
1463.5931396484375
40
28.0
50
-45.0
51
45.0
0
LINE
5
566
100
AcDbEntity
8
0
62
7.0
100
AcDbLine
10
655.9054534918876
20
1463.5931396484375
11
675.7044433651874
21
1483.3921295216376
0
LINE
5
567
100
AcDbEntity
8
0
62
7.0
100
AcDbLine
10
675.7044433651874
20
1443.7941497752374
11
655.9054534918876
21
1463.5931396484375
0
ARC
5
568
100
AcDbEntity
8
0
62
7.0
100
AcDbCircle
10
692.984317015925
20
1848.076416015625
40
28.0
50
135.0
51
225.0
0
LINE
5
569
100
AcDbEntity
8
0
62
7.0
100
AcDbLine
10
692.984317015925
20
1848.076416015625
11
673.185327142625
21
1828.277426142425
0
LINE
5
56A
100
AcDbEntity
8
0
62
7.0
100
AcDbLine
10
673.185327142625
20
1867.875405888825
11
692.984317015925
21
1848.076416015625
0
ARC
5
56B
100
AcDbEntity
8
0
62
7.0
100
AcDbCircle
10
665.3132934570313
20
1653.7334625237374
40
28.0
50
-135.0
51
-45.0
0
LINE
5
56C
100
AcDbEntity
8
0
62
7.0
100
AcDbLine
10
665.3132934570313
20
1653.7334625237374
11
685.1122833302312
21
1633.9344726504376
0
LINE
5
56D
100
AcDbEntity
8
0
62
7.0
100
AcDbLine
10
645.5143035838313
20
1633.9344726504376
11
665.3132934570313
21
1653.7334625237374
0
ARC
5
56E
100
AcDbEntity
8
0
62
7.0
100
AcDbCircle
10
678.6674774176688
20
1283.1434326171875
40
28.0
50
-45.0
51
45.0
0
LINE
5
56F
100
AcDbEntity
8
0
62
7.0
100
AcDbLine
10
678.6674774176688
20
1283.1434326171875
11
698.4664672909687
21
1302.9424224903876
0
LINE
5
570
100
AcDbEntity
8
0
62
7.0
100
AcDbLine
10
698.4664672909687
20
1263.3444427439874
11
678.6674774176688
21
1283.1434326171875
0
ARC
5
571
100
AcDbEntity
8
0
62
7.0
100
AcDbCircle
10
649.6844451911063
20
1901.3603515625
40
28.0
50
-45.0
51
45.0
0
LINE
5
572
100
AcDbEntity
8
0
62
7.0
100
AcDbLine
10
649.6844451911063
20
1901.3603515625
11
669.4834350644062
21
1921.1593414357
0
LINE
5
573
100
AcDbEntity
8
0
62
7.0
100
AcDbLine
10
669.4834350644062
20
1881.5613616893
11
649.6844451911063
21
1901.3603515625
0
ARC
5
574
100
AcDbEntity
8
0
62
7.0
100
AcDbCircle
10
678.0477294921875
20
1021.1190216057687
40
28.0
50
-135.0
51
-45.0
0
LINE
5
575
100
AcDbEntity
8
0
62
7.0
100
AcDbLine
10
678.0477294921875
20
1021.1190216057687
11
697.8467193653875
21
1001.3200317324688
0
LINE
5
576
100
AcDbEntity
8
0
62
7.0
100
AcDbLine
10
658.2487396189875
20
1001.3200317324687
11
678.0477294921875
21
1021.1190216057687
0
ARC
5
577
100
AcDbEntity
8
0
62
7.0
100
AcDbCircle
10
675.4379272460938
20
1515.4489166253
40
28.0
50
-135.0
51
-45.0
0
LINE
5
578
100
AcDbEntity
8
0
62
7.0
100
AcDbLine
10
675.4379272460938
20
1515.4489166253
11
695.2369171192937
21
1495.649926752
0
LINE
5
579
100
AcDbEntity
8
0
62
7.0
100
AcDbLine
10
655.6389373728938
20
1495.649926752
11
675.4379272460938
21
1515.4489166253
0
ARC
5
57A
100
AcDbEntity
8
0
62
7.0
100
AcDbCircle
10
657.4175415039063
20
1705.7652008049874
40
28.0
50
-135.0
51
-45.0
0
LINE
5
57B
100
AcDbEntity
8
0
62
7.0
100
AcDbLine
10
657.4175415039063
20
1705.7652008049874
11
677.2165313771062
21
1685.9662109316876
0
LINE
5
57C
100
AcDbEntity
8
0
62
7.0
100
AcDbLine
10
637.6185516307063
20
1685.9662109316876
11
657.4175415039063
21
1705.7652008049874
0
ARC
5
57D
100
AcDbEntity
8
0
62
7.0
100
AcDbCircle
10
669.99432678155
20
1957.48583984375
40
28.0
50
135.0
51
225.0
0
LINE
5
57E
100
AcDbEntity
8
0
62
7.0
100
AcDbLine
10
669.99432678155
20
1957.48583984375
11
650.19533690825
21
1937.68684997055
0
LINE
5
57F
100
AcDbEntity
8
0
62
7.0
100
AcDbLine
10
650.19533690825
20
1977.28482971695
11
669.99432678155
21
1957.48583984375
0
ARC
5
580
100
AcDbEntity
8
0
62
7.0
100
AcDbCircle
10
716.9786407463937
20
244.65045166015625
40
28.0
50
135.0
51
225.0
0
LINE
5
581
100
AcDbEntity
8
0
62
7.0
100
AcDbLine
10
716.9786407463937
20
244.65045166015625
11
697.1796508730938
21
224.85146178695624
0
LINE
5
582
100
AcDbEntity
8
0
62
7.0
100
AcDbLine
10
697.1796508730938
20
264.44944153335626
11
716.9786407463937
21
244.65045166015625
0
ARC
5
583
100
AcDbEntity
8
0
62
7.0
100
AcDbCircle
10
691.8819000237374
20
1392.0540771484375
40
28.0
50
135.0
51
225.0
0
LINE
5
584
100
AcDbEntity
8
0
62
7.0
100
AcDbLine
10
691.8819000237374
20
1392.0540771484375
11
672.0829101504376
21
1372.2550872752374
0
LINE
5
585
100
AcDbEntity
8
0
62
7.0
100
AcDbLine
10
672.0829101504376
20
1411.8530670216376
11
691.8819000237374
21
1392.0540771484375
0
ARC
5
586
100
AcDbEntity
8
0
62
7.0
100
AcDbCircle
10
677.0726318359375
20
1025.0101287848563
40
28.0
50
45.0
51
135.0
0
LINE
5
587
100
AcDbEntity
8
0
62
7.0
100
AcDbLine
10
677.0726318359375
20
1025.0101287848563
11
657.2736419627375
21
1044.8091186581562
0
LINE
5
588
100
AcDbEntity
8
0
62
7.0
100
AcDbLine
10
696.8716217091375
20
1044.8091186581562
11
677.0726318359375
21
1025.0101287848563
0
ARC
5
589
100
AcDbEntity
8
0
62
7.0
100
AcDbCircle
10
692.0333251953125
20
832.6258514411063
40
28.0
50
45.0
51
135.0
0
LINE
5
58A
100
AcDbEntity
8
0
62
7.0
100
AcDbLine
10
692.0333251953125
20
832.6258514411063
11
672.2343353221125
21
852.4248413144062
0
LINE
5
58B
100
AcDbEntity
8
0
62
7.0
100
AcDbLine
10
711.8323150685125
20
852.4248413144062
11
692.0333251953125
21
832.6258514411063
0
ARC
5
58C
100
AcDbEntity
8
0
62
7.0
100
AcDbCircle
10
710.4068634026437
20
620.2017211914063
40
28.0
50
135.0
51
225.0
0
LINE
5
58D
100
AcDbEntity
8
0
62
7.0
100
AcDbLine
10
710.4068634026437
20
620.2017211914063
11
690.6078735293438
21
600.4027313182063
0
LINE
5
58E
100
AcDbEntity
8
0
62
7.0
100
AcDbLine
10
690.6078735293438
20
640.0007110646062
11
710.4068634026437
21
620.2017211914063
0
ARC
5
58F
100
AcDbEntity
8
0
62
7.0
100
AcDbCircle
10
705.9777862542062
20
1880.5372314453125
40
28.0
50
135.0
51
225.0
0
LINE
5
590
100
AcDbEntity
8
0
62
7.0
100
AcDbLine
10
705.9777862542062
20
1880.5372314453125
11
686.1787963809063
21
1860.7382415721124
0
LINE
5
591
100
AcDbEntity
8
0
62
7.0
100
AcDbLine
10
686.1787963809063
20
1900.3362213185126
11
705.9777862542062
21
1880.5372314453125
0
ARC
5
592
100
AcDbEntity
8
0
62
7.0
100
AcDbCircle
10
684.3563812262626
20
1627.2117919921875
40
28.0
50
-45.0
51
45.0
0
LINE
5
593
100
AcDbEntity
8
0
62
7.0
100
AcDbLine
10
684.3563812262626
20
1627.2117919921875
11
704.1553710995624
21
1647.0107818653876
0
LINE
5
594
100
AcDbEntity
8
0
62
7.0
100
AcDbLine
10
704.1553710995624
20
1607.4128021189874
11
684.3563812262626
21
1627.2117919921875
0
ARC
5
595
100
AcDbEntity
8
0
62
7.0
100
AcDbCircle
10
708.2829010003
20
1528.4102783203125
40
28.0
50
135.0
51
225.0
0
LINE
5
596
100
AcDbEntity
8
0
62
7.0
100
AcDbLine
10
708.2829010003
20
1528.4102783203125
11
688.483911127
21
1508.6112884471124
0
LINE
5
597
100
AcDbEntity
8
0
62
7.0
100
AcDbLine
10
688.483911127
20
1548.2092681935126
11
708.2829010003
21
1528.4102783203125
0
ARC
5
598
100
AcDbEntity
8
0
62
7.0
100
AcDbCircle
10
686.3166473395438
20
741.1817016601563
40
28.0
50
-45.0
51
45.0
0
LINE
5
599
100
AcDbEntity
8
0
62
7.0
100
AcDbLine
10
686.3166473395438
20
741.1817016601563
11
706.1156372128437
21
760.9806915333562
0
LINE
5
59A
100
AcDbEntity
8
0
62
7.0
100
AcDbLine
10
706.1156372128437
20
721.3827117869563
11
686.3166473395438
21
741.1817016601563
0
ARC
5
59B
100
AcDbEntity
8
0
62
7.0
100
AcDbCircle
10
672.0076293945313
20
1953.8141510003
40
28.0
50
-135.0
51
-45.0
0
LINE
5
59C
100
AcDbEntity
8
0
62
7.0
100
AcDbLine
10
672.0076293945313
20
1953.8141510003
11
691.8066192677312
21
1934.015161127
0
LINE
5
59D
100
AcDbEntity
8
0
62
7.0
100
AcDbLine
10
652.2086395213313
20
1934.015161127
11
672.0076293945313
21
1953.8141510003
0
ARC
5
59E
100
AcDbEntity
8
0
62
7.0
100
AcDbCircle
10
701.91943359375
20
1969.2174713128
40
28.0
50
-135.0
51
-45.0
0
LINE
5
59F
100
AcDbEntity
8
0
62
7.0
100
AcDbLine
10
701.91943359375
20
1969.2174713128
11
721.71842346695
21
1949.4184814395
0
LINE
5
5A0
100
AcDbEntity
8
0
62
7.0
100
AcDbLine
10
682.12044372055
20
1949.4184814395
11
701.91943359375
21
1969.2174713128
0
ARC
5
5A1
100
AcDbEntity
8
0
62
7.0
100
AcDbCircle
10
696.7073364257813
20
498.3033721930594
40
28.0
50
45.0
51
135.0
0
LINE
5
5A2
100
AcDbEntity
8
0
62
7.0
100
AcDbLine
10
696.7073364257813
20
498.3033721930594
11
676.9083465525813
21
518.1023620663593
0
LINE
5
5A3
100
AcDbEntity
8
0
62
7.0
100
AcDbLine
10
716.5063262989812
20
518.1023620663593
11
696.7073364257813
21
498.3033721930594
0
ARC
5
5A4
100
AcDbEntity
8
0
62
7.0
100
AcDbCircle
10
679.9703948981376
20
1329.113037109375
40
28.0
50
-45.0
51
45.0
0
LINE
5
5A5
100
AcDbEntity
8
0
62
7.0
100
AcDbLine
10
679.9703948981376
20
1329.113037109375
11
699.7693847714374
21
1348.912026982575
0
LINE
5
5A6
100
AcDbEntity
8
0
62
7.0
100
AcDbLine
10
699.7693847714374
20
1309.314047236175
11
679.9703948981376
21
1329.113037109375
0
ARC
5
5A7
100
AcDbEntity
8
0
62
7.0
100
AcDbCircle
10
680.7410858161063
20
888.4769287109375
40
28.0
50
-45.0
51
45.0
0
LINE
5
5A8
100
AcDbEntity
8
0
62
7.0
100
AcDbLine
10
680.7410858161063
20
888.4769287109375
11
700.5400756894062
21
908.2759185841375
0
LINE
5
5A9
100
AcDbEntity
8
0
62
7.0
100
AcDbLine
10
700.5400756894062
20
868.6779388377375
11
680.7410858161063
21
888.4769287109375
0
ARC
5
5AA
100
AcDbEntity
8
0
62
7.0
100
AcDbCircle
10
683.8140838629813
20
1021.0228271484376
40
28.0
50
-45.0
51
45.0
0
LINE
5
5AB
100
AcDbEntity
8
0
62
7.0
100
AcDbLine
10
683.8140838629813
20
1021.0228271484376
11
703.6130737362812
21
1040.8218170216376
0
LINE
5
5AC
100
AcDbEntity
8
0
62
7.0
100
AcDbLine
10
703.6130737362812
20
1001.2238372752377
11
683.8140838629813
21
1021.0228271484376
0
ARC
5
5AD
100
AcDbEntity
8
0
62
7.0
100
AcDbCircle
10
697.0038452148438
20
31.96899719170625
40
28.0
50
-135.0
51
-45.0
0
LINE
5
5AE
100
AcDbEntity
8
0
62
7.0
100
AcDbLine
10
697.0038452148438
20
31.96899719170625
11
716.8028350880437
21
12.170007318406252
0
LINE
5
5AF
100
AcDbEntity
8
0
62
7.0
100
AcDbLine
10
677.2048553416438
20
12.170007318406245
11
697.0038452148438
21
31.96899719170625
0
ARC
5
5B0
100
AcDbEntity
8
0
62
7.0
100
AcDbCircle
10
678.59747009345
20
294.9990234375
40
28.0
50
-45.0
51
45.0
0
LINE
5
5B1
100
AcDbEntity
8
0
62
7.0
100
AcDbLine
10
678.59747009345
20
294.9990234375
11
698.39645996675
21
314.7980133107
0
LINE
5
5B2
100
AcDbEntity
8
0
62
7.0
100
AcDbLine
10
698.39645996675
20
275.2000335643
11
678.59747009345
21
294.9990234375
0
ARC
5
5B3
100
AcDbEntity
8
0
62
7.0
100
AcDbCircle
10
718.3162872307687
20
409.1619567871094
40
28.0
50
135.0
51
225.0
0
LINE
5
5B4
100
AcDbEntity
8
0
62
7.0
100
AcDbLine
10
718.3162872307687
20
409.1619567871094
11
698.5172973574688
21
389.36296691390936
0
LINE
5
5B5
100
AcDbEntity
8
0
62
7.0
100
AcDbLine
10
698.5172973574688
20
428.9609466603094
11
718.3162872307687
21
409.1619567871094
0
ARC
5
5B6
100
AcDbEntity
8
0
62
7.0
100
AcDbCircle
10
696.2869262695313
20
822.5694610588937
40
28.0
50
-135.0
51
-45.0
0
LINE
5
5B7
100
AcDbEntity
8
0
62
7.0
100
AcDbLine
10
696.2869262695313
20
822.5694610588937
11
716.0859161427312
21
802.7704711855938
0
LINE
5
5B8
100
AcDbEntity
8
0
62
7.0
100
AcDbLine
10
676.4879363963313
20
802.7704711855937
11
696.2869262695313
21
822.5694610588937
0
ARC
5
5B9
100
AcDbEntity
8
0
62
7.0
100
AcDbCircle
10
702.5662841796875
20
963.7658660895438
40
28.0
50
45.0
51
135.0
0
LINE
5
5BA
100
AcDbEntity
8
0
62
7.0
100
AcDbLine
10
702.5662841796875
20
963.7658660895438
11
682.7672943064875
21
983.5648559628437
0
LINE
5
5BB
100
AcDbEntity
8
0
62
7.0
100
AcDbLine
10
722.3652740528875
20
983.5648559628437
11
702.5662841796875
21
963.7658660895438
0
ARC
5
5BC
100
AcDbEntity
8
0
62
7.0
100
AcDbCircle
10
684.43798828125
20
1441.5520660393624
40
28.0
50
-135.0
51
-45.0
0
LINE
5
5BD
100
AcDbEntity
8
0
62
7.0
100
AcDbLine
10
684.43798828125
20
1441.5520660393624
11
704.23697815445
21
1421.7530761660626
0
LINE
5
5BE
100
AcDbEntity
8
0
62
7.0
100
AcDbLine
10
664.63899840805
20
1421.7530761660626
11
684.43798828125
21
1441.5520660393624
0
ARC
5
5BF
100
AcDbEntity
8
0
62
7.0
100
AcDbCircle
10
687.5859344489188
20
1114.250732421875
40
28.0
50
-45.0
51
45.0
0
LINE
5
5C0
100
AcDbEntity
8
0
62
7.0
100
AcDbLine
10
687.5859344489188
20
1114.250732421875
11
707.3849243222187
21
1134.049722295075
0
LINE
5
5C1
100
AcDbEntity
8
0
62
7.0
100
AcDbLine
10
707.3849243222187
20
1094.451742548675
11
687.5859344489188
21
1114.250732421875
0
ARC
5
5C2
100
AcDbEntity
8
0
62
7.0
100
AcDbCircle
10
715.3701812737374
20
1456.0736083984375
40
28.0
50
135.0
51
225.0
0
LINE
5
5C3
100
AcDbEntity
8
0
62
7.0
100
AcDbLine
10
715.3701812737374
20
1456.0736083984375
11
695.5711914004376
21
1436.2746185252374
0
LINE
5
5C4
100
AcDbEntity
8
0
62
7.0
100
AcDbLine
10
695.5711914004376
20
1475.8725982716376
11
715.3701812737374
21
1456.0736083984375
0
ARC
5
5C5
100
AcDbEntity
8
0
62
7.0
100
AcDbCircle
10
699.0861206054688
20
1223.179141234675
40
28.0
50
-135.0
51
-45.0
0
LINE
5
5C6
100
AcDbEntity
8
0
62
7.0
100
AcDbLine
10
699.0861206054688
20
1223.179141234675
11
718.8851104786687
21
1203.380151361375
0
LINE
5
5C7
100
AcDbEntity
8
0
62
7.0
100
AcDbLine
10
679.2871307322688
20
1203.380151361375
11
699.0861206054688
21
1223.179141234675
0
ARC
5
5C8
100
AcDbEntity
8
0
62
7.0
100
AcDbCircle
10
698.0849578864188
20
493.9743957519531
40
28.0
50
-45.0
51
45.0
0
LINE
5
5C9
100
AcDbEntity
8
0
62
7.0
100
AcDbLine
10
698.0849578864188
20
493.9743957519531
11
717.8839477597187
21
513.7733856251531
0
LINE
5
5CA
100
AcDbEntity
8
0
62
7.0
100
AcDbLine
10
717.8839477597187
20
474.1754058787531
11
698.0849578864188
21
493.9743957519531
0
ARC
5
5CB
100
AcDbEntity
8
0
62
7.0
100
AcDbCircle
10
694.5598114020438
20
76.43058013916016
40
28.0
50
-45.0
51
45.0
0
LINE
5
5CC
100
AcDbEntity
8
0
62
7.0
100
AcDbLine
10
694.5598114020438
20
76.43058013916016
11
714.3588012753437
21
96.22957001236016
0
LINE
5
5CD
100
AcDbEntity
8
0
62
7.0
100
AcDbLine
10
714.3588012753437
20
56.631590265960156
11
694.5598114020438
21
76.43058013916016
0
ARC
5
5CE
100
AcDbEntity
8
0
62
7.0
100
AcDbCircle
10
686.8627288825126
20
649.4161987304688
40
28.0
50
-45.0
51
45.0
0
LINE
5
5CF
100
AcDbEntity
8
0
62
7.0
100
AcDbLine
10
686.8627288825126
20
649.4161987304688
11
706.6617187558124
21
669.2151886036687
0
LINE
5
5D0
100
AcDbEntity
8
0
62
7.0
100
AcDbLine
10
706.6617187558124
20
629.6172088572688
11
686.8627288825126
21
649.4161987304688
0
ARC
5
5D1
100
AcDbEntity
8
0
62
7.0
100
AcDbCircle
10
689.8753021247
20
122.84683227539063
40
28.0
50
-45.0
51
45.0
0
LINE
5
5D2
100
AcDbEntity
8
0
62
7.0
100
AcDbLine
10
689.8753021247
20
122.84683227539063
11
709.674291998
21
142.64582214859064
0
LINE
5
5D3
100
AcDbEntity
8
0
62
7.0
100
AcDbLine
10
709.674291998
20
103.04784240219062
11
689.8753021247
21
122.84683227539063
0
ARC
5
5D4
100
AcDbEntity
8
0
62
7.0
100
AcDbCircle
10
695.8596160895438
20
777.0903930664063
40
28.0
50
-45.0
51
45.0
0
LINE
5
5D5
100
AcDbEntity
8
0
62
7.0
100
AcDbLine
10
695.8596160895438
20
777.0903930664063
11
715.6586059628437
21
796.8893829396062
0
LINE
5
5D6
100
AcDbEntity
8
0
62
7.0
100
AcDbLine
10
715.6586059628437
20
757.2914031932063
11
695.8596160895438
21
777.0903930664063
0
ARC
5
5D7
100
AcDbEntity
8
0
62
7.0
100
AcDbCircle
10
690.7445037848563
20
550.34130859375
40
28.0
50
-45.0
51
45.0
0
LINE
5
5D8
100
AcDbEntity
8
0
62
7.0
100
AcDbLine
10
690.7445037848563
20
550.34130859375
11
710.5434936581562
21
570.14029846695
0
LINE
5
5D9
100
AcDbEntity
8
0
62
7.0
100
AcDbLine
10
710.5434936581562
20
530.54231872055
11
690.7445037848563
21
550.34130859375
0
ARC
5
5DA
100
AcDbEntity
8
0
62
7.0
100
AcDbCircle
10
717.4796173088937
20
1914.4935302734375
40
28.0
50
135.0
51
225.0
0
LINE
5
5DB
100
AcDbEntity
8
0
62
7.0
100
AcDbLine
10
717.4796173088937
20
1914.4935302734375
11
697.6806274355938
21
1894.6945404002374
0
LINE
5
5DC
100
AcDbEntity
8
0
62
7.0
100
AcDbLine
10
697.6806274355938
20
1934.2925201466376
11
717.4796173088937
21
1914.4935302734375
0
ARC
5
5DD
100
AcDbEntity
8
0
62
7.0
100
AcDbCircle
10
723.1170074456124
20
349.939208984375
40
28.0
50
135.0
51
225.0
0
LINE
5
5DE
100
AcDbEntity
8
0
62
7.0
100
AcDbLine
10
723.1170074456124
20
349.939208984375
11
703.3180175723126
21
330.140219111175
0
LINE
5
5DF
100
AcDbEntity
8
0
62
7.0
100
AcDbLine
10
703.3180175723126
20
369.738198857575
11
723.1170074456124
21
349.939208984375
0
ARC
5
5E0
100
AcDbEntity
8
0
62
7.0
100
AcDbCircle
10
718.7520782463937
20
1374.266845703125
40
28.0
50
135.0
51
225.0
0
LINE
5
5E1
100
AcDbEntity
8
0
62
7.0
100
AcDbLine
10
718.7520782463937
20
1374.266845703125
11
698.9530883730938
21
1354.467855829925
0
LINE
5
5E2
100
AcDbEntity
8
0
62
7.0
100
AcDbLine
10
698.9530883730938
20
1394.065835576325
11
718.7520782463937
21
1374.266845703125
0
ARC
5
5E3
100
AcDbEntity
8
0
62
7.0
100
AcDbCircle
10
23.896909713745117
20
1945.4786956793876
40
28.0
50
45.0
51
135.0
0
LINE
5
5E4
100
AcDbEntity
8
0
62
7.0
100
AcDbLine
10
23.896909713745117
20
1945.4786956793876
11
4.097919840545117
21
1965.2776855526874
0
LINE
5
5E5
100
AcDbEntity
8
0
62
7.0
100
AcDbLine
10
43.69589958694512
20
1965.2776855526874
11
23.896909713745117
21
1945.4786956793876
0
ARC
5
5E6
100
AcDbEntity
8
0
62
7.0
100
AcDbCircle
10
661.5468109137626
20
1664.072509765625
40
28.0
50
-45.0
51
45.0
0
LINE
5
5E7
100
AcDbEntity
8
0
62
7.0
100
AcDbLine
10
661.5468109137626
20
1664.072509765625
11
681.3458007870624
21
1683.871499638825
0
LINE
5
5E8
100
AcDbEntity
8
0
62
7.0
100
AcDbLine
10
681.3458007870624
20
1644.273519892425
11
661.5468109137626
21
1664.072509765625
0
ARC
5
5E9
100
AcDbEntity
8
0
62
7.0
100
AcDbCircle
10
694.73223571845
20
163.44146728515625
40
28.0
50
-45.0
51
45.0
0
LINE
5
5EA
100
AcDbEntity
8
0
62
7.0
100
AcDbLine
10
694.73223571845
20
163.44146728515625
11
714.53122559175
21
183.24045715835626
0
LINE
5
5EB
100
AcDbEntity
8
0
62
7.0
100
AcDbLine
10
714.53122559175
20
143.64247741195624
11
694.73223571845
21
163.44146728515625
0
ARC
5
5EC
100
AcDbEntity
8
0
62
7.0
100
AcDbCircle
10
701.6418426520438
20
1149.1429443359375
40
28.0
50
-45.0
51
45.0
0
LINE
5
5ED
100
AcDbEntity
8
0
62
7.0
100
AcDbLine
10
701.6418426520438
20
1149.1429443359375
11
721.4408325253437
21
1168.9419342091376
0
LINE
5
5EE
100
AcDbEntity
8
0
62
7.0
100
AcDbLine
10
721.4408325253437
20
1129.3439544627374
11
701.6418426520438
21
1149.1429443359375
0
ARC
5
5EF
100
AcDbEntity
8
0
62
7.0
100
AcDbCircle
10
691.2877166754813
20
1485.8260498046875
40
28.0
50
-45.0
51
45.0
0
LINE
5
5F0
100
AcDbEntity
8
0
62
7.0
100
AcDbLine
10
691.2877166754813
20
1485.8260498046875
11
711.0867065487812
21
1505.6250396778876
0
LINE
5
5F1
100
AcDbEntity
8
0
62
7.0
100
AcDbLine
10
711.0867065487812
20
1466.0270599314874
11
691.2877166754813
21
1485.8260498046875
0
ARC
5
5F2
100
AcDbEntity
8
0
62
7.0
100
AcDbCircle
10
698.7252777106376
20
587.88623046875
40
28.0
50
-45.0
51
45.0
0
LINE
5
5F3
100
AcDbEntity
8
0
62
7.0
100
AcDbLine
10
698.7252777106376
20
587.88623046875
11
718.5242675839374
21
607.68522034195
0
LINE
5
5F4
100
AcDbEntity
8
0
62
7.0
100
AcDbLine
10
718.5242675839374
20
568.08724059555
11
698.7252777106376
21
587.88623046875
0
ARC
5
5F5
100
AcDbEntity
8
0
62
7.0
100
AcDbCircle
10
724.2961456292062
20
1557.8487548828125
40
28.0
50
135.0
51
225.0
0
LINE
5
5F6
100
AcDbEntity
8
0
62
7.0
100
AcDbLine
10
724.2961456292062
20
1557.8487548828125
11
704.4971557559063
21
1538.0497650096124
0
LINE
5
5F7
100
AcDbEntity
8
0
62
7.0
100
AcDbLine
10
704.4971557559063
20
1577.6477447560126
11
724.2961456292062
21
1557.8487548828125
0
ARC
5
5F8
100
AcDbEntity
8
0
62
7.0
100
AcDbCircle
10
718.9446441643624
20
1681.3397216796875
40
28.0
50
135.0
51
225.0
0
LINE
5
5F9
100
AcDbEntity
8
0
62
7.0
100
AcDbLine
10
718.9446441643624
20
1681.3397216796875
11
699.1456542910626
21
1661.5407318064874
0
LINE
5
5FA
100
AcDbEntity
8
0
62
7.0
100
AcDbLine
10
699.1456542910626
20
1701.1387115528876
11
718.9446441643624
21
1681.3397216796875
0
ARC
5
5FB
100
AcDbEntity
8
0
62
7.0
100
AcDbCircle
10
708.8529052734375
20
1837.8654144293876
40
28.0
50
45.0
51
135.0
0
LINE
5
5FC
100
AcDbEntity
8
0
62
7.0
100
AcDbLine
10
708.8529052734375
20
1837.8654144293876
11
689.0539154002375
21
1857.6644043026874
0
LINE
5
5FD
100
AcDbEntity
8
0
62
7.0
100
AcDbLine
10
728.6518951466375
20
1857.6644043026874
11
708.8529052734375
21
1837.8654144293876
0
ARC
5
5FE
100
AcDbEntity
8
0
62
7.0
100
AcDbCircle
10
703.43310546875
20
1078.87030334405
40
28.0
50
-135.0
51
-45.0
0
LINE
5
5FF
100
AcDbEntity
8
0
62
7.0
100
AcDbLine
10
703.43310546875
20
1078.87030334405
11
723.23209534195
21
1059.07131347075
0
LINE
5
600
100
AcDbEntity
8
0
62
7.0
100
AcDbLine
10
683.63411559555
20
1059.07131347075
11
703.43310546875
21
1078.87030334405
0
ARC
5
601
100
AcDbEntity
8
0
62
7.0
100
AcDbCircle
10
702.3522918707938
20
1352.1903076171875
40
28.0
50
-45.0
51
45.0
0
LINE
5
602
100
AcDbEntity
8
0
62
7.0
100
AcDbLine
10
702.3522918707938
20
1352.1903076171875
11
722.1512817440937
21
1371.9892974903876
0
LINE
5
603
100
AcDbEntity
8
0
62
7.0
100
AcDbLine
10
722.1512817440937
20
1332.3913177439874
11
702.3522918707938
21
1352.1903076171875
0
ARC
5
604
100
AcDbEntity
8
0
62
7.0
100
AcDbCircle
10
692.8061492926688
20
1235.130615234375
40
28.0
50
-45.0
51
45.0
0
LINE
5
605
100
AcDbEntity
8
0
62
7.0
100
AcDbLine
10
692.8061492926688
20
1235.130615234375
11
712.6051391659687
21
1254.929605107575
0
LINE
5
606
100
AcDbEntity
8
0
62
7.0
100
AcDbLine
10
712.6051391659687
20
1215.331625361175
11
692.8061492926688
21
1235.130615234375
0
ARC
5
607
100
AcDbEntity
8
0
62
7.0
100
AcDbCircle
10
700.8684661872
20
377.8497924804687
40
28.0
50
-45.0
51
45.0
0
LINE
5
608
100
AcDbEntity
8
0
62
7.0
100
AcDbLine
10
700.8684661872
20
377.8497924804687
11
720.6674560605
21
397.6487823536687
0
LINE
5
609
100
AcDbEntity
8
0
62
7.0
100
AcDbLine
10
720.6674560605
20
358.0508026072687
11
700.8684661872
21
377.8497924804687
0
ARC
5
60A
100
AcDbEntity
8
0
62
7.0
100
AcDbCircle
10
698.9627655036063
20
320.0919189453125
40
28.0
50
-45.0
51
45.0
0
LINE
5
60B
100
AcDbEntity
8
0
62
7.0
100
AcDbLine
10
698.9627655036063
20
320.0919189453125
11
718.7617553769062
21
339.8909088185125
0
LINE
5
60C
100
AcDbEntity
8
0
62
7.0
100
AcDbLine
10
718.7617553769062
20
300.2929290721125
11
698.9627655036063
21
320.0919189453125
0
ARC
5
60D
100
AcDbEntity
8
0
62
7.0
100
AcDbCircle
10
710.951416015625
20
1387.7299163825126
40
28.0
50
45.0
51
135.0
0
LINE
5
60E
100
AcDbEntity
8
0
62
7.0
100
AcDbLine
10
710.951416015625
20
1387.7299163825126
11
691.152426142425
21
1407.5289062558124
0
LINE
5
60F
100
AcDbEntity
8
0
62
7.0
100
AcDbLine
10
730.750405888825
20
1407.5289062558124
11
710.951416015625
21
1387.7299163825126
0
ARC
5
610
100
AcDbEntity
8
0
62
7.0
100
AcDbCircle
10
714.3896484375
20
1608.3294097893624
40
28.0
50
-135.0
51
-45.0
0
LINE
5
611
100
AcDbEntity
8
0
62
7.0
100
AcDbLine
10
714.3896484375
20
1608.3294097893624
11
734.1886383107
21
1588.5304199160626
0
LINE
5
612
100
AcDbEntity
8
0
62
7.0
100
AcDbLine
10
694.5906585643
20
1588.5304199160626
11
714.3896484375
21
1608.3294097893624
0
ARC
5
613
100
AcDbEntity
8
0
62
7.0
100
AcDbCircle
10
733.8120147698312
20
448.24273681640625
40
28.0
50
135.0
51
225.0
0
LINE
5
614
100
AcDbEntity
8
0
62
7.0
100
AcDbLine
10
733.8120147698312
20
448.24273681640625
11
714.0130248965313
21
428.44374694320624
0
LINE
5
615
100
AcDbEntity
8
0
62
7.0
100
AcDbLine
10
714.0130248965313
20
468.04172668960626
11
733.8120147698312
21
448.24273681640625
0
ARC
5
616
100
AcDbEntity
8
0
62
7.0
100
AcDbCircle
10
710.6376342773438
20
709.77948303155
40
28.0
50
-135.0
51
-45.0
0
LINE
5
617
100
AcDbEntity
8
0
62
7.0
100
AcDbLine
10
710.6376342773438
20
709.77948303155
11
730.4366241505437
21
689.98049315825
0
LINE
5
618
100
AcDbEntity
8
0
62
7.0
100
AcDbLine
10
690.8386444041438
20
689.9804931582499
11
710.6376342773438
21
709.77948303155
0
ARC
5
619
100
AcDbEntity
8
0
62
7.0
100
AcDbCircle
10
710.3296508789063
20
230.50097961358125
40
28.0
50
-135.0
51
-45.0
0
LINE
5
61A
100
AcDbEntity
8
0
62
7.0
100
AcDbLine
10
710.3296508789063
20
230.50097961358125
11
730.1286407521062
21
210.70198974028125
0
LINE
5
61B
100
AcDbEntity
8
0
62
7.0
100
AcDbLine
10
690.5306610057063
20
210.70198974028125
11
710.3296508789063
21
230.50097961358125
0
ARC
5
61C
100
AcDbEntity
8
0
62
7.0
100
AcDbCircle
10
719.3541870117188
20
54.93101043633515
40
28.0
50
-135.0
51
-45.0
0
LINE
5
61D
100
AcDbEntity
8
0
62
7.0
100
AcDbLine
10
719.3541870117188
20
54.93101043633515
11
739.1531768849187
21
35.132020563035155
0
LINE
5
61E
100
AcDbEntity
8
0
62
7.0
100
AcDbLine
10
699.5551971385188
20
35.13202056303514
11
719.3541870117188
21
54.93101043633515
0
ARC
5
61F
100
AcDbEntity
8
0
62
7.0
100
AcDbCircle
10
740.8030426018624
20
1704.9517822265625
40
28.0
50
135.0
51
225.0
0
LINE
5
620
100
AcDbEntity
8
0
62
7.0
100
AcDbLine
10
740.8030426018624
20
1704.9517822265625
11
721.0040527285626
21
1685.1527923533624
0
LINE
5
621
100
AcDbEntity
8
0
62
7.0
100
AcDbLine
10
721.0040527285626
20
1724.7507720997626
11
740.8030426018624
21
1704.9517822265625
0
ARC
5
622
100
AcDbEntity
8
0
62
7.0
100
AcDbCircle
10
741.7725250237374
20
1437.575439453125
40
28.0
50
135.0
51
225.0
0
LINE
5
623
100
AcDbEntity
8
0
62
7.0
100
AcDbLine
10
741.7725250237374
20
1437.575439453125
11
721.9735351504376
21
1417.776449579925
0
LINE
5
624
100
AcDbEntity
8
0
62
7.0
100
AcDbLine
10
721.9735351504376
20
1457.374429326325
11
741.7725250237374
21
1437.575439453125
0
ARC
5
625
100
AcDbEntity
8
0
62
7.0
100
AcDbCircle
10
726.2273559570313
20
1247.2799652106376
40
28.0
50
45.0
51
135.0
0
LINE
5
626
100
AcDbEntity
8
0
62
7.0
100
AcDbLine
10
726.2273559570313
20
1247.2799652106376
11
706.4283660838313
21
1267.0789550839374
0
LINE
5
627
100
AcDbEntity
8
0
62
7.0
100
AcDbLine
10
746.0263458302312
20
1267.0789550839374
11
726.2273559570313
21
1247.2799652106376
0
ARC
5
628
100
AcDbEntity
8
0
62
7.0
100
AcDbCircle
10
742.4675933831124
20
1008.6289672851563
40
28.0
50
135.0
51
225.0
0
LINE
5
629
100
AcDbEntity
8
0
62
7.0
100
AcDbLine
10
742.4675933831124
20
1008.6289672851563
11
722.6686035098126
21
988.8299774119563
0
LINE
5
62A
100
AcDbEntity
8
0
62
7.0
100
AcDbLine
10
722.6686035098126
20
1028.4279571583563
11
742.4675933831124
21
1008.6289672851563
0
ARC
5
62B
100
AcDbEntity
8
0
62
7.0
100
AcDbCircle
10
694.8273895270438
20
829.6902465820313
40
28.0
50
-45.0
51
45.0
0
LINE
5
62C
100
AcDbEntity
8
0
62
7.0
100
AcDbLine
10
694.8273895270438
20
829.6902465820313
11
714.6263794003437
21
849.4892364552312
0
LINE
5
62D
100
AcDbEntity
8
0
62
7.0
100
AcDbLine
10
714.6263794003437
20
809.8912567088313
11
694.8273895270438
21
829.6902465820313
0
ARC
5
62E
100
AcDbEntity
8
0
62
7.0
100
AcDbCircle
10
712.031307984075
20
1880.00146484375
40
28.0
50
-45.0
51
45.0
0
LINE
5
62F
100
AcDbEntity
8
0
62
7.0
100
AcDbLine
10
712.031307984075
20
1880.00146484375
11
731.830297857375
21
1899.80045471695
0
LINE
5
630
100
AcDbEntity
8
0
62
7.0
100
AcDbLine
10
731.830297857375
20
1860.20247497055
11
712.031307984075
21
1880.00146484375
0
ARC
5
631
100
AcDbEntity
8
0
62
7.0
100
AcDbCircle
10
698.7613494879813
20
915.91064453125
40
28.0
50
-45.0
51
45.0
0
LINE
5
632
100
AcDbEntity
8
0
62
7.0
100
AcDbLine
10
698.7613494879813
20
915.91064453125
11
718.5603393612812
21
935.70963440445
0
LINE
5
633
100
AcDbEntity
8
0
62
7.0
100
AcDbLine
10
718.5603393612812
20
896.11165465805
11
698.7613494879813
21
915.91064453125
0
ARC
5
634
100
AcDbEntity
8
0
62
7.0
100
AcDbCircle
10
705.7250335700126
20
1082.2440185546875
40
28.0
50
-45.0
51
45.0
0
LINE
5
635
100
AcDbEntity
8
0
62
7.0
100
AcDbLine
10
705.7250335700126
20
1082.2440185546875
11
725.5240234433124
21
1102.0430084278876
0
LINE
5
636
100
AcDbEntity
8
0
62
7.0
100
AcDbLine
10
725.5240234433124
20
1062.4450286814874
11
705.7250335700126
21
1082.2440185546875
0
ARC
5
637
100
AcDbEntity
8
0
62
7.0
100
AcDbCircle
10
740.9524566643624
20
1748.64208984375
40
28.0
50
135.0
51
225.0
0
LINE
5
638
100
AcDbEntity
8
0
62
7.0
100
AcDbLine
10
740.9524566643624
20
1748.64208984375
11
721.1534667910626
21
1728.84309997055
0
LINE
5
639
100
AcDbEntity
8
0
62
7.0
100
AcDbLine
10
721.1534667910626
20
1768.44107971695
11
740.9524566643624
21
1748.64208984375
0
ARC
5
63A
100
AcDbEntity
8
0
62
7.0
100
AcDbCircle
10
714.1929901129813
20
1042.562744140625
40
28.0
50
-45.0
51
45.0
0
LINE
5
63B
100
AcDbEntity
8
0
62
7.0
100
AcDbLine
10
714.1929901129813
20
1042.562744140625
11
733.9919799862812
21
1062.361734013825
0
LINE
5
63C
100
AcDbEntity
8
0
62
7.0
100
AcDbLine
10
733.9919799862812
20
1022.763754267425
11
714.1929901129813
21
1042.562744140625
0
ARC
5
63D
100
AcDbEntity
8
0
62
7.0
100
AcDbCircle
10
712.2452972418876
20
234.24424743652344
40
28.0
50
-45.0
51
45.0
0
LINE
5
63E
100
AcDbEntity
8
0
62
7.0
100
AcDbLine
10
712.2452972418876
20
234.24424743652344
11
732.0442871151874
21
254.04323730972345
0
LINE
5
63F
100
AcDbEntity
8
0
62
7.0
100
AcDbLine
10
732.0442871151874
20
214.44525756332342
11
712.2452972418876
21
234.24424743652344
0
ARC
5
640
100
AcDbEntity
8
0
62
7.0
100
AcDbCircle
10
713.3734100348563
20
1781.8818359375
40
28.0
50
-45.0
51
45.0
0
LINE
5
641
100
AcDbEntity
8
0
62
7.0
100
AcDbLine
10
713.3734100348563
20
1781.8818359375
11
733.1723999081562
21
1801.6808258107
0
LINE
5
642
100
AcDbEntity
8
0
62
7.0
100
AcDbLine
10
733.1723999081562
20
1762.0828460643
11
713.3734100348563
21
1781.8818359375
0
ARC
5
643
100
AcDbEntity
8
0
62
7.0
100
AcDbCircle
10
742.0608551018624
20
957.6686401367188
40
28.0
50
135.0
51
225.0
0
LINE
5
644
100
AcDbEntity
8
0
62
7.0
100
AcDbLine
10
742.0608551018624
20
957.6686401367188
11
722.2618652285626
21
937.8696502635188
0
LINE
5
645
100
AcDbEntity
8
0
62
7.0
100
AcDbLine
10
722.2618652285626
20
977.4676300099187
11
742.0608551018624
21
957.6686401367188
0
ARC
5
646
100
AcDbEntity
8
0
62
7.0
100
AcDbCircle
10
726.203369140625
20
1950.597714234075
40
28.0
50
45.0
51
135.0
0
LINE
5
647
100
AcDbEntity
8
0
62
7.0
100
AcDbLine
10
726.203369140625
20
1950.597714234075
11
706.404379267425
21
1970.396704107375
0
LINE
5
648
100
AcDbEntity
8
0
62
7.0
100
AcDbLine
10
746.002359013825
20
1970.396704107375
11
726.203369140625
21
1950.597714234075
0
ARC
5
649
100
AcDbEntity
8
0
62
7.0
100
AcDbCircle
10
721.5831909179688
20
1535.8486968987374
40
28.0
50
-135.0
51
-45.0
0
LINE
5
64A
100
AcDbEntity
8
0
62
7.0
100
AcDbLine
10
721.5831909179688
20
1535.8486968987374
11
741.3821807911687
21
1516.0497070254376
0
LINE
5
64B
100
AcDbEntity
8
0
62
7.0
100
AcDbLine
10
701.7842010447688
20
1516.0497070254376
11
721.5831909179688
21
1535.8486968987374
0
ARC
5
64C
100
AcDbEntity
8
0
62
7.0
100
AcDbCircle
10
734.3142730706124
20
272.7792663574219
40
28.0
50
135.0
51
225.0
0
LINE
5
64D
100
AcDbEntity
8
0
62
7.0
100
AcDbLine
10
734.3142730706124
20
272.7792663574219
11
714.5152831973126
21
252.98027648422186
0
LINE
5
64E
100
AcDbEntity
8
0
62
7.0
100
AcDbLine
10
714.5152831973126
20
292.5782562306219
11
734.3142730706124
21
272.7792663574219
0
ARC
5
64F
100
AcDbEntity
8
0
62
7.0
100
AcDbCircle
10
721.810116577825
20
558.0405883789063
40
28.0
50
-45.0
51
45.0
0
LINE
5
650
100
AcDbEntity
8
0
62
7.0
100
AcDbLine
10
721.810116577825
20
558.0405883789063
11
741.609106451125
21
577.8395782521062
0
LINE
5
651
100
AcDbEntity
8
0
62
7.0
100
AcDbLine
10
741.609106451125
20
538.2415985057063
11
721.810116577825
21
558.0405883789063
0
ARC
5
652
100
AcDbEntity
8
0
62
7.0
100
AcDbCircle
10
726.4010620117188
20
1169.8363616950126
40
28.0
50
45.0
51
135.0
0
LINE
5
653
100
AcDbEntity
8
0
62
7.0
100
AcDbLine
10
726.4010620117188
20
1169.8363616950126
11
706.6020721385188
21
1189.6353515683124
0
LINE
5
654
100
AcDbEntity
8
0
62
7.0
100
AcDbLine
10
746.2000518849187
20
1189.6353515683124
11
726.4010620117188
21
1169.8363616950126
0
ARC
5
655
100
AcDbEntity
8
0
62
7.0
100
AcDbCircle
10
714.74981384345
20
101.6953582763672
40
28.0
50
-45.0
51
45.0
0
LINE
5
656
100
AcDbEntity
8
0
62
7.0
100
AcDbLine
10
714.74981384345
20
101.6953582763672
11
734.54880371675
21
121.4943481495672
0
LINE
5
657
100
AcDbEntity
8
0
62
7.0
100
AcDbLine
10
734.54880371675
20
81.8963684031672
11
714.74981384345
21
101.6953582763672
0
ARC
5
658
100
AcDbEntity
8
0
62
7.0
100
AcDbCircle
10
749.5947296135812
20
415.8540954589844
40
28.0
50
135.0
51
225.0
0
LINE
5
659
100
AcDbEntity
8
0
62
7.0
100
AcDbLine
10
749.5947296135812
20
415.8540954589844
11
729.7957397402813
21
396.05510558578436
0
LINE
5
65A
100
AcDbEntity
8
0
62
7.0
100
AcDbLine
10
729.7957397402813
20
435.6530853321844
11
749.5947296135812
21
415.8540954589844
0
ARC
5
65B
100
AcDbEntity
8
0
62
7.0
100
AcDbCircle
10
720.82500915595
20
797.1483764648438
40
28.0
50
-45.0
51
45.0
0
LINE
5
65C
100
AcDbEntity
8
0
62
7.0
100
AcDbLine
10
720.82500915595
20
797.1483764648438
11
740.62399902925
21
816.9473663380437
0
LINE
5
65D
100
AcDbEntity
8
0
62
7.0
100
AcDbLine
10
740.62399902925
20
777.3493865916438
11
720.82500915595
21
797.1483764648438
0
ARC
5
65E
100
AcDbEntity
8
0
62
7.0
100
AcDbCircle
10
161.78238220147188
20
1969.689697265625
40
28.0
50
135.0
51
225.0
0
LINE
5
65F
100
AcDbEntity
8
0
62
7.0
100
AcDbLine
10
161.78238220147188
20
1969.689697265625
11
141.98339232817187
21
1949.890707392425
0
LINE
5
660
100
AcDbEntity
8
0
62
7.0
100
AcDbLine
10
141.98339232817187
20
1989.488687138825
11
161.78238220147188
21
1969.689697265625
0
ARC
5
661
100
AcDbEntity
8
0
62
7.0
100
AcDbCircle
10
729.4197998046875
20
606.8558319098563
40
28.0
50
45.0
51
135.0
0
LINE
5
662
100
AcDbEntity
8
0
62
7.0
100
AcDbLine
10
729.4197998046875
20
606.8558319098563
11
709.6208099314875
21
626.6548217831562
0
LINE
5
663
100
AcDbEntity
8
0
62
7.0
100
AcDbLine
10
749.2187896778875
20
626.6548217831562
11
729.4197998046875
21
606.8558319098563
0
ARC
5
664
100
AcDbEntity
8
0
62
7.0
100
AcDbCircle
10
744.3820831292062
20
1623.793212890625
40
28.0
50
135.0
51
225.0
0
LINE
5
665
100
AcDbEntity
8
0
62
7.0
100
AcDbLine
10
744.3820831292062
20
1623.793212890625
11
724.5830932559063
21
1603.994223017425
0
LINE
5
666
100
AcDbEntity
8
0
62
7.0
100
AcDbLine
10
724.5830932559063
20
1643.592202763825
11
744.3820831292062
21
1623.793212890625
0
ARC
5
667
100
AcDbEntity
8
0
62
7.0
100
AcDbCircle
10
718.8899505622
20
293.8715515136719
40
28.0
50
-45.0
51
45.0
0
LINE
5
668
100
AcDbEntity
8
0
62
7.0
100
AcDbLine
10
718.8899505622
20
293.8715515136719
11
738.6889404355
21
313.6705413868719
0
LINE
5
669
100
AcDbEntity
8
0
62
7.0
100
AcDbLine
10
738.6889404355
20
274.07256164047186
11
718.8899505622
21
293.8715515136719
0
ARC
5
66A
100
AcDbEntity
8
0
62
7.0
100
AcDbCircle
10
723.6373291015625
20
846.3397186286063
40
28.0
50
45.0
51
135.0
0
LINE
5
66B
100
AcDbEntity
8
0
62
7.0
100
AcDbLine
10
723.6373291015625
20
846.3397186286063
11
703.8383392283625
21
866.1387085019062
0
LINE
5
66C
100
AcDbEntity
8
0
62
7.0
100
AcDbLine
10
743.4363189747625
20
866.1387085019062
11
723.6373291015625
21
846.3397186286063
0
ARC
5
66D
100
AcDbEntity
8
0
62
7.0
100
AcDbCircle
10
736.49755859375
20
1564.3770172112374
40
28.0
50
-135.0
51
-45.0
0
LINE
5
66E
100
AcDbEntity
8
0
62
7.0
100
AcDbLine
10
736.49755859375
20
1564.3770172112374
11
756.29654846695
21
1544.5780273379376
0
LINE
5
66F
100
AcDbEntity
8
0
62
7.0
100
AcDbLine
10
716.69856872055
20
1544.5780273379376
11
736.49755859375
21
1564.3770172112374
0
ARC
5
670
100
AcDbEntity
8
0
62
7.0
100
AcDbCircle
10
733.8677368164063
20
905.429141234675
40
28.0
50
-135.0
51
-45.0
0
LINE
5
671
100
AcDbEntity
8
0
62
7.0
100
AcDbLine
10
733.8677368164063
20
905.429141234675
11
753.6667266896062
21
885.630151361375
0
LINE
5
672
100
AcDbEntity
8
0
62
7.0
100
AcDbLine
10
714.0687469432063
20
885.6301513613749
11
733.8677368164063
21
905.429141234675
0
ARC
5
673
100
AcDbEntity
8
0
62
7.0
100
AcDbCircle
10
715.7072113043876
20
663.4315185546875
40
28.0
50
-45.0
51
45.0
0
LINE
5
674
100
AcDbEntity
8
0
62
7.0
100
AcDbLine
10
715.7072113043876
20
663.4315185546875
11
735.5062011776874
21
683.2305084278875
0
LINE
5
675
100
AcDbEntity
8
0
62
7.0
100
AcDbLine
10
735.5062011776874
20
643.6325286814875
11
715.7072113043876
21
663.4315185546875
0
ARC
5
676
100
AcDbEntity
8
0
62
7.0
100
AcDbCircle
10
721.7517059332938
20
342.7607727050781
40
28.0
50
-45.0
51
45.0
0
LINE
5
677
100
AcDbEntity
8
0
62
7.0
100
AcDbLine
10
721.7517059332938
20
342.7607727050781
11
741.5506958065937
21
362.55976257827814
0
LINE
5
678
100
AcDbEntity
8
0
62
7.0
100
AcDbLine
10
741.5506958065937
20
322.9617828318781
11
721.7517059332938
21
342.7607727050781
0
ARC
5
679
100
AcDbEntity
8
0
62
7.0
100
AcDbCircle
10
735.94452209405
20
1300.7926025390625
40
28.0
50
135.0
51
225.0
0
LINE
5
67A
100
AcDbEntity
8
0
62
7.0
100
AcDbLine
10
735.94452209405
20
1300.7926025390625
11
716.14553222075
21
1280.9936126658624
0
LINE
5
67B
100
AcDbEntity
8
0
62
7.0
100
AcDbLine
10
716.14553222075
20
1320.5915924122626
11
735.94452209405
21
1300.7926025390625
0
ARC
5
67C
100
AcDbEntity
8
0
62
7.0
100
AcDbCircle
10
720.6512420661063
20
1218.5794677734375
40
28.0
50
-45.0
51
45.0
0
LINE
5
67D
100
AcDbEntity
8
0
62
7.0
100
AcDbLine
10
720.6512420661063
20
1218.5794677734375
11
740.4502319394062
21
1238.3784576466376
0
LINE
5
67E
100
AcDbEntity
8
0
62
7.0
100
AcDbLine
10
740.4502319394062
20
1198.7804779002374
11
720.6512420661063
21
1218.5794677734375
0
ARC
5
67F
100
AcDbEntity
8
0
62
7.0
100
AcDbCircle
10
727.5892333984375
20
737.132754515925
40
28.0
50
-135.0
51
-45.0
0
LINE
5
680
100
AcDbEntity
8
0
62
7.0
100
AcDbLine
10
727.5892333984375
20
737.132754515925
11
747.3882232716375
21
717.333764642625
0
LINE
5
681
100
AcDbEntity
8
0
62
7.0
100
AcDbLine
10
707.7902435252375
20
717.3337646426249
11
727.5892333984375
21
737.132754515925
0
ARC
5
682
100
AcDbEntity
8
0
62
7.0
100
AcDbCircle
10
732.0494964606376
20
1100.56884765625
40
28.0
50
-45.0
51
45.0
0
LINE
5
683
100
AcDbEntity
8
0
62
7.0
100
AcDbLine
10
732.0494964606376
20
1100.56884765625
11
751.8484863339374
21
1120.36783752945
0
LINE
5
684
100
AcDbEntity
8
0
62
7.0
100
AcDbLine
10
751.8484863339374
20
1080.76985778305
11
732.0494964606376
21
1100.56884765625
0
ARC
5
685
100
AcDbEntity
8
0
62
7.0
100
AcDbCircle
10
731.7368133551688
20
1160.1922607421875
40
28.0
50
-45.0
51
45.0
0
LINE
5
686
100
AcDbEntity
8
0
62
7.0
100
AcDbLine
10
731.7368133551688
20
1160.1922607421875
11
751.5358032284687
21
1179.9912506153876
0
LINE
5
687
100
AcDbEntity
8
0
62
7.0
100
AcDbLine
10
751.5358032284687
20
1140.3932708689874
11
731.7368133551688
21
1160.1922607421875
0
ARC
5
688
100
AcDbEntity
8
0
62
7.0
100
AcDbCircle
10
739.02685546875
20
1343.0299713128
40
28.0
50
-135.0
51
-45.0
0
LINE
5
689
100
AcDbEntity
8
0
62
7.0
100
AcDbLine
10
739.02685546875
20
1343.0299713128
11
758.82584534195
21
1323.2309814395
0
LINE
5
68A
100
AcDbEntity
8
0
62
7.0
100
AcDbLine
10
719.22786559555
20
1323.2309814395
11
739.02685546875
21
1343.0299713128
0
ARC
5
68B
100
AcDbEntity
8
0
62
7.0
100
AcDbCircle
10
721.5438812262626
20
58.400146484375
40
28.0
50
-45.0
51
45.0
0
LINE
5
68C
100
AcDbEntity
8
0
62
7.0
100
AcDbLine
10
721.5438812262626
20
58.400146484375
11
741.3428710995624
21
78.199136357575
0
LINE
5
68D
100
AcDbEntity
8
0
62
7.0
100
AcDbLine
10
741.3428710995624
20
38.601156611175
11
721.5438812262626
21
58.400146484375
0
ARC
5
68E
100
AcDbEntity
8
0
62
7.0
100
AcDbCircle
10
708.5516937262626
20
1665.2879638671875
40
28.0
50
-45.0
51
45.0
0
LINE
5
68F
100
AcDbEntity
8
0
62
7.0
100
AcDbLine
10
708.5516937262626
20
1665.2879638671875
11
728.3506835995624
21
1685.0869537403876
0
LINE
5
690
100
AcDbEntity
8
0
62
7.0
100
AcDbLine
10
728.3506835995624
20
1645.4889739939874
11
708.5516937262626
21
1665.2879638671875
0
ARC
5
691
100
AcDbEntity
8
0
62
7.0
100
AcDbCircle
10
714.7441375739188
20
188.8819580078125
40
28.0
50
-45.0
51
45.0
0
LINE
5
692
100
AcDbEntity
8
0
62
7.0
100
AcDbLine
10
714.7441375739188
20
188.8819580078125
11
734.5431274472187
21
208.68094788101251
0
LINE
5
693
100
AcDbEntity
8
0
62
7.0
100
AcDbLine
10
734.5431274472187
20
169.08296813461249
11
714.7441375739188
21
188.8819580078125
0
ARC
5
694
100
AcDbEntity
8
0
62
7.0
100
AcDbCircle
10
719.3355682379813
20
142.56187438964844
40
28.0
50
-45.0
51
45.0
0
LINE
5
695
100
AcDbEntity
8
0
62
7.0
100
AcDbLine
10
719.3355682379813
20
142.56187438964844
11
739.1345581112812
21
162.36086426284845
0
LINE
5
696
100
AcDbEntity
8
0
62
7.0
100
AcDbLine
10
739.1345581112812
20
122.76288451644844
11
719.3355682379813
21
142.56187438964844
0
ARC
5
697
100
AcDbEntity
8
0
62
7.0
100
AcDbCircle
10
729.2757568359375
20
1948.0120269768624
40
28.0
50
-135.0
51
-45.0
0
LINE
5
698
100
AcDbEntity
8
0
62
7.0
100
AcDbLine
10
729.2757568359375
20
1948.0120269768624
11
749.0747467091375
21
1928.2130371035626
0
LINE
5
699
100
AcDbEntity
8
0
62
7.0
100
AcDbLine
10
709.4767669627375
20
1928.2130371035626
11
729.2757568359375
21
1948.0120269768624
0
ARC
5
69A
100
AcDbEntity
8
0
62
7.0
100
AcDbCircle
10
714.6856658942313
20
1385.314208984375
40
28.0
50
-45.0
51
45.0
0
LINE
5
69B
100
AcDbEntity
8
0
62
7.0
100
AcDbLine
10
714.6856658942313
20
1385.314208984375
11
734.4846557675312
21
1405.113198857575
0
LINE
5
69C
100
AcDbEntity
8
0
62
7.0
100
AcDbLine
10
734.4846557675312
20
1365.515219111175
11
714.6856658942313
21
1385.314208984375
0
ARC
5
69D
100
AcDbEntity
8
0
62
7.0
100
AcDbCircle
10
724.8854949957938
20
840.8432006835938
40
28.0
50
-45.0
51
45.0
0
LINE
5
69E
100
AcDbEntity
8
0
62
7.0
100
AcDbLine
10
724.8854949957938
20
840.8432006835938
11
744.6844848690937
21
860.6421905567937
0
LINE
5
69F
100
AcDbEntity
8
0
62
7.0
100
AcDbLine
10
744.6844848690937
20
821.0442108103938
11
724.8854949957938
21
840.8432006835938
0
ARC
5
6A0
100
AcDbEntity
8
0
62
7.0
100
AcDbCircle
10
765.3473541253
20
1581.0047607421875
40
28.0
50
135.0
51
225.0
0
LINE
5
6A1
100
AcDbEntity
8
0
62
7.0
100
AcDbLine
10
765.3473541253
20
1581.0047607421875
11
745.548364252
21
1561.2057708689874
0
LINE
5
6A2
100
AcDbEntity
8
0
62
7.0
100
AcDbLine
10
745.548364252
20
1600.8037506153876
11
765.3473541253
21
1581.0047607421875
0
ARC
5
6A3
100
AcDbEntity
8
0
62
7.0
100
AcDbCircle
10
717.8506469726563
20
1841.1032135003
40
28.0
50
-135.0
51
-45.0
0
LINE
5
6A4
100
AcDbEntity
8
0
62
7.0
100
AcDbLine
10
717.8506469726563
20
1841.1032135003
11
737.6496368458562
21
1821.304223627
0
LINE
5
6A5
100
AcDbEntity
8
0
62
7.0
100
AcDbLine
10
698.0516570994563
20
1821.304223627
11
717.8506469726563
21
1841.1032135003
0
ARC
5
6A6
100
AcDbEntity
8
0
62
7.0
100
AcDbCircle
10
737.461669921875
20
1447.5458343512626
40
28.0
50
45.0
51
135.0
0
LINE
5
6A7
100
AcDbEntity
8
0
62
7.0
100
AcDbLine
10
737.461669921875
20
1447.5458343512626
11
717.662680048675
21
1467.3448242245624
0
LINE
5
6A8
100
AcDbEntity
8
0
62
7.0
100
AcDbLine
10
757.260659795075
20
1467.3448242245624
11
737.461669921875
21
1447.5458343512626
0
ARC
5
6A9
100
AcDbEntity
8
0
62
7.0
100
AcDbCircle
10
741.8547973632813
20
1479.42754821845
40
28.0
50
45.0
51
135.0
0
LINE
5
6AA
100
AcDbEntity
8
0
62
7.0
100
AcDbLine
10
741.8547973632813
20
1479.42754821845
11
722.0558074900813
21
1499.22653809175
0
LINE
5
6AB
100
AcDbEntity
8
0
62
7.0
100
AcDbLine
10
761.6537872364812
20
1499.22653809175
11
741.8547973632813
21
1479.42754821845
0
ARC
5
6AC
100
AcDbEntity
8
0
62
7.0
100
AcDbCircle
10
718.5693328864188
20
469.14599609375
40
28.0
50
-45.0
51
45.0
0
LINE
5
6AD
100
AcDbEntity
8
0
62
7.0
100
AcDbLine
10
718.5693328864188
20
469.14599609375
11
738.3683227597187
21
488.94498596695
0
LINE
5
6AE
100
AcDbEntity
8
0
62
7.0
100
AcDbLine
10
738.3683227597187
20
449.34700622055
11
718.5693328864188
21
469.14599609375
0
ARC
5
6AF
100
AcDbEntity
8
0
62
7.0
100
AcDbCircle
10
733.7421234137626
20
23.85694694519043
40
28.0
50
-45.0
51
45.0
0
LINE
5
6B0
100
AcDbEntity
8
0
62
7.0
100
AcDbLine
10
733.7421234137626
20
23.85694694519043
11
753.5411132870624
21
43.65593681839043
0
LINE
5
6B1
100
AcDbEntity
8
0
62
7.0
100
AcDbLine
10
753.5411132870624
20
4.05795707199043
11
733.7421234137626
21
23.85694694519043
0
ARC
5
6B2
100
AcDbEntity
8
0
62
7.0
100
AcDbCircle
10
749.1195068359375
20
617.4244415276437
40
28.0
50
-135.0
51
-45.0
0
LINE
5
6B3
100
AcDbEntity
8
0
62
7.0
100
AcDbLine
10
749.1195068359375
20
617.4244415276437
11
768.9184967091375
21
597.6254516543438
0
LINE
5
6B4
100
AcDbEntity
8
0
62
7.0
100
AcDbLine
10
729.3205169627375
20
597.6254516543437
11
749.1195068359375
21
617.4244415276437
0
ARC
5
6B5
100
AcDbEntity
8
0
62
7.0
100
AcDbCircle
10
490.192626953125
20
1987.5857574456124
40
28.0
50
-135.0
51
-45.0
0
LINE
5
6B6
100
AcDbEntity
8
0
62
7.0
100
AcDbLine
10
490.192626953125
20
1987.5857574456124
11
509.991616826325
21
1967.7867675723126
0
LINE
5
6B7
100
AcDbEntity
8
0
62
7.0
100
AcDbLine
10
470.393637079925
20
1967.7867675723126
11
490.192626953125
21
1987.5857574456124
0
ARC
5
6B8
100
AcDbEntity
8
0
62
7.0
100
AcDbCircle
10
736.523983765325
20
212.55665588378903
40
28.0
50
-45.0
51
45.0
0
LINE
5
6B9
100
AcDbEntity
8
0
62
7.0
100
AcDbLine
10
736.523983765325
20
212.55665588378903
11
756.322973638625
21
232.35564575698902
0
LINE
5
6BA
100
AcDbEntity
8
0
62
7.0
100
AcDbLine
10
756.322973638625
20
192.75766601058905
11
736.523983765325
21
212.55665588378903
0
ARC
5
6BB
100
AcDbEntity
8
0
62
7.0
100
AcDbCircle
10
733.727597046575
20
437.3821716308594
40
28.0
50
-45.0
51
45.0
0
LINE
5
6BC
100
AcDbEntity
8
0
62
7.0
100
AcDbLine
10
733.727597046575
20
437.3821716308594
11
753.526586919875
21
457.1811615040594
0
LINE
5
6BD
100
AcDbEntity
8
0
62
7.0
100
AcDbLine
10
753.526586919875
20
417.58318175765936
11
733.727597046575
21
437.3821716308594
0
ARC
5
6BE
100
AcDbEntity
8
0
62
7.0
100
AcDbCircle
10
757.5009796135812
20
927.7836303710938
40
28.0
50
135.0
51
225.0
0
LINE
5
6BF
100
AcDbEntity
8
0
62
7.0
100
AcDbLine
10
757.5009796135812
20
927.7836303710938
11
737.7019897402813
21
907.9846404978938
0
LINE
5
6C0
100
AcDbEntity
8
0
62
7.0
100
AcDbLine
10
737.7019897402813
20
947.5826202442937
11
757.5009796135812
21
927.7836303710938
0
ARC
5
6C1
100
AcDbEntity
8
0
62
7.0
100
AcDbCircle
10
721.1249969489188
20
1843.492431640625
40
28.0
50
-45.0
51
45.0
0
LINE
5
6C2
100
AcDbEntity
8
0
62
7.0
100
AcDbLine
10
721.1249969489188
20
1843.492431640625
11
740.9239868222187
21
1863.291421513825
0
LINE
5
6C3
100
AcDbEntity
8
0
62
7.0
100
AcDbLine
10
740.9239868222187
20
1823.693441767425
11
721.1249969489188
21
1843.492431640625
0
ARC
5
6C4
100
AcDbEntity
8
0
62
7.0
100
AcDbCircle
10
730.4206512457938
20
390.4736633300781
40
28.0
50
-45.0
51
45.0
0
LINE
5
6C5
100
AcDbEntity
8
0
62
7.0
100
AcDbLine
10
730.4206512457938
20
390.4736633300781
11
750.2196411190937
21
410.27265320327814
0
LINE
5
6C6
100
AcDbEntity
8
0
62
7.0
100
AcDbLine
10
750.2196411190937
20
370.6746734568781
11
730.4206512457938
21
390.4736633300781
0
ARC
5
6C7
100
AcDbEntity
8
0
62
7.0
100
AcDbCircle
10
724.8038909918876
20
1726.6173095703125
40
28.0
50
-45.0
51
45.0
0
LINE
5
6C8
100
AcDbEntity
8
0
62
7.0
100
AcDbLine
10
724.8038909918876
20
1726.6173095703125
11
744.6028808651874
21
1746.4162994435126
0
LINE
5
6C9
100
AcDbEntity
8
0
62
7.0
100
AcDbLine
10
744.6028808651874
20
1706.8183196971124
11
724.8038909918876
21
1726.6173095703125
0
ARC
5
6CA
100
AcDbEntity
8
0
62
7.0
100
AcDbCircle
10
744.7554321289063
20
1000.2966339104562
40
28.0
50
-135.0
51
-45.0
0
LINE
5
6CB
100
AcDbEntity
8
0
62
7.0
100
AcDbLine
10
744.7554321289063
20
1000.2966339104562
11
764.5544220021062
21
980.4976440371563
0
LINE
5
6CC
100
AcDbEntity
8
0
62
7.0
100
AcDbLine
10
724.9564422557063
20
980.4976440371562
11
744.7554321289063
21
1000.2966339104562
0
ARC
5
6CD
100
AcDbEntity
8
0
62
7.0
100
AcDbCircle
10
739.6061981207938
20
641.9813842773438
40
28.0
50
-45.0
51
45.0
0
LINE
5
6CE
100
AcDbEntity
8
0
62
7.0
100
AcDbLine
10
739.6061981207938
20
641.9813842773438
11
759.4051879940937
21
661.7803741505437
0
LINE
5
6CF
100
AcDbEntity
8
0
62
7.0
100
AcDbLine
10
759.4051879940937
20
622.1823944041438
11
739.6061981207938
21
641.9813842773438
0
ARC
5
6D0
100
AcDbEntity
8
0
62
7.0
100
AcDbCircle
10
734.644100952825
20
1250.0391845703125
40
28.0
50
-45.0
51
45.0
0
LINE
5
6D1
100
AcDbEntity
8
0
62
7.0
100
AcDbLine
10
734.644100952825
20
1250.0391845703125
11
754.443090826125
21
1269.8381744435126
0
LINE
5
6D2
100
AcDbEntity
8
0
62
7.0
100
AcDbLine
10
754.443090826125
20
1230.2401946971124
11
734.644100952825
21
1250.0391845703125
0
ARC
5
6D3
100
AcDbEntity
8
0
62
7.0
100
AcDbCircle
10
747.560546875
20
1397.911679077825
40
28.0
50
45.0
51
135.0
0
LINE
5
6D4
100
AcDbEntity
8
0
62
7.0
100
AcDbLine
10
747.560546875
20
1397.911679077825
11
727.7615570018
21
1417.710668951125
0
LINE
5
6D5
100
AcDbEntity
8
0
62
7.0
100
AcDbLine
10
767.3595367482
20
1417.710668951125
11
747.560546875
21
1397.911679077825
0
ARC
5
6D6
100
AcDbEntity
8
0
62
7.0
100
AcDbCircle
10
734.4103363043876
20
1353.4810791015625
40
28.0
50
-45.0
51
45.0
0
LINE
5
6D7
100
AcDbEntity
8
0
62
7.0
100
AcDbLine
10
734.4103363043876
20
1353.4810791015625
11
754.2093261776874
21
1373.2800689747626
0
LINE
5
6D8
100
AcDbEntity
8
0
62
7.0
100
AcDbLine
10
754.2093261776874
20
1333.6820892283624
11
734.4103363043876
21
1353.4810791015625
0
ARC
5
6D9
100
AcDbEntity
8
0
62
7.0
100
AcDbCircle
10
746.1807830817313
20
816.7249755859375
40
28.0
50
-45.0
51
45.0
0
LINE
5
6DA
100
AcDbEntity
8
0
62
7.0
100
AcDbLine
10
746.1807830817313
20
816.7249755859375
11
765.9797729550312
21
836.5239654591375
0
LINE
5
6DB
100
AcDbEntity
8
0
62
7.0
100
AcDbLine
10
765.9797729550312
20
796.9259857127375
11
746.1807830817313
21
816.7249755859375
0
ARC
5
6DC
100
AcDbEntity
8
0
62
7.0
100
AcDbCircle
10
722.97539978095
20
514.12060546875
40
28.0
50
-45.0
51
45.0
0
LINE
5
6DD
100
AcDbEntity
8
0
62
7.0
100
AcDbLine
10
722.97539978095
20
514.12060546875
11
742.77438965425
21
533.91959534195
0
LINE
5
6DE
100
AcDbEntity
8
0
62
7.0
100
AcDbLine
10
742.77438965425
20
494.32161559555
11
722.97539978095
21
514.12060546875
0
ARC
5
6DF
100
AcDbEntity
8
0
62
7.0
100
AcDbCircle
10
751.745849609375
20
1925.0045806878
40
28.0
50
-135.0
51
-45.0
0
LINE
5
6E0
100
AcDbEntity
8
0
62
7.0
100
AcDbLine
10
751.745849609375
20
1925.0045806878
11
771.544839482575
21
1905.2055908145
0
LINE
5
6E1
100
AcDbEntity
8
0
62
7.0
100
AcDbLine
10
731.946859736175
20
1905.2055908145
11
751.745849609375
21
1925.0045806878
0
ARC
5
6E2
100
AcDbEntity
8
0
62
7.0
100
AcDbCircle
10
741.3358123786063
20
316.8828125
40
28.0
50
-45.0
51
45.0
0
LINE
5
6E3
100
AcDbEntity
8
0
62
7.0
100
AcDbLine
10
741.3358123786063
20
316.8828125
11
761.1348022519062
21
336.6818023732
0
LINE
5
6E4
100
AcDbEntity
8
0
62
7.0
100
AcDbLine
10
761.1348022519062
20
297.0838226268
11
741.3358123786063
21
316.8828125
0
ARC
5
6E5
100
AcDbEntity
8
0
62
7.0
100
AcDbCircle
10
781.4190093987374
20
1524.5413818359375
40
28.0
50
135.0
51
225.0
0
LINE
5
6E6
100
AcDbEntity
8
0
62
7.0
100
AcDbLine
10
781.4190093987374
20
1524.5413818359375
11
761.6200195254376
21
1504.7423919627374
0
LINE
5
6E7
100
AcDbEntity
8
0
62
7.0
100
AcDbLine
10
761.6200195254376
20
1544.3403717091376
11
781.4190093987374
21
1524.5413818359375
0
ARC
5
6E8
100
AcDbEntity
8
0
62
7.0
100
AcDbCircle
10
753.0413848870187
20
757.1329956054688
40
28.0
50
135.0
51
225.0
0
LINE
5
6E9
100
AcDbEntity
8
0
62
7.0
100
AcDbLine
10
753.0413848870187
20
757.1329956054688
11
733.2423950137188
21
737.3340057322688
0
LINE
5
6EA
100
AcDbEntity
8
0
62
7.0
100
AcDbLine
10
733.2423950137188
20
776.9319854786687
11
753.0413848870187
21
757.1329956054688
0
ARC
5
6EB
100
AcDbEntity
8
0
62
7.0
100
AcDbCircle
10
742.9078338629813
20
82.49746704101563
40
28.0
50
-45.0
51
45.0
0
LINE
5
6EC
100
AcDbEntity
8
0
62
7.0
100
AcDbLine
10
742.9078338629813
20
82.49746704101563
11
762.7068237362812
21
102.29645691421563
0
LINE
5
6ED
100
AcDbEntity
8
0
62
7.0
100
AcDbLine
10
762.7068237362812
20
62.698477167815625
11
742.9078338629813
21
82.49746704101563
0
ARC
5
6EE
100
AcDbEntity
8
0
62
7.0
100
AcDbCircle
10
366.36254577704375
20
1969.64892578125
40
28.0
50
-45.0
51
45.0
0
LINE
5
6EF
100
AcDbEntity
8
0
62
7.0
100
AcDbLine
10
366.36254577704375
20
1969.64892578125
11
386.16153565034375
21
1989.44791565445
0
LINE
5
6F0
100
AcDbEntity
8
0
62
7.0
100
AcDbLine
10
386.16153565034375
20
1949.84993590805
11
366.36254577704375
21
1969.64892578125
0
ARC
5
6F1
100
AcDbEntity
8
0
62
7.0
100
AcDbCircle
10
736.7912567145438
20
733.5894165039063
40
28.0
50
-45.0
51
45.0
0
LINE
5
6F2
100
AcDbEntity
8
0
62
7.0
100
AcDbLine
10
736.7912567145438
20
733.5894165039063
11
756.5902465878437
21
753.3884063771062
0
LINE
5
6F3
100
AcDbEntity
8
0
62
7.0
100
AcDbLine
10
756.5902465878437
20
713.7904266307063
11
736.7912567145438
21
733.5894165039063
0
ARC
5
6F4
100
AcDbEntity
8
0
62
7.0
100
AcDbCircle
10
751.3505828864188
20
144.2843017578125
40
28.0
50
-45.0
51
45.0
0
LINE
5
6F5
100
AcDbEntity
8
0
62
7.0
100
AcDbLine
10
751.3505828864188
20
144.2843017578125
11
771.1495727597187
21
164.08329163101251
0
LINE
5
6F6
100
AcDbEntity
8
0
62
7.0
100
AcDbLine
10
771.1495727597187
20
124.4853118846125
11
751.3505828864188
21
144.2843017578125
0
ARC
5
6F7
100
AcDbEntity
8
0
62
7.0
100
AcDbCircle
10
738.3014495856376
20
1018.4597778320313
40
28.0
50
-45.0
51
45.0
0
LINE
5
6F8
100
AcDbEntity
8
0
62
7.0
100
AcDbLine
10
738.3014495856376
20
1018.4597778320313
11
758.1004394589374
21
1038.2587677052313
0
LINE
5
6F9
100
AcDbEntity
8
0
62
7.0
100
AcDbLine
10
758.1004394589374
20
998.6607879588313
11
738.3014495856376
21
1018.4597778320313
0
ARC
5
6FA
100
AcDbEntity
8
0
62
7.0
100
AcDbCircle
10
742.1058319098563
20
1446.51904296875
40
28.0
50
-45.0
51
45.0
0
LINE
5
6FB
100
AcDbEntity
8
0
62
7.0
100
AcDbLine
10
742.1058319098563
20
1446.51904296875
11
761.9048217831562
21
1466.31803284195
0
LINE
5
6FC
100
AcDbEntity
8
0
62
7.0
100
AcDbLine
10
761.9048217831562
20
1426.72005309555
11
742.1058319098563
21
1446.51904296875
0
ARC
5
6FD
100
AcDbEntity
8
0
62
7.0
100
AcDbCircle
10
744.6019866950126
20
870.6971435546875
40
28.0
50
-45.0
51
45.0
0
LINE
5
6FE
100
AcDbEntity
8
0
62
7.0
100
AcDbLine
10
744.6019866950126
20
870.6971435546875
11
764.4009765683124
21
890.4961334278875
0
LINE
5
6FF
100
AcDbEntity
8
0
62
7.0
100
AcDbLine
10
764.4009765683124
20
850.8981536814875
11
744.6019866950126
21
870.6971435546875
0
ARC
5
700
100
AcDbEntity
8
0
62
7.0
100
AcDbCircle
10
744.5650604254813
20
1196.990234375
40
28.0
50
-45.0
51
45.0
0
LINE
5
701
100
AcDbEntity
8
0
62
7.0
100
AcDbLine
10
744.5650604254813
20
1196.990234375
11
764.3640502987812
21
1216.7892242482
0
LINE
5
702
100
AcDbEntity
8
0
62
7.0
100
AcDbLine
10
764.3640502987812
20
1177.1912445018
11
744.5650604254813
21
1196.990234375
0
ARC
5
703
100
AcDbEntity
8
0
62
7.0
100
AcDbCircle
10
753.256893921575
20
563.9542236328125
40
28.0
50
-45.0
51
45.0
0
LINE
5
704
100
AcDbEntity
8
0
62
7.0
100
AcDbLine
10
753.256893921575
20
563.9542236328125
11
773.055883794875
21
583.7532135060125
0
LINE
5
705
100
AcDbEntity
8
0
62
7.0
100
AcDbLine
10
773.055883794875
20
544.1552337596125
11
753.256893921575
21
563.9542236328125
0
ARC
5
706
100
AcDbEntity
8
0
62
7.0
100
AcDbCircle
10
732.2455413825126
20
1950.7025146484375
40
28.0
50
-45.0
51
45.0
0
LINE
5
707
100
AcDbEntity
8
0
62
7.0
100
AcDbLine
10
732.2455413825126
20
1950.7025146484375
11
752.0445312558124
21
1970.5015045216376
0
LINE
5
708
100
AcDbEntity
8
0
62
7.0
100
AcDbLine
10
752.0445312558124
20
1930.9035247752374
11
732.2455413825126
21
1950.7025146484375
0
ARC
5
709
100
AcDbEntity
8
0
62
7.0
100
AcDbCircle
10
752.7104461676688
20
350.9621887207031
40
28.0
50
-45.0
51
45.0
0
LINE
5
70A
100
AcDbEntity
8
0
62
7.0
100
AcDbLine
10
752.7104461676688
20
350.9621887207031
11
772.5094360409687
21
370.76117859390314
0
LINE
5
70B
100
AcDbEntity
8
0
62
7.0
100
AcDbLine
10
772.5094360409687
20
331.1631988475031
11
752.7104461676688
21
350.9621887207031
0
ARC
5
70C
100
AcDbEntity
8
0
62
7.0
100
AcDbCircle
10
748.0931365973563
20
912.6578369140624
40
28.0
50
-45.0
51
45.0
0
LINE
5
70D
100
AcDbEntity
8
0
62
7.0
100
AcDbLine
10
748.0931365973563
20
912.6578369140624
11
767.8921264706562
21
932.4568267872623
0
LINE
5
70E
100
AcDbEntity
8
0
62
7.0
100
AcDbLine
10
767.8921264706562
20
892.8588470408624
11
748.0931365973563
21
912.6578369140624
0
ARC
5
70F
100
AcDbEntity
8
0
62
7.0
100
AcDbCircle
10
759.3665771484375
20
1592.6439788825126
40
28.0
50
45.0
51
135.0
0
LINE
5
710
100
AcDbEntity
8
0
62
7.0
100
AcDbLine
10
759.3665771484375
20
1592.6439788825126
11
739.5675872752375
21
1612.4429687558124
0
LINE
5
711
100
AcDbEntity
8
0
62
7.0
100
AcDbLine
10
779.1655670216375
20
1612.4429687558124
11
759.3665771484375
21
1592.6439788825126
0
ARC
5
712
100
AcDbEntity
8
0
62
7.0
100
AcDbCircle
10
743.6657684332938
20
489.031005859375
40
28.0
50
-45.0
51
45.0
0
LINE
5
713
100
AcDbEntity
8
0
62
7.0
100
AcDbLine
10
743.6657684332938
20
489.031005859375
11
763.4647583065937
21
508.829995732575
0
LINE
5
714
100
AcDbEntity
8
0
62
7.0
100
AcDbLine
10
763.4647583065937
20
469.232015986175
11
743.6657684332938
21
489.031005859375
0
ARC
5
715
100
AcDbEntity
8
0
62
7.0
100
AcDbCircle
10
766.8413726799874
20
1679.3001708984375
40
28.0
50
135.0
51
225.0
0
LINE
5
716
100
AcDbEntity
8
0
62
7.0
100
AcDbLine
10
766.8413726799874
20
1679.3001708984375
11
747.0423828066876
21
1659.5011810252374
0
LINE
5
717
100
AcDbEntity
8
0
62
7.0
100
AcDbLine
10
747.0423828066876
20
1699.0991607716376
11
766.8413726799874
21
1679.3001708984375
0
ARC
5
718
100
AcDbEntity
8
0
62
7.0
100
AcDbCircle
10
768.0503570549874
20
692.7022705078125
40
28.0
50
135.0
51
225.0
0
LINE
5
719
100
AcDbEntity
8
0
62
7.0
100
AcDbLine
10
768.0503570549874
20
692.7022705078125
11
748.2513671816876
21
672.9032806346125
0
LINE
5
71A
100
AcDbEntity
8
0
62
7.0
100
AcDbLine
10
748.2513671816876
20
712.5012603810125
11
768.0503570549874
21
692.7022705078125
0
ARC
5
71B
100
AcDbEntity
8
0
62
7.0
100
AcDbCircle
10
754.6057739257813
20
1273.99590759345
40
28.0
50
45.0
51
135.0
0
LINE
5
71C
100
AcDbEntity
8
0
62
7.0
100
AcDbLine
10
754.6057739257813
20
1273.99590759345
11
734.8067840525813
21
1293.79489746675
0
LINE
5
71D
100
AcDbEntity
8
0
62
7.0
100
AcDbLine
10
774.4047637989812
20
1293.79489746675
11
754.6057739257813
21
1273.99590759345
0
ARC
5
71E
100
AcDbEntity
8
0
62
7.0
100
AcDbCircle
10
731.8466156012626
20
1808.86181640625
40
28.0
50
-45.0
51
45.0
0
LINE
5
71F
100
AcDbEntity
8
0
62
7.0
100
AcDbLine
10
731.8466156012626
20
1808.86181640625
11
751.6456054745624
21
1828.66080627945
0
LINE
5
720
100
AcDbEntity
8
0
62
7.0
100
AcDbLine
10
751.6456054745624
20
1789.06282653305
11
731.8466156012626
21
1808.86181640625
0
ARC
5
721
100
AcDbEntity
8
0
62
7.0
100
AcDbCircle
10
789.7544586174874
20
1482.9476318359375
40
28.0
50
135.0
51
225.0
0
LINE
5
722
100
AcDbEntity
8
0
62
7.0
100
AcDbLine
10
789.7544586174874
20
1482.9476318359375
11
769.9554687441876
21
1463.1486419627374
0
LINE
5
723
100
AcDbEntity
8
0
62
7.0
100
AcDbLine
10
769.9554687441876
20
1502.7466217091376
11
789.7544586174874
21
1482.9476318359375
0
ARC
5
724
100
AcDbEntity
8
0
62
7.0
100
AcDbCircle
10
746.7785614020438
20
1386.566650390625
40
28.0
50
-45.0
51
45.0
0
LINE
5
725
100
AcDbEntity
8
0
62
7.0
100
AcDbLine
10
746.7785614020438
20
1386.566650390625
11
766.5775512753437
21
1406.365640263825
0
LINE
5
726
100
AcDbEntity
8
0
62
7.0
100
AcDbLine
10
766.5775512753437
20
1366.767660517425
11
746.7785614020438
21
1386.566650390625
0
ARC
5
727
100
AcDbEntity
8
0
62
7.0
100
AcDbCircle
10
786.6208526604562
20
1704.9803466796875
40
28.0
50
135.0
51
225.0
0
LINE
5
728
100
AcDbEntity
8
0
62
7.0
100
AcDbLine
10
786.6208526604562
20
1704.9803466796875
11
766.8218627871563
21
1685.1813568064874
0
LINE
5
729
100
AcDbEntity
8
0
62
7.0
100
AcDbLine
10
766.8218627871563
20
1724.7793365528876
11
786.6208526604562
21
1704.9803466796875
0
ARC
5
72A
100
AcDbEntity
8
0
62
7.0
100
AcDbCircle
10
731.286190796575
20
260.6556396484375
40
28.0
50
-45.0
51
45.0
0
LINE
5
72B
100
AcDbEntity
8
0
62
7.0
100
AcDbLine
10
731.286190796575
20
260.6556396484375
11
751.085180669875
21
280.4546295216375
0
LINE
5
72C
100
AcDbEntity
8
0
62
7.0
100
AcDbLine
10
751.085180669875
20
240.85664977523749
11
731.286190796575
21
260.6556396484375
0
ARC
5
72D
100
AcDbEntity
8
0
62
7.0
100
AcDbCircle
10
757.22509765625
20
1739.648983765325
40
28.0
50
45.0
51
135.0
0
LINE
5
72E
100
AcDbEntity
8
0
62
7.0
100
AcDbLine
10
757.22509765625
20
1739.648983765325
11
737.42610778305
21
1759.447973638625
0
LINE
5
72F
100
AcDbEntity
8
0
62
7.0
100
AcDbLine
10
777.02408752945
20
1759.447973638625
11
757.22509765625
21
1739.648983765325
0
ARC
5
730
100
AcDbEntity
8
0
62
7.0
100
AcDbCircle
10
762.322998046875
20
793.333926390925
40
28.0
50
-135.0
51
-45.0
0
LINE
5
731
100
AcDbEntity
8
0
62
7.0
100
AcDbLine
10
762.322998046875
20
793.333926390925
11
782.121987920075
21
773.534936517625
0
LINE
5
732
100
AcDbEntity
8
0
62
7.0
100
AcDbLine
10
742.524008173675
20
773.5349365176249
11
762.322998046875
21
793.333926390925
0
ARC
5
733
100
AcDbEntity
8
0
62
7.0
100
AcDbCircle
10
760.4467163085938
20
970.1492340081123
40
28.0
50
-135.0
51
-45.0
0
LINE
5
734
100
AcDbEntity
8
0
62
7.0
100
AcDbLine
10
760.4467163085938
20
970.1492340081123
11
780.2457061817937
21
950.3502441348124
0
LINE
5
735
100
AcDbEntity
8
0
62
7.0
100
AcDbLine
10
740.6477264353938
20
950.3502441348123
11
760.4467163085938
21
970.1492340081123
0
ARC
5
736
100
AcDbEntity
8
0
62
7.0
100
AcDbCircle
10
760.3450897223563
20
41.74165725708008
40
28.0
50
-45.0
51
45.0
0
LINE
5
737
100
AcDbEntity
8
0
62
7.0
100
AcDbLine
10
760.3450897223563
20
41.74165725708008
11
780.1440795956562
21
61.54064713028008
0
LINE
5
738
100
AcDbEntity
8
0
62
7.0
100
AcDbLine
10
780.1440795956562
20
21.942667383880078
11
760.3450897223563
21
41.74165725708008
0
ARC
5
739
100
AcDbEntity
8
0
62
7.0
100
AcDbCircle
10
792.2801544182687
20
1233.2974853515625
40
28.0
50
135.0
51
225.0
0
LINE
5
73A
100
AcDbEntity
8
0
62
7.0
100
AcDbLine
10
792.2801544182687
20
1233.2974853515625
11
772.4811645449688
21
1213.4984954783624
0
LINE
5
73B
100
AcDbEntity
8
0
62
7.0
100
AcDbLine
10
772.4811645449688
20
1253.0964752247626
11
792.2801544182687
21
1233.2974853515625
0
ARC
5
73C
100
AcDbEntity
8
0
62
7.0
100
AcDbCircle
10
759.1312255859375
20
1082.2713043206124
40
28.0
50
-135.0
51
-45.0
0
LINE
5
73D
100
AcDbEntity
8
0
62
7.0
100
AcDbLine
10
759.1312255859375
20
1082.2713043206124
11
778.9302154591375
21
1062.4723144473126
0
LINE
5
73E
100
AcDbEntity
8
0
62
7.0
100
AcDbLine
10
739.3322357127375
20
1062.4723144473126
11
759.1312255859375
21
1082.2713043206124
0
ARC
5
73F
100
AcDbEntity
8
0
62
7.0
100
AcDbCircle
10
768.1680908203125
20
1578.02362365655
40
28.0
50
-135.0
51
-45.0
0
LINE
5
740
100
AcDbEntity
8
0
62
7.0
100
AcDbLine
10
768.1680908203125
20
1578.02362365655
11
787.9670806935125
21
1558.22463378325
0
LINE
5
741
100
AcDbEntity
8
0
62
7.0
100
AcDbLine
10
748.3691009471125
20
1558.22463378325
11
768.1680908203125
21
1578.02362365655
0
ARC
5
742
100
AcDbEntity
8
0
62
7.0
100
AcDbCircle
10
789.5960723870187
20
1117.3800048828125
40
28.0
50
135.0
51
225.0
0
LINE
5
743
100
AcDbEntity
8
0
62
7.0
100
AcDbLine
10
789.5960723870187
20
1117.3800048828125
11
769.7970825137188
21
1097.5810150096124
0
LINE
5
744
100
AcDbEntity
8
0
62
7.0
100
AcDbLine
10
769.7970825137188
20
1137.1789947560126
11
789.5960723870187
21
1117.3800048828125
0
ARC
5
745
100
AcDbEntity
8
0
62
7.0
100
AcDbCircle
10
754.6383026129813
20
1927.783447265625
40
28.0
50
-45.0
51
45.0
0
LINE
5
746
100
AcDbEntity
8
0
62
7.0
100
AcDbLine
10
754.6383026129813
20
1927.783447265625
11
774.4372924862812
21
1947.582437138825
0
LINE
5
747
100
AcDbEntity
8
0
62
7.0
100
AcDbLine
10
774.4372924862812
20
1907.984457392425
11
754.6383026129813
21
1927.783447265625
0
ARC
5
748
100
AcDbEntity
8
0
62
7.0
100
AcDbCircle
10
757.0238006598563
20
1330.6932373046875
40
28.0
50
-45.0
51
45.0
0
LINE
5
749
100
AcDbEntity
8
0
62
7.0
100
AcDbLine
10
757.0238006598563
20
1330.6932373046875
11
776.8227905331562
21
1350.4922271778876
0
LINE
5
74A
100
AcDbEntity
8
0
62
7.0
100
AcDbLine
10
776.8227905331562
20
1310.8942474314874
11
757.0238006598563
21
1330.6932373046875
0
ARC
5
74B
100
AcDbEntity
8
0
62
7.0
100
AcDbCircle
10
771.0064086914063
20
266.3883331305594
40
28.0
50
45.0
51
135.0
0
LINE
5
74C
100
AcDbEntity
8
0
62
7.0
100
AcDbLine
10
771.0064086914063
20
266.3883331305594
11
751.2074188182063
21
286.1873230038594
0
LINE
5
74D
100
AcDbEntity
8
0
62
7.0
100
AcDbLine
10
790.8053985646062
20
286.1873230038594
11
771.0064086914063
21
266.3883331305594
0
ARC
5
74E
100
AcDbEntity
8
0
62
7.0
100
AcDbCircle
10
753.3729858398438
20
1660.1138336174874
40
28.0
50
-135.0
51
-45.0
0
LINE
5
74F
100
AcDbEntity
8
0
62
7.0
100
AcDbLine
10
753.3729858398438
20
1660.1138336174874
11
773.1719757130437
21
1640.3148437441876
0
LINE
5
750
100
AcDbEntity
8
0
62
7.0
100
AcDbLine
10
733.5739959666438
20
1640.3148437441876
11
753.3729858398438
21
1660.1138336174874
0
ARC
5
751
100
AcDbEntity
8
0
62
7.0
100
AcDbCircle
10
791.3084136956124
20
188.01754760742188
40
28.0
50
135.0
51
225.0
0
LINE
5
752
100
AcDbEntity
8
0
62
7.0
100
AcDbLine
10
791.3084136956124
20
188.01754760742188
11
771.5094238223126
21
168.21855773422186
0
LINE
5
753
100
AcDbEntity
8
0
62
7.0
100
AcDbLine
10
771.5094238223126
20
207.8165374806219
11
791.3084136956124
21
188.01754760742188
0
ARC
5
754
100
AcDbEntity
8
0
62
7.0
100
AcDbCircle
10
763.4637420661063
20
1813.8084716796875
40
28.0
50
-45.0
51
45.0
0
LINE
5
755
100
AcDbEntity
8
0
62
7.0
100
AcDbLine
10
763.4637420661063
20
1813.8084716796875
11
783.2627319394062
21
1833.6074615528876
0
LINE
5
756
100
AcDbEntity
8
0
62
7.0
100
AcDbLine
10
783.2627319394062
20
1794.0094818064874
11
763.4637420661063
21
1813.8084716796875
0
ARC
5
757
100
AcDbEntity
8
0
62
7.0
100
AcDbCircle
10
795.1619903557687
20
616.033935546875
40
28.0
50
135.0
51
225.0
0
LINE
5
758
100
AcDbEntity
8
0
62
7.0
100
AcDbLine
10
795.1619903557687
20
616.033935546875
11
775.3630004824688
21
596.234945673675
0
LINE
5
759
100
AcDbEntity
8
0
62
7.0
100
AcDbLine
10
775.3630004824688
20
635.832925420075
11
795.1619903557687
21
616.033935546875
0
ARC
5
75A
100
AcDbEntity
8
0
62
7.0
100
AcDbCircle
10
742.2826507575126
20
1867.79150390625
40
28.0
50
-45.0
51
45.0
0
LINE
5
75B
100
AcDbEntity
8
0
62
7.0
100
AcDbLine
10
742.2826507575126
20
1867.79150390625
11
762.0816406308124
21
1887.59049377945
0
LINE
5
75C
100
AcDbEntity
8
0
62
7.0
100
AcDbLine
10
762.0816406308124
20
1847.99251403305
11
742.2826507575126
21
1867.79150390625
0
ARC
5
75D
100
AcDbEntity
8
0
62
7.0
100
AcDbCircle
10
762.392147827825
20
1150.2452392578125
40
28.0
50
-45.0
51
45.0
0
LINE
5
75E
100
AcDbEntity
8
0
62
7.0
100
AcDbLine
10
762.392147827825
20
1150.2452392578125
11
782.191137701125
21
1170.0442291310126
0
LINE
5
75F
100
AcDbEntity
8
0
62
7.0
100
AcDbLine
10
782.191137701125
20
1130.4462493846124
11
762.392147827825
21
1150.2452392578125
0
ARC
5
760
100
AcDbEntity
8
0
62
7.0
100
AcDbCircle
10
760.9396331793876
20
454.3282165527344
40
28.0
50
-45.0
51
45.0
0
LINE
5
761
100
AcDbEntity
8
0
62
7.0
100
AcDbLine
10
760.9396331793876
20
454.3282165527344
11
780.7386230526874
21
474.1272064259344
0
LINE
5
762
100
AcDbEntity
8
0
62
7.0
100
AcDbLine
10
780.7386230526874
20
434.52922667953436
11
760.9396331793876
21
454.3282165527344
0
ARC
5
763
100
AcDbEntity
8
0
62
7.0
100
AcDbCircle
10
763.1856658942313
20
973.0679321289063
40
28.0
50
-45.0
51
45.0
0
LINE
5
764
100
AcDbEntity
8
0
62
7.0
100
AcDbLine
10
763.1856658942313
20
973.0679321289063
11
782.9846557675312
21
992.8669220021062
0
LINE
5
765
100
AcDbEntity
8
0
62
7.0
100
AcDbLine
10
782.9846557675312
20
953.2689422557063
11
763.1856658942313
21
973.0679321289063
0
ARC
5
766
100
AcDbEntity
8
0
62
7.0
100
AcDbCircle
10
787.2955932617188
20
1024.7708160393624
40
28.0
50
-135.0
51
-45.0
0
LINE
5
767
100
AcDbEntity
8
0
62
7.0
100
AcDbLine
10
787.2955932617188
20
1024.7708160393624
11
807.0945831349187
21
1004.9718261660626
0
LINE
5
768
100
AcDbEntity
8
0
62
7.0
100
AcDbLine
10
767.4966033885188
20
1004.9718261660624
11
787.2955932617188
21
1024.7708160393624
0
ARC
5
769
100
AcDbEntity
8
0
62
7.0
100
AcDbCircle
10
755.210995484075
20
239.32391357421875
40
28.0
50
-45.0
51
45.0
0
LINE
5
76A
100
AcDbEntity
8
0
62
7.0
100
AcDbLine
10
755.210995484075
20
239.32391357421875
11
775.009985357375
21
259.12290344741876
0
LINE
5
76B
100
AcDbEntity
8
0
62
7.0
100
AcDbLine
10
775.009985357375
20
219.52492370101874
11
755.210995484075
21
239.32391357421875
0
ARC
5
76C
100
AcDbEntity
8
0
62
7.0
100
AcDbCircle
10
803.214785765925
20
315.6915588378906
40
28.0
50
135.0
51
225.0
0
LINE
5
76D
100
AcDbEntity
8
0
62
7.0
100
AcDbLine
10
803.214785765925
20
315.6915588378906
11
783.415795892625
21
295.8925689646906
0
LINE
5
76E
100
AcDbEntity
8
0
62
7.0
100
AcDbLine
10
783.415795892625
20
335.49054871109064
11
803.214785765925
21
315.6915588378906
0
ARC
5
76F
100
AcDbEntity
8
0
62
7.0
100
AcDbCircle
10
802.2626983635812
20
91.04854583740234
40
28.0
50
135.0
51
225.0
0
LINE
5
770
100
AcDbEntity
8
0
62
7.0
100
AcDbLine
10
802.2626983635812
20
91.04854583740234
11
782.4637084902813
21
71.24955596420234
0
LINE
5
771
100
AcDbEntity
8
0
62
7.0
100
AcDbLine
10
782.4637084902813
20
110.84753571060234
11
802.2626983635812
21
91.04854583740234
0
ARC
5
772
100
AcDbEntity
8
0
62
7.0
100
AcDbCircle
10
768.3955047614188
20
792.9248046875
40
28.0
50
-45.0
51
45.0
0
LINE
5
773
100
AcDbEntity
8
0
62
7.0
100
AcDbLine
10
768.3955047614188
20
792.9248046875
11
788.1944946347187
21
812.7237945607
0
LINE
5
774
100
AcDbEntity
8
0
62
7.0
100
AcDbLine
10
788.1944946347187
20
773.1258148143
11
768.3955047614188
21
792.9248046875
0
ARC
5
775
100
AcDbEntity
8
0
62
7.0
100
AcDbCircle
10
798.440371703425
20
1272.593017578125
40
28.0
50
135.0
51
225.0
0
LINE
5
776
100
AcDbEntity
8
0
62
7.0
100
AcDbLine
10
798.440371703425
20
1272.593017578125
11
778.641381830125
21
1252.794027704925
0
LINE
5
777
100
AcDbEntity
8
0
62
7.0
100
AcDbLine
10
778.641381830125
20
1292.392007451325
11
798.440371703425
21
1272.593017578125
0
ARC
5
778
100
AcDbEntity
8
0
62
7.0
100
AcDbCircle
10
760.2535980231376
20
1737.0086669921875
40
28.0
50
-45.0
51
45.0
0
LINE
5
779
100
AcDbEntity
8
0
62
7.0
100
AcDbLine
10
760.2535980231376
20
1737.0086669921875
11
780.0525878964374
21
1756.8076568653876
0
LINE
5
77A
100
AcDbEntity
8
0
62
7.0
100
AcDbLine
10
780.0525878964374
20
1717.2096771189874
11
760.2535980231376
21
1737.0086669921875
0
ARC
5
77B
100
AcDbEntity
8
0
62
7.0
100
AcDbCircle
10
770.4513519293876
20
889.65576171875
40
28.0
50
-45.0
51
45.0
0
LINE
5
77C
100
AcDbEntity
8
0
62
7.0
100
AcDbLine
10
770.4513519293876
20
889.65576171875
11
790.2503418026874
21
909.45475159195
0
LINE
5
77D
100
AcDbEntity
8
0
62
7.0
100
AcDbLine
10
790.2503418026874
20
869.85677184555
11
770.4513519293876
21
889.65576171875
0
ARC
5
77E
100
AcDbEntity
8
0
62
7.0
100
AcDbCircle
10
754.0095184332938
20
412.2248840332031
40
28.0
50
-45.0
51
45.0
0
LINE
5
77F
100
AcDbEntity
8
0
62
7.0
100
AcDbLine
10
754.0095184332938
20
412.2248840332031
11
773.8085083065937
21
432.02387390640314
0
LINE
5
780
100
AcDbEntity
8
0
62
7.0
100
AcDbLine
10
773.8085083065937
20
392.4258941600031
11
754.0095184332938
21
412.2248840332031
0
ARC
5
781
100
AcDbEntity
8
0
62
7.0
100
AcDbCircle
10
781.5345428473563
20
1249.7086181640625
40
28.0
50
-45.0
51
45.0
0
LINE
5
782
100
AcDbEntity
8
0
62
7.0
100
AcDbLine
10
781.5345428473563
20
1249.7086181640625
11
801.3335327206562
21
1269.5076080372626
0
LINE
5
783
100
AcDbEntity
8
0
62
7.0
100
AcDbLine
10
801.3335327206562
20
1229.9096282908624
11
781.5345428473563
21
1249.7086181640625
0
ARC
5
784
100
AcDbEntity
8
0
62
7.0
100
AcDbCircle
10
779.9582489020438
20
1296.7357177734375
40
28.0
50
-45.0
51
45.0
0
LINE
5
785
100
AcDbEntity
8
0
62
7.0
100
AcDbLine
10
779.9582489020438
20
1296.7357177734375
11
799.7572387753437
21
1316.5347076466376
0
LINE
5
786
100
AcDbEntity
8
0
62
7.0
100
AcDbLine
10
799.7572387753437
20
1276.9367279002374
11
779.9582489020438
21
1296.7357177734375
0
ARC
5
787
100
AcDbEntity
8
0
62
7.0
100
AcDbCircle
10
784.6630249023438
20
823.7081268317313
40
28.0
50
45.0
51
135.0
0
LINE
5
788
100
AcDbEntity
8
0
62
7.0
100
AcDbLine
10
784.6630249023438
20
823.7081268317313
11
764.8640350291438
21
843.5071167050312
0
LINE
5
789
100
AcDbEntity
8
0
62
7.0
100
AcDbLine
10
804.4620147755437
20
843.5071167050312
11
784.6630249023438
21
823.7081268317313
0
ARC
5
78A
100
AcDbEntity
8
0
62
7.0
100
AcDbCircle
10
792.0219757073312
20
671.1068115234375
40
28.0
50
135.0
51
225.0
0
LINE
5
78B
100
AcDbEntity
8
0
62
7.0
100
AcDbLine
10
792.0219757073312
20
671.1068115234375
11
772.2229858340313
21
651.3078216502375
0
LINE
5
78C
100
AcDbEntity
8
0
62
7.0
100
AcDbLine
10
772.2229858340313
20
690.9058013966375
11
792.0219757073312
21
671.1068115234375
0
ARC
5
78D
100
AcDbEntity
8
0
62
7.0
100
AcDbCircle
10
793.652285765925
20
714.5697021484375
40
28.0
50
135.0
51
225.0
0
LINE
5
78E
100
AcDbEntity
8
0
62
7.0
100
AcDbLine
10
793.652285765925
20
714.5697021484375
11
773.853295892625
21
694.7707122752375
0
LINE
5
78F
100
AcDbEntity
8
0
62
7.0
100
AcDbLine
10
773.853295892625
20
734.3686920216375
11
793.652285765925
21
714.5697021484375
0
ARC
5
790
100
AcDbEntity
8
0
62
7.0
100
AcDbCircle
10
774.3597991950126
20
588.3172607421875
40
28.0
50
-45.0
51
45.0
0
LINE
5
791
100
AcDbEntity
8
0
62
7.0
100
AcDbLine
10
774.3597991950126
20
588.3172607421875
11
794.1587890683124
21
608.1162506153875
0
LINE
5
792
100
AcDbEntity
8
0
62
7.0
100
AcDbLine
10
794.1587890683124
20
568.5182708689875
11
774.3597991950126
21
588.3172607421875
0
ARC
5
793
100
AcDbEntity
8
0
62
7.0
100
AcDbCircle
10
779.8208618164063
20
735.9666717536063
40
28.0
50
45.0
51
135.0
0
LINE
5
794
100
AcDbEntity
8
0
62
7.0
100
AcDbLine
10
779.8208618164063
20
735.9666717536063
11
760.0218719432063
21
755.7656616269062
0
LINE
5
795
100
AcDbEntity
8
0
62
7.0
100
AcDbLine
10
799.6198516896062
20
755.7656616269062
11
779.8208618164063
21
735.9666717536063
0
ARC
5
796
100
AcDbEntity
8
0
62
7.0
100
AcDbCircle
10
770.0348480231376
20
1047.6903076171875
40
28.0
50
-45.0
51
45.0
0
LINE
5
797
100
AcDbEntity
8
0
62
7.0
100
AcDbLine
10
770.0348480231376
20
1047.6903076171875
11
789.8338378964374
21
1067.4892974903876
0
LINE
5
798
100
AcDbEntity
8
0
62
7.0
100
AcDbLine
10
789.8338378964374
20
1027.8913177439874
11
770.0348480231376
21
1047.6903076171875
0
ARC
5
799
100
AcDbEntity
8
0
62
7.0
100
AcDbCircle
10
771.7247283942313
20
645.1427001953125
40
28.0
50
-45.0
51
45.0
0
LINE
5
79A
100
AcDbEntity
8
0
62
7.0
100
AcDbLine
10
771.7247283942313
20
645.1427001953125
11
791.5237182675312
21
664.9416900685125
0
LINE
5
79B
100
AcDbEntity
8
0
62
7.0
100
AcDbLine
10
791.5237182675312
20
625.3437103221125
11
771.7247283942313
21
645.1427001953125
0
ARC
5
79C
100
AcDbEntity
8
0
62
7.0
100
AcDbCircle
10
804.3317901604562
20
1367.4962158203125
40
28.0
50
135.0
51
225.0
0
LINE
5
79D
100
AcDbEntity
8
0
62
7.0
100
AcDbLine
10
804.3317901604562
20
1367.4962158203125
11
784.5328002871563
21
1347.6972259471124
0
LINE
5
79E
100
AcDbEntity
8
0
62
7.0
100
AcDbLine
10
784.5328002871563
20
1387.2952056935126
11
804.3317901604562
21
1367.4962158203125
0
ARC
5
79F
100
AcDbEntity
8
0
62
7.0
100
AcDbCircle
10
805.9088775628
20
378.5472106933594
40
28.0
50
135.0
51
225.0
0
LINE
5
7A0
100
AcDbEntity
8
0
62
7.0
100
AcDbLine
10
805.9088775628
20
378.5472106933594
11
786.1098876895
21
358.74822082015936
0
LINE
5
7A1
100
AcDbEntity
8
0
62
7.0
100
AcDbLine
10
786.1098876895
20
398.3462005665594
11
805.9088775628
21
378.5472106933594
0
ARC
5
7A2
100
AcDbEntity
8
0
62
7.0
100
AcDbCircle
10
769.497314453125
20
511.9880645758719
40
28.0
50
45.0
51
135.0
0
LINE
5
7A3
100
AcDbEntity
8
0
62
7.0
100
AcDbLine
10
769.497314453125
20
511.9880645758719
11
749.698324579925
21
531.7870544491718
0
LINE
5
7A4
100
AcDbEntity
8
0
62
7.0
100
AcDbLine
10
789.296304326325
20
531.7870544491718
11
769.497314453125
21
511.9880645758719
0
ARC
5
7A5
100
AcDbEntity
8
0
62
7.0
100
AcDbCircle
10
787.2794189453125
20
1430.9275543206124
40
28.0
50
-135.0
51
-45.0
0
LINE
5
7A6
100
AcDbEntity
8
0
62
7.0
100
AcDbLine
10
787.2794189453125
20
1430.9275543206124
11
807.0784088185125
21
1411.1285644473126
0
LINE
5
7A7
100
AcDbEntity
8
0
62
7.0
100
AcDbLine
10
767.4804290721125
20
1411.1285644473126
11
787.2794189453125
21
1430.9275543206124
0
ARC
5
7A8
100
AcDbEntity
8
0
62
7.0
100
AcDbCircle
10
770.4660003668876
20
1507.9095458984375
40
28.0
50
-45.0
51
45.0
0
LINE
5
7A9
100
AcDbEntity
8
0
62
7.0
100
AcDbLine
10
770.4660003668876
20
1507.9095458984375
11
790.2649902401874
21
1527.7085357716376
0
LINE
5
7AA
100
AcDbEntity
8
0
62
7.0
100
AcDbLine
10
790.2649902401874
20
1488.1105560252374
11
770.4660003668876
21
1507.9095458984375
0
ARC
5
7AB
100
AcDbEntity
8
0
62
7.0
100
AcDbCircle
10
772.362362671575
20
933.567138671875
40
28.0
50
-45.0
51
45.0
0
LINE
5
7AC
100
AcDbEntity
8
0
62
7.0
100
AcDbLine
10
772.362362671575
20
933.567138671875
11
792.161352544875
21
953.366128545075
0
LINE
5
7AD
100
AcDbEntity
8
0
62
7.0
100
AcDbLine
10
792.161352544875
20
913.768148798675
11
772.362362671575
21
933.567138671875
0
ARC
5
7AE
100
AcDbEntity
8
0
62
7.0
100
AcDbCircle
10
786.8424072265625
20
1791.7448150628
40
28.0
50
-135.0
51
-45.0
0
LINE
5
7AF
100
AcDbEntity
8
0
62
7.0
100
AcDbLine
10
786.8424072265625
20
1791.7448150628
11
806.6413970997625
21
1771.9458251895
0
LINE
5
7B0
100
AcDbEntity
8
0
62
7.0
100
AcDbLine
10
767.0434173533625
20
1771.9458251895
11
786.8424072265625
21
1791.7448150628
0
ARC
5
7B1
100
AcDbEntity
8
0
62
7.0
100
AcDbCircle
10
778.362548828125
20
1988.92010803155
40
28.0
50
-135.0
51
-45.0
0
LINE
5
7B2
100
AcDbEntity
8
0
62
7.0
100
AcDbLine
10
778.362548828125
20
1988.92010803155
11
798.161538701325
21
1969.12111815825
0
LINE
5
7B3
100
AcDbEntity
8
0
62
7.0
100
AcDbLine
10
758.563558954925
20
1969.12111815825
11
778.362548828125
21
1988.92010803155
0
ARC
5
7B4
100
AcDbEntity
8
0
62
7.0
100
AcDbCircle
10
782.3062133789063
20
1104.4111968987374
40
28.0
50
-135.0
51
-45.0
0
LINE
5
7B5
100
AcDbEntity
8
0
62
7.0
100
AcDbLine
10
782.3062133789063
20
1104.4111968987374
11
802.1052032521062
21
1084.6122070254376
0
LINE
5
7B6
100
AcDbEntity
8
0
62
7.0
100
AcDbLine
10
762.5072235057063
20
1084.6122070254376
11
782.3062133789063
21
1104.4111968987374
0
ARC
5
7B7
100
AcDbEntity
8
0
62
7.0
100
AcDbCircle
10
773.1061981207938
20
211.87847900390625
40
28.0
50
-45.0
51
45.0
0
LINE
5
7B8
100
AcDbEntity
8
0
62
7.0
100
AcDbLine
10
773.1061981207938
20
211.87847900390625
11
792.9051879940937
21
231.67746887710626
0
LINE
5
7B9
100
AcDbEntity
8
0
62
7.0
100
AcDbLine
10
792.9051879940937
20
192.07948913070624
11
773.1061981207938
21
211.87847900390625
0
ARC
5
7BA
100
AcDbEntity
8
0
62
7.0
100
AcDbCircle
10
823.2353546135812
20
1818.457763671875
40
28.0
50
135.0
51
225.0
0
LINE
5
7BB
100
AcDbEntity
8
0
62
7.0
100
AcDbLine
10
823.2353546135812
20
1818.457763671875
11
803.4363647402813
21
1798.658773798675
0
LINE
5
7BC
100
AcDbEntity
8
0
62
7.0
100
AcDbLine
10
803.4363647402813
20
1838.256753545075
11
823.2353546135812
21
1818.457763671875
0
ARC
5
7BD
100
AcDbEntity
8
0
62
7.0
100
AcDbCircle
10
781.7048309332938
20
732.1928100585938
40
28.0
50
-45.0
51
45.0
0
LINE
5
7BE
100
AcDbEntity
8
0
62
7.0
100
AcDbLine
10
781.7048309332938
20
732.1928100585938
11
801.5038208065937
21
751.9917999317937
0
LINE
5
7BF
100
AcDbEntity
8
0
62
7.0
100
AcDbLine
10
801.5038208065937
20
712.3938201853938
11
781.7048309332938
21
732.1928100585938
0
ARC
5
7C0
100
AcDbEntity
8
0
62
7.0
100
AcDbCircle
10
817.5544464104562
20
23.894908905029297
40
28.0
50
135.0
51
225.0
0
LINE
5
7C1
100
AcDbEntity
8
0
62
7.0
100
AcDbLine
10
817.5544464104562
20
23.894908905029297
11
797.7554565371563
21
4.095919031829297
0
LINE
5
7C2
100
AcDbEntity
8
0
62
7.0
100
AcDbLine
10
797.7554565371563
20
43.6938987782293
11
817.5544464104562
21
23.894908905029297
0
ARC
5
7C3
100
AcDbEntity
8
0
62
7.0
100
AcDbCircle
10
813.8577911370187
20
416.0830383300781
40
28.0
50
135.0
51
225.0
0
LINE
5
7C4
100
AcDbEntity
8
0
62
7.0
100
AcDbLine
10
813.8577911370187
20
416.0830383300781
11
794.0588012637188
21
396.2840484568781
0
LINE
5
7C5
100
AcDbEntity
8
0
62
7.0
100
AcDbLine
10
794.0588012637188
20
435.88202820327814
11
813.8577911370187
21
416.0830383300781
0
ARC
5
7C6
100
AcDbEntity
8
0
62
7.0
100
AcDbCircle
10
790.3685302734375
20
1832.3567474372
40
28.0
50
45.0
51
135.0
0
LINE
5
7C7
100
AcDbEntity
8
0
62
7.0
100
AcDbLine
10
790.3685302734375
20
1832.3567474372
11
770.5695404002375
21
1852.1557373105
0
LINE
5
7C8
100
AcDbEntity
8
0
62
7.0
100
AcDbLine
10
810.1675201466375
20
1852.1557373105
11
790.3685302734375
21
1832.3567474372
0
ARC
5
7C9
100
AcDbEntity
8
0
62
7.0
100
AcDbCircle
10
787.9557464606376
20
294.7621765136719
40
28.0
50
-45.0
51
45.0
0
LINE
5
7CA
100
AcDbEntity
8
0
62
7.0
100
AcDbLine
10
787.9557464606376
20
294.7621765136719
11
807.7547363339374
21
314.5611663868719
0
LINE
5
7CB
100
AcDbEntity
8
0
62
7.0
100
AcDbLine
10
807.7547363339374
20
274.96318664047186
11
787.9557464606376
21
294.7621765136719
0
ARC
5
7CC
100
AcDbEntity
8
0
62
7.0
100
AcDbCircle
10
780.4393890387626
20
546.35986328125
40
28.0
50
-45.0
51
45.0
0
LINE
5
7CD
100
AcDbEntity
8
0
62
7.0
100
AcDbLine
10
780.4393890387626
20
546.35986328125
11
800.2383789120624
21
566.15885315445
0
LINE
5
7CE
100
AcDbEntity
8
0
62
7.0
100
AcDbLine
10
800.2383789120624
20
526.56087340805
11
780.4393890387626
21
546.35986328125
0
ARC
5
7CF
100
AcDbEntity
8
0
62
7.0
100
AcDbCircle
10
771.7239349372
20
1459.0174560546875
40
28.0
50
-45.0
51
45.0
0
LINE
5
7D0
100
AcDbEntity
8
0
62
7.0
100
AcDbLine
10
771.7239349372
20
1459.0174560546875
11
791.5229248105
21
1478.8164459278876
0
LINE
5
7D1
100
AcDbEntity
8
0
62
7.0
100
AcDbLine
10
791.5229248105
20
1439.2184661814874
11
771.7239349372
21
1459.0174560546875
0
ARC
5
7D2
100
AcDbEntity
8
0
62
7.0
100
AcDbCircle
10
809.4387237542062
20
129.32986450195313
40
28.0
50
135.0
51
225.0
0
LINE
5
7D3
100
AcDbEntity
8
0
62
7.0
100
AcDbLine
10
809.4387237542062
20
129.32986450195313
11
789.6397338809063
21
109.53087462875312
0
LINE
5
7D4
100
AcDbEntity
8
0
62
7.0
100
AcDbLine
10
789.6397338809063
20
149.12885437515314
11
809.4387237542062
21
129.32986450195313
0
ARC
5
7D5
100
AcDbEntity
8
0
62
7.0
100
AcDbCircle
10
801.9160766601563
20
45.62357788153594
40
28.0
50
45.0
51
135.0
0
LINE
5
7D6
100
AcDbEntity
8
0
62
7.0
100
AcDbLine
10
801.9160766601563
20
45.62357788153594
11
782.1170867869563
21
65.42256775483594
0
LINE
5
7D7
100
AcDbEntity
8
0
62
7.0
100
AcDbLine
10
821.7150665333562
20
65.42256775483594
11
801.9160766601563
21
45.62357788153594
0
ARC
5
7D8
100
AcDbEntity
8
0
62
7.0
100
AcDbCircle
10
805.33837890625
20
455.0153167731375
40
28.0
50
45.0
51
135.0
0
LINE
5
7D9
100
AcDbEntity
8
0
62
7.0
100
AcDbLine
10
805.33837890625
20
455.0153167731375
11
785.53938903305
21
474.8143066464375
0
LINE
5
7DA
100
AcDbEntity
8
0
62
7.0
100
AcDbLine
10
825.13736877945
20
474.8143066464375
11
805.33837890625
21
455.0153167731375
0
ARC
5
7DB
100
AcDbEntity
8
0
62
7.0
100
AcDbCircle
10
776.0310668945313
20
1682.7780181878
40
28.0
50
-135.0
51
-45.0
0
LINE
5
7DC
100
AcDbEntity
8
0
62
7.0
100
AcDbLine
10
776.0310668945313
20
1682.7780181878
11
795.8300567677312
21
1662.9790283145
0
LINE
5
7DD
100
AcDbEntity
8
0
62
7.0
100
AcDbLine
10
756.2320770213313
20
1662.9790283145
11
776.0310668945313
21
1682.7780181878
0
ARC
5
7DE
100
AcDbEntity
8
0
62
7.0
100
AcDbCircle
10
805.2282104492188
20
358.9243499749094
40
28.0
50
-135.0
51
-45.0
0
LINE
5
7DF
100
AcDbEntity
8
0
62
7.0
100
AcDbLine
10
805.2282104492188
20
358.9243499749094
11
825.0272003224187
21
339.1253601016094
0
LINE
5
7E0
100
AcDbEntity
8
0
62
7.0
100
AcDbLine
10
785.4292205760188
20
339.1253601016094
11
805.2282104492188
21
358.9243499749094
0
ARC
5
7E1
100
AcDbEntity
8
0
62
7.0
100
AcDbCircle
10
785.4248016364188
20
1106.9573974609375
40
28.0
50
-45.0
51
45.0
0
LINE
5
7E2
100
AcDbEntity
8
0
62
7.0
100
AcDbLine
10
785.4248016364188
20
1106.9573974609375
11
805.2237915097187
21
1126.7563873341376
0
LINE
5
7E3
100
AcDbEntity
8
0
62
7.0
100
AcDbLine
10
805.2237915097187
20
1087.1584075877374
11
785.4248016364188
21
1106.9573974609375
0
ARC
5
7E4
100
AcDbEntity
8
0
62
7.0
100
AcDbCircle
10
776.724179077825
20
167.70323181152344
40
28.0
50
-45.0
51
45.0
0
LINE
5
7E5
100
AcDbEntity
8
0
62
7.0
100
AcDbLine
10
776.724179077825
20
167.70323181152344
11
796.523168951125
21
187.50222168472345
0
LINE
5
7E6
100
AcDbEntity
8
0
62
7.0
100
AcDbLine
10
796.523168951125
20
147.90424193832342
11
776.724179077825
21
167.70323181152344
0
ARC
5
7E7
100
AcDbEntity
8
0
62
7.0
100
AcDbCircle
10
789.9818695075126
20
863.704345703125
40
28.0
50
-45.0
51
45.0
0
LINE
5
7E8
100
AcDbEntity
8
0
62
7.0
100
AcDbLine
10
789.9818695075126
20
863.704345703125
11
809.7808593808124
21
883.503335576325
0
LINE
5
7E9
100
AcDbEntity
8
0
62
7.0
100
AcDbLine
10
809.7808593808124
20
843.905355829925
11
789.9818695075126
21
863.704345703125
0
ARC
5
7EA
100
AcDbEntity
8
0
62
7.0
100
AcDbCircle
10
775.9955413825126
20
1688.4801025390625
40
28.0
50
-45.0
51
45.0
0
LINE
5
7EB
100
AcDbEntity
8
0
62
7.0
100
AcDbLine
10
775.9955413825126
20
1688.4801025390625
11
795.7945312558124
21
1708.2790924122626
0
LINE
5
7EC
100
AcDbEntity
8
0
62
7.0
100
AcDbLine
10
795.7945312558124
20
1668.6811126658624
11
775.9955413825126
21
1688.4801025390625
0
ARC
5
7ED
100
AcDbEntity
8
0
62
7.0
100
AcDbCircle
10
819.7063629143624
20
687.3247680664063
40
28.0
50
135.0
51
225.0
0
LINE
5
7EE
100
AcDbEntity
8
0
62
7.0
100
AcDbLine
10
819.7063629143624
20
687.3247680664063
11
799.9073730410626
21
667.5257781932063
0
LINE
5
7EF
100
AcDbEntity
8
0
62
7.0
100
AcDbLine
10
799.9073730410626
20
707.1237579396062
11
819.7063629143624
21
687.3247680664063
0
ARC
5
7F0
100
AcDbEntity
8
0
62
7.0
100
AcDbCircle
10
797.6022918707938
20
610.4934692382813
40
28.0
50
-45.0
51
45.0
0
LINE
5
7F1
100
AcDbEntity
8
0
62
7.0
100
AcDbLine
10
797.6022918707938
20
610.4934692382813
11
817.4012817440937
21
630.2924591114812
0
LINE
5
7F2
100
AcDbEntity
8
0
62
7.0
100
AcDbLine
10
817.4012817440937
20
590.6944793650813
11
797.6022918707938
21
610.4934692382813
0
ARC
5
7F3
100
AcDbEntity
8
0
62
7.0
100
AcDbCircle
10
768.482968140325
20
1886.3004150390625
40
28.0
50
-45.0
51
45.0
0
LINE
5
7F4
100
AcDbEntity
8
0
62
7.0
100
AcDbLine
10
768.482968140325
20
1886.3004150390625
11
788.281958013625
21
1906.0994049122626
0
LINE
5
7F5
100
AcDbEntity
8
0
62
7.0
100
AcDbLine
10
788.281958013625
20
1866.5014251658624
11
768.482968140325
21
1886.3004150390625
0
ARC
5
7F6
100
AcDbEntity
8
0
62
7.0
100
AcDbCircle
10
809.985781859675
20
1186.6971435546875
40
28.0
50
135.0
51
225.0
0
LINE
5
7F7
100
AcDbEntity
8
0
62
7.0
100
AcDbLine
10
809.985781859675
20
1186.6971435546875
11
790.186791986375
21
1166.8981536814874
0
LINE
5
7F8
100
AcDbEntity
8
0
62
7.0
100
AcDbLine
10
790.186791986375
20
1206.4961334278876
11
809.985781859675
21
1186.6971435546875
0
ARC
5
7F9
100
AcDbEntity
8
0
62
7.0
100
AcDbCircle
10
795.0764770507813
20
514.1143829338937
40
28.0
50
-135.0
51
-45.0
0
LINE
5
7FA
100
AcDbEntity
8
0
62
7.0
100
AcDbLine
10
795.0764770507813
20
514.1143829338937
11
814.8754669239812
21
494.31539306059375
0
LINE
5
7FB
100
AcDbEntity
8
0
62
7.0
100
AcDbLine
10
775.2774871775813
20
494.31539306059375
11
795.0764770507813
21
514.1143829338937
0
ARC
5
7FC
100
AcDbEntity
8
0
62
7.0
100
AcDbCircle
10
806.5533447265625
20
800.2277191168876
40
28.0
50
45.0
51
135.0
0
LINE
5
7FD
100
AcDbEntity
8
0
62
7.0
100
AcDbLine
10
806.5533447265625
20
800.2277191168876
11
786.7543548533625
21
820.0267089901874
0
LINE
5
7FE
100
AcDbEntity
8
0
62
7.0
100
AcDbLine
10
826.3523345997625
20
820.0267089901874
11
806.5533447265625
21
800.2277191168876
0
ARC
5
7FF
100
AcDbEntity
8
0
62
7.0
100
AcDbCircle
10
805.690185546875
20
228.6517608649344
40
28.0
50
45.0
51
135.0
0
LINE
5
800
100
AcDbEntity
8
0
62
7.0
100
AcDbLine
10
805.690185546875
20
228.6517608649344
11
785.891195673675
21
248.4507507382344
0
LINE
5
801
100
AcDbEntity
8
0
62
7.0
100
AcDbLine
10
825.489175420075
20
248.4507507382344
11
805.690185546875
21
228.6517608649344
0
ARC
5
802
100
AcDbEntity
8
0
62
7.0
100
AcDbCircle
10
820.9241973870187
20
1728.2210693359375
40
28.0
50
135.0
51
225.0
0
LINE
5
803
100
AcDbEntity
8
0
62
7.0
100
AcDbLine
10
820.9241973870187
20
1728.2210693359375
11
801.1252075137188
21
1708.4220794627374
0
LINE
5
804
100
AcDbEntity
8
0
62
7.0
100
AcDbLine
10
801.1252075137188
20
1748.0200592091376
11
820.9241973870187
21
1728.2210693359375
0
ARC
5
805
100
AcDbEntity
8
0
62
7.0
100
AcDbCircle
10
810.89404296875
20
1412.9718597418876
40
28.0
50
45.0
51
135.0
0
LINE
5
806
100
AcDbEntity
8
0
62
7.0
100
AcDbLine
10
810.89404296875
20
1412.9718597418876
11
791.09505309555
21
1432.7708496151874
0
LINE
5
807
100
AcDbEntity
8
0
62
7.0
100
AcDbLine
10
830.69303284195
20
1432.7708496151874
11
810.89404296875
21
1412.9718597418876
0
ARC
5
808
100
AcDbEntity
8
0
62
7.0
100
AcDbCircle
10
802.6127899176688
20
653.6714477539063
40
28.0
50
-45.0
51
45.0
0
LINE
5
809
100
AcDbEntity
8
0
62
7.0
100
AcDbLine
10
802.6127899176688
20
653.6714477539063
11
822.4117797909687
21
673.4704376271062
0
LINE
5
80A
100
AcDbEntity
8
0
62
7.0
100
AcDbLine
10
822.4117797909687
20
633.8724578807063
11
802.6127899176688
21
653.6714477539063
0
ARC
5
80B
100
AcDbEntity
8
0
62
7.0
100
AcDbCircle
10
802.6584442145438
20
1274.0496826171875
40
28.0
50
-45.0
51
45.0
0
LINE
5
80C
100
AcDbEntity
8
0
62
7.0
100
AcDbLine
10
802.6584442145438
20
1274.0496826171875
11
822.4574340878437
21
1293.8486724903876
0
LINE
5
80D
100
AcDbEntity
8
0
62
7.0
100
AcDbLine
10
822.4574340878437
20
1254.2506927439874
11
802.6584442145438
21
1274.0496826171875
0
ARC
5
80E
100
AcDbEntity
8
0
62
7.0
100
AcDbCircle
10
762.2371795661063
20
1589.7835693359375
40
28.0
50
-45.0
51
45.0
0
LINE
5
80F
100
AcDbEntity
8
0
62
7.0
100
AcDbLine
10
762.2371795661063
20
1589.7835693359375
11
782.0361694394062
21
1609.5825592091376
0
LINE
5
810
100
AcDbEntity
8
0
62
7.0
100
AcDbLine
10
782.0361694394062
20
1569.9845794627374
11
762.2371795661063
21
1589.7835693359375
0
ARC
5
811
100
AcDbEntity
8
0
62
7.0
100
AcDbCircle
10
797.1392791754813
20
517.71826171875
40
28.0
50
-45.0
51
45.0
0
LINE
5
812
100
AcDbEntity
8
0
62
7.0
100
AcDbLine
10
797.1392791754813
20
517.71826171875
11
816.9382690487812
21
537.51725159195
0
LINE
5
813
100
AcDbEntity
8
0
62
7.0
100
AcDbLine
10
816.9382690487812
20
497.91927184555
11
797.1392791754813
21
517.71826171875
0
ARC
5
814
100
AcDbEntity
8
0
62
7.0
100
AcDbCircle
10
833.2646514885812
20
99.04879760742188
40
28.0
50
135.0
51
225.0
0
LINE
5
815
100
AcDbEntity
8
0
62
7.0
100
AcDbLine
10
833.2646514885812
20
99.04879760742188
11
813.4656616152813
21
79.24980773422187
0
LINE
5
816
100
AcDbEntity
8
0
62
7.0
100
AcDbLine
10
813.4656616152813
20
118.84778748062188
11
833.2646514885812
21
99.04879760742188
0
ARC
5
817
100
AcDbEntity
8
0
62
7.0
100
AcDbCircle
10
796.966366577825
20
1140.8759765625
40
28.0
50
-45.0
51
45.0
0
LINE
5
818
100
AcDbEntity
8
0
62
7.0
100
AcDbLine
10
796.966366577825
20
1140.8759765625
11
816.765356451125
21
1160.6749664357
0
LINE
5
819
100
AcDbEntity
8
0
62
7.0
100
AcDbLine
10
816.765356451125
20
1121.0769866893
11
796.966366577825
21
1140.8759765625
0
ARC
5
81A
100
AcDbEntity
8
0
62
7.0
100
AcDbCircle
10
802.7933319098563
20
896.3458251953125
40
28.0
50
-45.0
51
45.0
0
LINE
5
81B
100
AcDbEntity
8
0
62
7.0
100
AcDbLine
10
802.7933319098563
20
896.3458251953125
11
822.5923217831562
21
916.1448150685125
0
LINE
5
81C
100
AcDbEntity
8
0
62
7.0
100
AcDbLine
10
822.5923217831562
20
876.5468353221125
11
802.7933319098563
21
896.3458251953125
0
ARC
5
81D
100
AcDbEntity
8
0
62
7.0
100
AcDbCircle
10
827.4185821526437
20
1030.100341796875
40
28.0
50
135.0
51
225.0
0
LINE
5
81E
100
AcDbEntity
8
0
62
7.0
100
AcDbLine
10
827.4185821526437
20
1030.100341796875
11
807.6195922793438
21
1010.301351923675
0
LINE
5
81F
100
AcDbEntity
8
0
62
7.0
100
AcDbLine
10
807.6195922793438
20
1049.899331670075
11
827.4185821526437
21
1030.100341796875
0
ARC
5
820
100
AcDbEntity
8
0
62
7.0
100
AcDbCircle
10
787.004638671875
20
1610.47149353095
40
28.0
50
45.0
51
135.0
0
LINE
5
821
100
AcDbEntity
8
0
62
7.0
100
AcDbLine
10
787.004638671875
20
1610.47149353095
11
767.205648798675
21
1630.27048340425
0
LINE
5
822
100
AcDbEntity
8
0
62
7.0
100
AcDbLine
10
806.803628545075
20
1630.27048340425
11
787.004638671875
21
1610.47149353095
0
ARC
5
823
100
AcDbEntity
8
0
62
7.0
100
AcDbCircle
10
809.4478149414063
20
1232.15350646905
40
28.0
50
-135.0
51
-45.0
0
LINE
5
824
100
AcDbEntity
8
0
62
7.0
100
AcDbLine
10
809.4478149414063
20
1232.15350646905
11
829.2468048146062
21
1212.35451659575
0
LINE
5
825
100
AcDbEntity
8
0
62
7.0
100
AcDbLine
10
789.6488250682063
20
1212.35451659575
11
809.4478149414063
21
1232.15350646905
0
ARC
5
826
100
AcDbEntity
8
0
62
7.0
100
AcDbCircle
10
788.8712738043876
20
1333.9908447265625
40
28.0
50
-45.0
51
45.0
0
LINE
5
827
100
AcDbEntity
8
0
62
7.0
100
AcDbLine
10
788.8712738043876
20
1333.9908447265625
11
808.6702636776874
21
1353.7898345997626
0
LINE
5
828
100
AcDbEntity
8
0
62
7.0
100
AcDbLine
10
808.6702636776874
20
1314.1918548533624
11
788.8712738043876
21
1333.9908447265625
0
ARC
5
829
100
AcDbEntity
8
0
62
7.0
100
AcDbCircle
10
790.7599456793876
20
1652.03369140625
40
28.0
50
-45.0
51
45.0
0
LINE
5
82A
100
AcDbEntity
8
0
62
7.0
100
AcDbLine
10
790.7599456793876
20
1652.03369140625
11
810.5589355526874
21
1671.83268127945
0
LINE
5
82B
100
AcDbEntity
8
0
62
7.0
100
AcDbLine
10
810.5589355526874
20
1632.23470153305
11
790.7599456793876
21
1652.03369140625
0
ARC
5
82C
100
AcDbEntity
8
0
62
7.0
100
AcDbCircle
10
801.4291961676688
20
368.3806762695313
40
28.0
50
-45.0
51
45.0
0
LINE
5
82D
100
AcDbEntity
8
0
62
7.0
100
AcDbLine
10
801.4291961676688
20
368.3806762695313
11
821.2281860409687
21
388.1796661427313
0
LINE
5
82E
100
AcDbEntity
8
0
62
7.0
100
AcDbLine
10
821.2281860409687
20
348.5816863963313
11
801.4291961676688
21
368.3806762695313
0
ARC
5
82F
100
AcDbEntity
8
0
62
7.0
100
AcDbCircle
10
809.3480834960938
20
1586.759823609075
40
28.0
50
45.0
51
135.0
0
LINE
5
830
100
AcDbEntity
8
0
62
7.0
100
AcDbLine
10
809.3480834960938
20
1586.759823609075
11
789.5490936228938
21
1606.558813482375
0
LINE
5
831
100
AcDbEntity
8
0
62
7.0
100
AcDbLine
10
829.1470733692937
20
1606.558813482375
11
809.3480834960938
21
1586.759823609075
0
ARC
5
832
100
AcDbEntity
8
0
62
7.0
100
AcDbCircle
10
828.4420806878
20
954.888427734375
40
28.0
50
135.0
51
225.0
0
LINE
5
833
100
AcDbEntity
8
0
62
7.0
100
AcDbLine
10
828.4420806878
20
954.888427734375
11
808.6430908145
21
935.089437861175
0
LINE
5
834
100
AcDbEntity
8
0
62
7.0
100
AcDbLine
10
808.6430908145
20
974.687417607575
11
828.4420806878
21
954.888427734375
0
ARC
5
835
100
AcDbEntity
8
0
62
7.0
100
AcDbCircle
10
802.717343140325
20
569.5350952148438
40
28.0
50
-45.0
51
45.0
0
LINE
5
836
100
AcDbEntity
8
0
62
7.0
100
AcDbLine
10
802.717343140325
20
569.5350952148438
11
822.516333013625
21
589.3340850880437
0
LINE
5
837
100
AcDbEntity
8
0
62
7.0
100
AcDbLine
10
822.516333013625
20
549.7361053416438
11
802.717343140325
21
569.5350952148438
0
ARC
5
838
100
AcDbEntity
8
0
62
7.0
100
AcDbCircle
10
805.9937744140625
20
1913.320370484075
40
28.0
50
45.0
51
135.0
0
LINE
5
839
100
AcDbEntity
8
0
62
7.0
100
AcDbLine
10
805.9937744140625
20
1913.320370484075
11
786.1947845408625
21
1933.119360357375
0
LINE
5
83A
100
AcDbEntity
8
0
62
7.0
100
AcDbLine
10
825.7927642872625
20
1933.119360357375
11
805.9937744140625
21
1913.320370484075
0
ARC
5
83B
100
AcDbEntity
8
0
62
7.0
100
AcDbCircle
10
825.584414672175
20
774.6577758789063
40
28.0
50
135.0
51
225.0
0
LINE
5
83C
100
AcDbEntity
8
0
62
7.0
100
AcDbLine
10
825.584414672175
20
774.6577758789063
11
805.785424798875
21
754.8587860057063
0
LINE
5
83D
100
AcDbEntity
8
0
62
7.0
100
AcDbLine
10
805.785424798875
20
794.4567657521062
11
825.584414672175
21
774.6577758789063
0
ARC
5
83E
100
AcDbEntity
8
0
62
7.0
100
AcDbCircle
10
625.8626708984375
20
1958.989315796575
40
28.0
50
45.0
51
135.0
0
LINE
5
83F
100
AcDbEntity
8
0
62
7.0
100
AcDbLine
10
625.8626708984375
20
1958.989315796575
11
606.0636810252375
21
1978.788305669875
0
LINE
5
840
100
AcDbEntity
8
0
62
7.0
100
AcDbLine
10
645.6616607716375
20
1978.788305669875
11
625.8626708984375
21
1958.989315796575
0
ARC
5
841
100
AcDbEntity
8
0
62
7.0
100
AcDbCircle
10
834.0615264885812
20
149.8040008544922
40
28.0
50
135.0
51
225.0
0
LINE
5
842
100
AcDbEntity
8
0
62
7.0
100
AcDbLine
10
834.0615264885812
20
149.8040008544922
11
814.2625366152813
21
130.00501098129217
0
LINE
5
843
100
AcDbEntity
8
0
62
7.0
100
AcDbLine
10
814.2625366152813
20
169.6029907276922
11
834.0615264885812
21
149.8040008544922
0
ARC
5
844
100
AcDbEntity
8
0
62
7.0
100
AcDbCircle
10
798.5479705817313
20
990.4473266601563
40
28.0
50
-45.0
51
45.0
0
LINE
5
845
100
AcDbEntity
8
0
62
7.0
100
AcDbLine
10
798.5479705817313
20
990.4473266601563
11
818.3469604550312
21
1010.2463165333562
0
LINE
5
846
100
AcDbEntity
8
0
62
7.0
100
AcDbLine
10
818.3469604550312
20
970.6483367869563
11
798.5479705817313
21
990.4473266601563
0
ARC
5
847
100
AcDbEntity
8
0
62
7.0
100
AcDbCircle
10
830.9464141838937
20
193.2819671630859
40
28.0
50
135.0
51
225.0
0
LINE
5
848
100
AcDbEntity
8
0
62
7.0
100
AcDbLine
10
830.9464141838937
20
193.2819671630859
11
811.1474243105938
21
173.48297728988592
0
LINE
5
849
100
AcDbEntity
8
0
62
7.0
100
AcDbLine
10
811.1474243105938
20
213.0809570362859
11
830.9464141838937
21
193.2819671630859
0
ARC
5
84A
100
AcDbEntity
8
0
62
7.0
100
AcDbCircle
10
811.3589477539063
20
1051.831112671575
40
28.0
50
45.0
51
135.0
0
LINE
5
84B
100
AcDbEntity
8
0
62
7.0
100
AcDbLine
10
811.3589477539063
20
1051.831112671575
11
791.5599578807063
21
1071.630102544875
0
LINE
5
84C
100
AcDbEntity
8
0
62
7.0
100
AcDbLine
10
831.1579376271062
20
1071.630102544875
11
811.3589477539063
21
1051.831112671575
0
ARC
5
84D
100
AcDbEntity
8
0
62
7.0
100
AcDbCircle
10
817.1812744140625
20
1806.7354156487374
40
28.0
50
-135.0
51
-45.0
0
LINE
5
84E
100
AcDbEntity
8
0
62
7.0
100
AcDbLine
10
817.1812744140625
20
1806.7354156487374
11
836.9802642872625
21
1786.9364257754376
0
LINE
5
84F
100
AcDbEntity
8
0
62
7.0
100
AcDbLine
10
797.3822845408625
20
1786.9364257754376
11
817.1812744140625
21
1806.7354156487374
0
ARC
5
850
100
AcDbEntity
8
0
62
7.0
100
AcDbCircle
10
799.6027221679688
20
1524.2243011481376
40
28.0
50
45.0
51
135.0
0
LINE
5
851
100
AcDbEntity
8
0
62
7.0
100
AcDbLine
10
799.6027221679688
20
1524.2243011481376
11
779.8037322947688
21
1544.0232910214374
0
LINE
5
852
100
AcDbEntity
8
0
62
7.0
100
AcDbLine
10
819.4017120411687
20
1544.0232910214374
11
799.6027221679688
21
1524.2243011481376
0
ARC
5
853
100
AcDbEntity
8
0
62
7.0
100
AcDbCircle
10
789.6944549567313
20
1387.79052734375
40
28.0
50
-45.0
51
45.0
0
LINE
5
854
100
AcDbEntity
8
0
62
7.0
100
AcDbLine
10
789.6944549567313
20
1387.79052734375
11
809.4934448300312
21
1407.58951721695
0
LINE
5
855
100
AcDbEntity
8
0
62
7.0
100
AcDbLine
10
809.4934448300312
20
1367.99153747055
11
789.6944549567313
21
1387.79052734375
0
ARC
5
856
100
AcDbEntity
8
0
62
7.0
100
AcDbCircle
10
818.5504760742188
20
456.7020599358469
40
28.0
50
-135.0
51
-45.0
0
LINE
5
857
100
AcDbEntity
8
0
62
7.0
100
AcDbLine
10
818.5504760742188
20
456.7020599358469
11
838.3494659474187
21
436.9030700625469
0
LINE
5
858
100
AcDbEntity
8
0
62
7.0
100
AcDbLine
10
798.7514862010188
20
436.9030700625469
11
818.5504760742188
21
456.7020599358469
0
ARC
5
859
100
AcDbEntity
8
0
62
7.0
100
AcDbCircle
10
826.8811645507813
20
1699.428164672175
40
28.0
50
-135.0
51
-45.0
0
LINE
5
85A
100
AcDbEntity
8
0
62
7.0
100
AcDbLine
10
826.8811645507813
20
1699.428164672175
11
846.6801544239812
21
1679.629174798875
0
LINE
5
85B
100
AcDbEntity
8
0
62
7.0
100
AcDbLine
10
807.0821746775813
20
1679.629174798875
11
826.8811645507813
21
1699.428164672175
0
ARC
5
85C
100
AcDbEntity
8
0
62
7.0
100
AcDbCircle
10
804.5510833747
20
42.56218719482422
40
28.0
50
-45.0
51
45.0
0
LINE
5
85D
100
AcDbEntity
8
0
62
7.0
100
AcDbLine
10
804.5510833747
20
42.56218719482422
11
824.350073248
21
62.36117706802422
0
LINE
5
85E
100
AcDbEntity
8
0
62
7.0
100
AcDbLine
10
824.350073248
20
22.76319732162422
11
804.5510833747
21
42.56218719482422
0
ARC
5
85F
100
AcDbEntity
8
0
62
7.0
100
AcDbCircle
10
813.2807586676688
20
1628.1392822265625
40
28.0
50
-45.0
51
45.0
0
LINE
5
860
100
AcDbEntity
8
0
62
7.0
100
AcDbLine
10
813.2807586676688
20
1628.1392822265625
11
833.0797485409687
21
1647.9382720997626
0
LINE
5
861
100
AcDbEntity
8
0
62
7.0
100
AcDbLine
10
833.0797485409687
20
1608.3402923533624
11
813.2807586676688
21
1628.1392822265625
0
ARC
5
862
100
AcDbEntity
8
0
62
7.0
100
AcDbCircle
10
814.405029296875
20
1461.78985290595
40
28.0
50
45.0
51
135.0
0
LINE
5
863
100
AcDbEntity
8
0
62
7.0
100
AcDbLine
10
814.405029296875
20
1461.78985290595
11
794.606039423675
21
1481.58884277925
0
LINE
5
864
100
AcDbEntity
8
0
62
7.0
100
AcDbLine
10
834.204019170075
20
1481.58884277925
11
814.405029296875
21
1461.78985290595
0
ARC
5
865
100
AcDbEntity
8
0
62
7.0
100
AcDbCircle
10
838.844180297175
20
713.639404296875
40
28.0
50
135.0
51
225.0
0
LINE
5
866
100
AcDbEntity
8
0
62
7.0
100
AcDbLine
10
838.844180297175
20
713.639404296875
11
819.045190423875
21
693.840414423675
0
LINE
5
867
100
AcDbEntity
8
0
62
7.0
100
AcDbLine
10
819.045190423875
20
733.438394170075
11
838.844180297175
21
713.639404296875
0
ARC
5
868
100
AcDbEntity
8
0
62
7.0
100
AcDbCircle
10
824.9281616210938
20
242.14441223076875
40
28.0
50
-135.0
51
-45.0
0
LINE
5
869
100
AcDbEntity
8
0
62
7.0
100
AcDbLine
10
824.9281616210938
20
242.14441223076875
11
844.7271514942937
21
222.34542235746875
0
LINE
5
86A
100
AcDbEntity
8
0
62
7.0
100
AcDbLine
10
805.1291717478938
20
222.34542235746875
11
824.9281616210938
21
242.14441223076875
0
ARC
5
86B
100
AcDbEntity
8
0
62
7.0
100
AcDbCircle
10
845.0081817620187
20
1100.5665283203125
40
28.0
50
135.0
51
225.0
0
LINE
5
86C
100
AcDbEntity
8
0
62
7.0
100
AcDbLine
10
845.0081817620187
20
1100.5665283203125
11
825.2091918887188
21
1080.7675384471124
0
LINE
5
86D
100
AcDbEntity
8
0
62
7.0
100
AcDbLine
10
825.2091918887188
20
1120.3655181935126
11
845.0081817620187
21
1100.5665283203125
0
ARC
5
86E
100
AcDbEntity
8
0
62
7.0
100
AcDbCircle
10
846.1445343010812
20
1351.6414794921875
40
28.0
50
135.0
51
225.0
0
LINE
5
86F
100
AcDbEntity
8
0
62
7.0
100
AcDbLine
10
846.1445343010812
20
1351.6414794921875
11
826.3455444277813
21
1331.8424896189874
0
LINE
5
870
100
AcDbEntity
8
0
62
7.0
100
AcDbLine
10
826.3455444277813
20
1371.4404693653876
11
846.1445343010812
21
1351.6414794921875
0
ARC
5
871
100
AcDbEntity
8
0
62
7.0
100
AcDbCircle
10
812.6417816168876
20
1189.7037353515625
40
28.0
50
-45.0
51
45.0
0
LINE
5
872
100
AcDbEntity
8
0
62
7.0
100
AcDbLine
10
812.6417816168876
20
1189.7037353515625
11
832.4407714901874
21
1209.5027252247626
0
LINE
5
873
100
AcDbEntity
8
0
62
7.0
100
AcDbLine
10
832.4407714901874
20
1169.9047454783624
11
812.6417816168876
21
1189.7037353515625
0
ARC
5
874
100
AcDbEntity
8
0
62
7.0
100
AcDbCircle
10
810.88555603095
20
317.2947998046875
40
28.0
50
-45.0
51
45.0
0
LINE
5
875
100
AcDbEntity
8
0
62
7.0
100
AcDbLine
10
810.88555603095
20
317.2947998046875
11
830.68454590425
21
337.0937896778875
0
LINE
5
876
100
AcDbEntity
8
0
62
7.0
100
AcDbLine
10
830.68454590425
20
297.4958099314875
11
810.88555603095
21
317.2947998046875
0
ARC
5
877
100
AcDbEntity
8
0
62
7.0
100
AcDbCircle
10
852.2574493401437
20
400.1427001953125
40
28.0
50
135.0
51
225.0
0
LINE
5
878
100
AcDbEntity
8
0
62
7.0
100
AcDbLine
10
852.2574493401437
20
400.1427001953125
11
832.4584594668438
21
380.3437103221125
0
LINE
5
879
100
AcDbEntity
8
0
62
7.0
100
AcDbLine
10
832.4584594668438
20
419.9416900685125
11
852.2574493401437
21
400.1427001953125
0
ARC
5
87A
100
AcDbEntity
8
0
62
7.0
100
AcDbCircle
10
798.521542359075
20
1570.0853271484375
40
28.0
50
-45.0
51
45.0
0
LINE
5
87B
100
AcDbEntity
8
0
62
7.0
100
AcDbLine
10
798.521542359075
20
1570.0853271484375
11
818.320532232375
21
1589.8843170216376
0
LINE
5
87C
100
AcDbEntity
8
0
62
7.0
100
AcDbLine
10
818.320532232375
20
1550.2863372752374
11
798.521542359075
21
1570.0853271484375
0
ARC
5
87D
100
AcDbEntity
8
0
62
7.0
100
AcDbCircle
10
847.6894561760812
20
844.0210571289063
40
28.0
50
135.0
51
225.0
0
LINE
5
87E
100
AcDbEntity
8
0
62
7.0
100
AcDbLine
10
847.6894561760812
20
844.0210571289063
11
827.8904663027813
21
824.2220672557063
0
LINE
5
87F
100
AcDbEntity
8
0
62
7.0
100
AcDbLine
10
827.8904663027813
20
863.8200470021062
11
847.6894561760812
21
844.0210571289063
0
ARC
5
880
100
AcDbEntity
8
0
62
7.0
100
AcDbCircle
10
824.1693725585938
20
285.6608612053781
40
28.0
50
-135.0
51
-45.0
0
LINE
5
881
100
AcDbEntity
8
0
62
7.0
100
AcDbLine
10
824.1693725585938
20
285.6608612053781
11
843.9683624317937
21
265.8618713320781
0
LINE
5
882
100
AcDbEntity
8
0
62
7.0
100
AcDbLine
10
804.3703826853938
20
265.8618713320781
11
824.1693725585938
21
285.6608612053781
0
ARC
5
883
100
AcDbEntity
8
0
62
7.0
100
AcDbCircle
10
828.5487670898438
20
1470.2564117424874
40
28.0
50
-135.0
51
-45.0
0
LINE
5
884
100
AcDbEntity
8
0
62
7.0
100
AcDbLine
10
828.5487670898438
20
1470.2564117424874
11
848.3477569630437
21
1450.4574218691876
0
LINE
5
885
100
AcDbEntity
8
0
62
7.0
100
AcDbLine
10
808.7497772166438
20
1450.4574218691876
11
828.5487670898438
21
1470.2564117424874
0
ARC
5
886
100
AcDbEntity
8
0
62
7.0
100
AcDbCircle
10
850.0853301995187
20
1236.9715576171875
40
28.0
50
135.0
51
225.0
0
LINE
5
887
100
AcDbEntity
8
0
62
7.0
100
AcDbLine
10
850.0853301995187
20
1236.9715576171875
11
830.2863403262188
21
1217.1725677439874
0
LINE
5
888
100
AcDbEntity
8
0
62
7.0
100
AcDbLine
10
830.2863403262188
20
1256.7705474903876
11
850.0853301995187
21
1236.9715576171875
0
ARC
5
889
100
AcDbEntity
8
0
62
7.0
100
AcDbCircle
10
824.6096771247
20
872.7581176757813
40
28.0
50
-45.0
51
45.0
0
LINE
5
88A
100
AcDbEntity
8
0
62
7.0
100
AcDbLine
10
824.6096771247
20
872.7581176757813
11
844.408666998
21
892.5571075489812
0
LINE
5
88B
100
AcDbEntity
8
0
62
7.0
100
AcDbLine
10
844.408666998
20
852.9591278025813
11
824.6096771247
21
872.7581176757813
0
ARC
5
88C
100
AcDbEntity
8
0
62
7.0
100
AcDbCircle
10
797.79180603095
20
1899.3988037109375
40
28.0
50
-45.0
51
45.0
0
LINE
5
88D
100
AcDbEntity
8
0
62
7.0
100
AcDbLine
10
797.79180603095
20
1899.3988037109375
11
817.59079590425
21
1919.1977935841376
0
LINE
5
88E
100
AcDbEntity
8
0
62
7.0
100
AcDbLine
10
817.59079590425
20
1879.5998138377374
11
797.79180603095
21
1899.3988037109375
0
ARC
5
88F
100
AcDbEntity
8
0
62
7.0
100
AcDbCircle
10
830.3683471679688
20
1326.2080718987374
40
28.0
50
-135.0
51
-45.0
0
LINE
5
890
100
AcDbEntity
8
0
62
7.0
100
AcDbLine
10
830.3683471679688
20
1326.2080718987374
11
850.1673370411687
21
1306.4090820254376
0
LINE
5
891
100
AcDbEntity
8
0
62
7.0
100
AcDbLine
10
810.5693572947688
20
1306.4090820254376
11
830.3683471679688
21
1326.2080718987374
0
ARC
5
892
100
AcDbEntity
8
0
62
7.0
100
AcDbCircle
10
809.347714234075
20
796.5514526367188
40
28.0
50
-45.0
51
45.0
0
LINE
5
893
100
AcDbEntity
8
0
62
7.0
100
AcDbLine
10
809.347714234075
20
796.5514526367188
11
829.146704107375
21
816.3504425099187
0
LINE
5
894
100
AcDbEntity
8
0
62
7.0
100
AcDbLine
10
829.146704107375
20
776.7524627635188
11
809.347714234075
21
796.5514526367188
0
ARC
5
895
100
AcDbEntity
8
0
62
7.0
100
AcDbCircle
10
836.24267578125
20
94.75574798516328
40
28.0
50
-135.0
51
-45.0
0
LINE
5
896
100
AcDbEntity
8
0
62
7.0
100
AcDbLine
10
836.24267578125
20
94.75574798516328
11
856.04166565445
21
74.95675811186328
0
LINE
5
897
100
AcDbEntity
8
0
62
7.0
100
AcDbLine
10
816.44368590805
20
74.95675811186328
11
836.24267578125
21
94.75574798516328
0
ARC
5
898
100
AcDbEntity
8
0
62
7.0
100
AcDbCircle
10
818.8411224372
20
1015.6083374023438
40
28.0
50
-45.0
51
45.0
0
LINE
5
899
100
AcDbEntity
8
0
62
7.0
100
AcDbLine
10
818.8411224372
20
1015.6083374023438
11
838.6401123105
21
1035.4073272755438
0
LINE
5
89A
100
AcDbEntity
8
0
62
7.0
100
AcDbLine
10
838.6401123105
20
995.8093475291438
11
818.8411224372
21
1015.6083374023438
0
ARC
5
89B
100
AcDbEntity
8
0
62
7.0
100
AcDbCircle
10
854.136172484675
20
123.6328125
40
28.0
50
135.0
51
225.0
0
LINE
5
89C
100
AcDbEntity
8
0
62
7.0
100
AcDbLine
10
854.136172484675
20
123.6328125
11
834.337182611375
21
103.8338226268
0
LINE
5
89D
100
AcDbEntity
8
0
62
7.0
100
AcDbLine
10
834.337182611375
20
143.43180237320001
11
854.136172484675
21
123.6328125
0
ARC
5
89E
100
AcDbEntity
8
0
62
7.0
100
AcDbCircle
10
822.2133148200126
20
1591.7083740234375
40
28.0
50
-45.0
51
45.0
0
LINE
5
89F
100
AcDbEntity
8
0
62
7.0
100
AcDbLine
10
822.2133148200126
20
1591.7083740234375
11
842.0123046933124
21
1611.5073638966376
0
LINE
5
8A0
100
AcDbEntity
8
0
62
7.0
100
AcDbLine
10
842.0123046933124
20
1571.9093841502374
11
822.2133148200126
21
1591.7083740234375
0
ARC
5
8A1
100
AcDbEntity
8
0
62
7.0
100
AcDbCircle
10
815.2701995856376
20
1716.6961669921875
40
28.0
50
-45.0
51
45.0
0
LINE
5
8A2
100
AcDbEntity
8
0
62
7.0
100
AcDbLine
10
815.2701995856376
20
1716.6961669921875
11
835.0691894589374
21
1736.4951568653876
0
LINE
5
8A3
100
AcDbEntity
8
0
62
7.0
100
AcDbLine
10
835.0691894589374
20
1696.8971771189874
11
815.2701995856376
21
1716.6961669921875
0
ARC
5
8A4
100
AcDbEntity
8
0
62
7.0
100
AcDbCircle
10
815.4306610114188
20
1760.3880615234375
40
28.0
50
-45.0
51
45.0
0
LINE
5
8A5
100
AcDbEntity
8
0
62
7.0
100
AcDbLine
10
815.4306610114188
20
1760.3880615234375
11
835.2296508847187
21
1780.1870513966376
0
LINE
5
8A6
100
AcDbEntity
8
0
62
7.0
100
AcDbLine
10
835.2296508847187
20
1740.5890716502374
11
815.4306610114188
21
1760.3880615234375
0
ARC
5
8A7
100
AcDbEntity
8
0
62
7.0
100
AcDbCircle
10
841.6266510003
20
1845.5328369140625
40
28.0
50
135.0
51
225.0
0
LINE
5
8A8
100
AcDbEntity
8
0
62
7.0
100
AcDbLine
10
841.6266510003
20
1845.5328369140625
11
821.827661127
21
1825.7338470408624
0
LINE
5
8A9
100
AcDbEntity
8
0
62
7.0
100
AcDbLine
10
821.827661127
20
1865.3318267872626
11
841.6266510003
21
1845.5328369140625
0
ARC
5
8AA
100
AcDbEntity
8
0
62
7.0
100
AcDbCircle
10
838.1881713867188
20
1382.244198609075
40
28.0
50
45.0
51
135.0
0
LINE
5
8AB
100
AcDbEntity
8
0
62
7.0
100
AcDbLine
10
838.1881713867188
20
1382.244198609075
11
818.3891815135188
21
1402.043188482375
0
LINE
5
8AC
100
AcDbEntity
8
0
62
7.0
100
AcDbLine
10
857.9871612599187
20
1402.043188482375
11
838.1881713867188
21
1382.244198609075
0
ARC
5
8AD
100
AcDbEntity
8
0
62
7.0
100
AcDbCircle
10
837.9443359375
20
151.5805023200125
40
28.0
50
45.0
51
135.0
0
LINE
5
8AE
100
AcDbEntity
8
0
62
7.0
100
AcDbLine
10
837.9443359375
20
151.5805023200125
11
818.1453460643
21
171.3794921933125
0
LINE
5
8AF
100
AcDbEntity
8
0
62
7.0
100
AcDbLine
10
857.7433258107
20
171.3794921933125
11
837.9443359375
21
151.5805023200125
0
ARC
5
8B0
100
AcDbEntity
8
0
62
7.0
100
AcDbCircle
10
825.9201629645438
20
347.7238464355469
40
28.0
50
-45.0
51
45.0
0
LINE
5
8B1
100
AcDbEntity
8
0
62
7.0
100
AcDbLine
10
825.9201629645438
20
347.7238464355469
11
845.7191528378437
21
367.5228363087469
0
LINE
5
8B2
100
AcDbEntity
8
0
62
7.0
100
AcDbLine
10
845.7191528378437
20
327.92485656234686
11
825.9201629645438
21
347.7238464355469
0
ARC
5
8B3
100
AcDbEntity
8
0
62
7.0
100
AcDbCircle
10
854.3392364495187
20
1878.274169921875
40
28.0
50
135.0
51
225.0
0
LINE
5
8B4
100
AcDbEntity
8
0
62
7.0
100
AcDbLine
10
854.3392364495187
20
1878.274169921875
11
834.5402465762188
21
1858.475180048675
0
LINE
5
8B5
100
AcDbEntity
8
0
62
7.0
100
AcDbLine
10
834.5402465762188
20
1898.073159795075
11
854.3392364495187
21
1878.274169921875
0
ARC
5
8B6
100
AcDbEntity
8
0
62
7.0
100
AcDbCircle
10
808.8739593512626
20
749.2666625976563
40
28.0
50
-45.0
51
45.0
0
LINE
5
8B7
100
AcDbEntity
8
0
62
7.0
100
AcDbLine
10
808.8739593512626
20
749.2666625976563
11
828.6729492245624
21
769.0656524708562
0
LINE
5
8B8
100
AcDbEntity
8
0
62
7.0
100
AcDbLine
10
828.6729492245624
20
729.4676727244563
11
808.8739593512626
21
749.2666625976563
0
ARC
5
8B9
100
AcDbEntity
8
0
62
7.0
100
AcDbCircle
10
851.6909820549874
20
492.8728637695313
40
28.0
50
135.0
51
225.0
0
LINE
5
8BA
100
AcDbEntity
8
0
62
7.0
100
AcDbLine
10
851.6909820549874
20
492.8728637695313
11
831.8919921816876
21
473.0738738963313
0
LINE
5
8BB
100
AcDbEntity
8
0
62
7.0
100
AcDbLine
10
831.8919921816876
20
512.6718536427313
11
851.6909820549874
21
492.8728637695313
0
ARC
5
8BC
100
AcDbEntity
8
0
62
7.0
100
AcDbCircle
10
834.3308135979562
20
1513.6412353515625
40
28.0
50
135.0
51
225.0
0
LINE
5
8BD
100
AcDbEntity
8
0
62
7.0
100
AcDbLine
10
834.3308135979562
20
1513.6412353515625
11
814.5318237246563
21
1493.8422454783624
0
LINE
5
8BE
100
AcDbEntity
8
0
62
7.0
100
AcDbLine
10
814.5318237246563
20
1533.4402252247626
11
834.3308135979562
21
1513.6412353515625
0
ARC
5
8BF
100
AcDbEntity
8
0
62
7.0
100
AcDbCircle
10
822.1119964606376
20
679.6264038085938
40
28.0
50
-45.0
51
45.0
0
LINE
5
8C0
100
AcDbEntity
8
0
62
7.0
100
AcDbLine
10
822.1119964606376
20
679.6264038085938
11
841.9109863339374
21
699.4253936817937
0
LINE
5
8C1
100
AcDbEntity
8
0
62
7.0
100
AcDbLine
10
841.9109863339374
20
659.8274139353938
11
822.1119964606376
21
679.6264038085938
0
ARC
5
8C2
100
AcDbEntity
8
0
62
7.0
100
AcDbCircle
10
823.8114593512626
20
628.9841918945313
40
28.0
50
-45.0
51
45.0
0
LINE
5
8C3
100
AcDbEntity
8
0
62
7.0
100
AcDbLine
10
823.8114593512626
20
628.9841918945313
11
843.6104492245624
21
648.7831817677312
0
LINE
5
8C4
100
AcDbEntity
8
0
62
7.0
100
AcDbLine
10
843.6104492245624
20
609.1852020213313
11
823.8114593512626
21
628.9841918945313
0
ARC
5
8C5
100
AcDbEntity
8
0
62
7.0
100
AcDbCircle
10
811.5916137695313
20
1961.3532073981376
40
28.0
50
45.0
51
135.0
0
LINE
5
8C6
100
AcDbEntity
8
0
62
7.0
100
AcDbLine
10
811.5916137695313
20
1961.3532073981376
11
791.7926238963313
21
1981.1521972714374
0
LINE
5
8C7
100
AcDbEntity
8
0
62
7.0
100
AcDbLine
10
831.3906036427312
20
1981.1521972714374
11
811.5916137695313
21
1961.3532073981376
0
ARC
5
8C8
100
AcDbEntity
8
0
62
7.0
100
AcDbCircle
10
811.9127166754813
20
932.6932373046876
40
28.0
50
-45.0
51
45.0
0
LINE
5
8C9
100
AcDbEntity
8
0
62
7.0
100
AcDbLine
10
811.9127166754813
20
932.6932373046876
11
831.7117065487812
21
952.4922271778876
0
LINE
5
8CA
100
AcDbEntity
8
0
62
7.0
100
AcDbLine
10
831.7117065487812
20
912.8942474314877
11
811.9127166754813
21
932.6932373046876
0
ARC
5
8CB
100
AcDbEntity
8
0
62
7.0
100
AcDbCircle
10
831.25860290595
20
1330.9874267578125
40
28.0
50
-45.0
51
45.0
0
LINE
5
8CC
100
AcDbEntity
8
0
62
7.0
100
AcDbLine
10
831.25860290595
20
1330.9874267578125
11
851.05759277925
21
1350.7864166310126
0
LINE
5
8CD
100
AcDbEntity
8
0
62
7.0
100
AcDbLine
10
851.05759277925
20
1311.1884368846124
11
831.25860290595
21
1330.9874267578125
0
ARC
5
8CE
100
AcDbEntity
8
0
62
7.0
100
AcDbCircle
10
810.29278259345
20
1954.3453369140625
40
28.0
50
-45.0
51
45.0
0
LINE
5
8CF
100
AcDbEntity
8
0
62
7.0
100
AcDbLine
10
810.29278259345
20
1954.3453369140625
11
830.09177246675
21
1974.1443267872626
0
LINE
5
8D0
100
AcDbEntity
8
0
62
7.0
100
AcDbLine
10
830.09177246675
20
1934.5463470408624
11
810.29278259345
21
1954.3453369140625
0
ARC
5
8D1
100
AcDbEntity
8
0
62
7.0
100
AcDbCircle
10
829.7045867926688
20
201.4285430908203
40
28.0
50
-45.0
51
45.0
0
LINE
5
8D2
100
AcDbEntity
8
0
62
7.0
100
AcDbLine
10
829.7045867926688
20
201.4285430908203
11
849.5035766659687
21
221.22753296402033
0
LINE
5
8D3
100
AcDbEntity
8
0
62
7.0
100
AcDbLine
10
849.5035766659687
20
181.6295532176203
11
829.7045867926688
21
201.4285430908203
0
ARC
5
8D4
100
AcDbEntity
8
0
62
7.0
100
AcDbCircle
10
839.3689575195313
20
31.963019561091016
40
28.0
50
-135.0
51
-45.0
0
LINE
5
8D5
100
AcDbEntity
8
0
62
7.0
100
AcDbLine
10
839.3689575195313
20
31.963019561091016
11
859.1679473927312
21
12.164029687791018
0
LINE
5
8D6
100
AcDbEntity
8
0
62
7.0
100
AcDbLine
10
819.5699676463313
20
12.164029687791011
11
839.3689575195313
21
31.963019561091016
0
ARC
5
8D7
100
AcDbEntity
8
0
62
7.0
100
AcDbCircle
10
820.06817321845
20
1809.510009765625
40
28.0
50
-45.0
51
45.0
0
LINE
5
8D8
100
AcDbEntity
8
0
62
7.0
100
AcDbLine
10
820.06817321845
20
1809.510009765625
11
839.86716309175
21
1829.308999638825
0
LINE
5
8D9
100
AcDbEntity
8
0
62
7.0
100
AcDbLine
10
839.86716309175
20
1789.711019892425
11
820.06817321845
21
1809.510009765625
0
ARC
5
8DA
100
AcDbEntity
8
0
62
7.0
100
AcDbCircle
10
833.238339234075
20
1283.6201171875
40
28.0
50
-45.0
51
45.0
0
LINE
5
8DB
100
AcDbEntity
8
0
62
7.0
100
AcDbLine
10
833.238339234075
20
1283.6201171875
11
853.037329107375
21
1303.4191070607
0
LINE
5
8DC
100
AcDbEntity
8
0
62
7.0
100
AcDbLine
10
853.037329107375
20
1263.8211273143
11
833.238339234075
21
1283.6201171875
0
ARC
5
8DD
100
AcDbEntity
8
0
62
7.0
100
AcDbCircle
10
822.1049163825126
20
1920.253173828125
40
28.0
50
-45.0
51
45.0
0
LINE
5
8DE
100
AcDbEntity
8
0
62
7.0
100
AcDbLine
10
822.1049163825126
20
1920.253173828125
11
841.9039062558124
21
1940.052163701325
0
LINE
5
8DF
100
AcDbEntity
8
0
62
7.0
100
AcDbLine
10
841.9039062558124
20
1900.454183954925
11
822.1049163825126
21
1920.253173828125
0
ARC
5
8E0
100
AcDbEntity
8
0
62
7.0
100
AcDbCircle
10
821.7799652106376
20
968.2796020507813
40
28.0
50
-45.0
51
45.0
0
LINE
5
8E1
100
AcDbEntity
8
0
62
7.0
100
AcDbLine
10
821.7799652106376
20
968.2796020507813
11
841.5789550839374
21
988.0785919239812
0
LINE
5
8E2
100
AcDbEntity
8
0
62
7.0
100
AcDbLine
10
841.5789550839374
20
948.4806121775813
11
821.7799652106376
21
968.2796020507813
0
ARC
5
8E3
100
AcDbEntity
8
0
62
7.0
100
AcDbCircle
10
833.9284027106376
20
1430.1817626953125
40
28.0
50
-45.0
51
45.0
0
LINE
5
8E4
100
AcDbEntity
8
0
62
7.0
100
AcDbLine
10
833.9284027106376
20
1430.1817626953125
11
853.7273925839374
21
1449.9807525685126
0
LINE
5
8E5
100
AcDbEntity
8
0
62
7.0
100
AcDbLine
10
853.7273925839374
20
1410.3827728221124
11
833.9284027106376
21
1430.1817626953125
0
ARC
5
8E6
100
AcDbEntity
8
0
62
7.0
100
AcDbCircle
10
829.0705535895438
20
245.10797119140625
40
28.0
50
-45.0
51
45.0
0
LINE
5
8E7
100
AcDbEntity
8
0
62
7.0
100
AcDbLine
10
829.0705535895438
20
245.10797119140625
11
848.8695434628437
21
264.90696106460626
0
LINE
5
8E8
100
AcDbEntity
8
0
62
7.0
100
AcDbLine
10
848.8695434628437
20
225.30898131820624
11
829.0705535895438
21
245.10797119140625
0
ARC
5
8E9
100
AcDbEntity
8
0
62
7.0
100
AcDbCircle
10
841.6311645507813
20
1515.266543578425
40
28.0
50
-135.0
51
-45.0
0
LINE
5
8EA
100
AcDbEntity
8
0
62
7.0
100
AcDbLine
10
841.6311645507813
20
1515.266543578425
11
861.4301544239812
21
1495.467553705125
0
LINE
5
8EB
100
AcDbEntity
8
0
62
7.0
100
AcDbLine
10
821.8321746775813
20
1495.467553705125
11
841.6311645507813
21
1515.266543578425
0
ARC
5
8EC
100
AcDbEntity
8
0
62
7.0
100
AcDbCircle
10
851.5019561760812
20
1541.92236328125
40
28.0
50
135.0
51
225.0
0
LINE
5
8ED
100
AcDbEntity
8
0
62
7.0
100
AcDbLine
10
851.5019561760812
20
1541.92236328125
11
831.7029663027813
21
1522.12337340805
0
LINE
5
8EE
100
AcDbEntity
8
0
62
7.0
100
AcDbLine
10
831.7029663027813
20
1561.72135315445
11
851.5019561760812
21
1541.92236328125
0
ARC
5
8EF
100
AcDbEntity
8
0
62
7.0
100
AcDbCircle
10
845.841552734375
20
1105.3948333747
40
28.0
50
45.0
51
135.0
0
LINE
5
8F0
100
AcDbEntity
8
0
62
7.0
100
AcDbLine
10
845.841552734375
20
1105.3948333747
11
826.042562861175
21
1125.193823248
0
LINE
5
8F1
100
AcDbEntity
8
0
62
7.0
100
AcDbLine
10
865.640542607575
20
1125.193823248
11
845.841552734375
21
1105.3948333747
0
ARC
5
8F2
100
AcDbEntity
8
0
62
7.0
100
AcDbCircle
10
862.3245269768624
20
458.1666259765625
40
28.0
50
135.0
51
225.0
0
LINE
5
8F3
100
AcDbEntity
8
0
62
7.0
100
AcDbLine
10
862.3245269768624
20
458.1666259765625
11
842.5255371035626
21
438.3676361033625
0
LINE
5
8F4
100
AcDbEntity
8
0
62
7.0
100
AcDbLine
10
842.5255371035626
20
477.9656158497625
11
862.3245269768624
21
458.1666259765625
0
ARC
5
8F5
100
AcDbEntity
8
0
62
7.0
100
AcDbCircle
10
848.8427124023438
20
540.0209991448312
40
28.0
50
-135.0
51
-45.0
0
LINE
5
8F6
100
AcDbEntity
8
0
62
7.0
100
AcDbLine
10
848.8427124023438
20
540.0209991448312
11
868.6417022755437
21
520.2220092715313
0
LINE
5
8F7
100
AcDbEntity
8
0
62
7.0
100
AcDbLine
10
829.0437225291438
20
520.2220092715312
11
848.8427124023438
21
540.0209991448312
0
ARC
5
8F8
100
AcDbEntity
8
0
62
7.0
100
AcDbCircle
10
828.6156585700126
20
588.4293212890625
40
28.0
50
-45.0
51
45.0
0
LINE
5
8F9
100
AcDbEntity
8
0
62
7.0
100
AcDbLine
10
828.6156585700126
20
588.4293212890625
11
848.4146484433124
21
608.2283111622625
0
LINE
5
8FA
100
AcDbEntity
8
0
62
7.0
100
AcDbLine
10
848.4146484433124
20
568.6303314158625
11
828.6156585700126
21
588.4293212890625
0
ARC
5
8FB
100
AcDbEntity
8
0
62
7.0
100
AcDbCircle
10
846.3150634765625
20
1640.5597503668876
40
28.0
50
45.0
51
135.0
0
LINE
5
8FC
100
AcDbEntity
8
0
62
7.0
100
AcDbLine
10
846.3150634765625
20
1640.5597503668876
11
826.5160736033625
21
1660.3587402401874
0
LINE
5
8FD
100
AcDbEntity
8
0
62
7.0
100
AcDbLine
10
866.1140533497625
20
1660.3587402401874
11
846.3150634765625
21
1640.5597503668876
0
ARC
5
8FE
100
AcDbEntity
8
0
62
7.0
100
AcDbCircle
10
827.454159546575
20
288.5505065917969
40
28.0
50
-45.0
51
45.0
0
LINE
5
8FF
100
AcDbEntity
8
0
62
7.0
100
AcDbLine
10
827.454159546575
20
288.5505065917969
11
847.253149419875
21
308.3494964649969
0
LINE
5
900
100
AcDbEntity
8
0
62
7.0
100
AcDbLine
10
847.253149419875
20
268.75151671859686
11
827.454159546575
21
288.5505065917969
0
ARC
5
901
100
AcDbEntity
8
0
62
7.0
100
AcDbCircle
10
850.6935424804688
20
752.9290740973563
40
28.0
50
45.0
51
135.0
0
LINE
5
902
100
AcDbEntity
8
0
62
7.0
100
AcDbLine
10
850.6935424804688
20
752.9290740973563
11
830.8945526072688
21
772.7280639706562
0
LINE
5
903
100
AcDbEntity
8
0
62
7.0
100
AcDbLine
10
870.4925323536687
20
772.7280639706562
11
850.6935424804688
21
752.9290740973563
0
ARC
5
904
100
AcDbEntity
8
0
62
7.0
100
AcDbCircle
10
842.1834686286063
20
34.805931091308594
40
28.0
50
-45.0
51
45.0
0
LINE
5
905
100
AcDbEntity
8
0
62
7.0
100
AcDbLine
10
842.1834686286063
20
34.805931091308594
11
861.9824585019062
21
54.604920964508594
0
LINE
5
906
100
AcDbEntity
8
0
62
7.0
100
AcDbLine
10
861.9824585019062
20
15.006941218108594
11
842.1834686286063
21
34.805931091308594
0
ARC
5
907
100
AcDbEntity
8
0
62
7.0
100
AcDbCircle
10
872.8409454338937
20
1698.1632080078125
40
28.0
50
135.0
51
225.0
0
LINE
5
908
100
AcDbEntity
8
0
62
7.0
100
AcDbLine
10
872.8409454338937
20
1698.1632080078125
11
853.0419555605938
21
1678.3642181346124
0
LINE
5
909
100
AcDbEntity
8
0
62
7.0
100
AcDbLine
10
853.0419555605938
20
1717.9621978810126
11
872.8409454338937
21
1698.1632080078125
0
ARC
5
90A
100
AcDbEntity
8
0
62
7.0
100
AcDbCircle
10
842.7083099372
20
1037.0126953125
40
28.0
50
-45.0
51
45.0
0
LINE
5
90B
100
AcDbEntity
8
0
62
7.0
100
AcDbLine
10
842.7083099372
20
1037.0126953125
11
862.5072998105
21
1056.8116851857
0
LINE
5
90C
100
AcDbEntity
8
0
62
7.0
100
AcDbLine
10
862.5072998105
20
1017.2137054393
11
842.7083099372
21
1037.0126953125
0
ARC
5
90D
100
AcDbEntity
8
0
62
7.0
100
AcDbCircle
10
859.1061401367188
20
788.0914886481376
40
28.0
50
45.0
51
135.0
0
LINE
5
90E
100
AcDbEntity
8
0
62
7.0
100
AcDbLine
10
859.1061401367188
20
788.0914886481376
11
839.3071502635188
21
807.8904785214374
0
LINE
5
90F
100
AcDbEntity
8
0
62
7.0
100
AcDbLine
10
878.9051300099187
20
807.8904785214374
11
859.1061401367188
21
788.0914886481376
0
ARC
5
910
100
AcDbEntity
8
0
62
7.0
100
AcDbCircle
10
856.9942016601563
20
120.00290222100313
40
28.0
50
-135.0
51
-45.0
0
LINE
5
911
100
AcDbEntity
8
0
62
7.0
100
AcDbLine
10
856.9942016601563
20
120.00290222100313
11
876.7931915333562
21
100.20391234770312
0
LINE
5
912
100
AcDbEntity
8
0
62
7.0
100
AcDbLine
10
837.1952117869563
20
100.20391234770312
11
856.9942016601563
21
120.00290222100313
0
ARC
5
913
100
AcDbEntity
8
0
62
7.0
100
AcDbCircle
10
848.8961151129813
20
848.47607421875
40
28.0
50
-45.0
51
45.0
0
LINE
5
914
100
AcDbEntity
8
0
62
7.0
100
AcDbLine
10
848.8961151129813
20
848.47607421875
11
868.6951049862812
21
868.27506409195
0
LINE
5
915
100
AcDbEntity
8
0
62
7.0
100
AcDbLine
10
868.6951049862812
20
828.67708434555
11
848.8961151129813
21
848.47607421875
0
ARC
5
916
100
AcDbEntity
8
0
62
7.0
100
AcDbCircle
10
841.5638397223563
20
1833.4747314453125
40
28.0
50
-45.0
51
45.0
0
LINE
5
917
100
AcDbEntity
8
0
62
7.0
100
AcDbLine
10
841.5638397223563
20
1833.4747314453125
11
861.3628295956562
21
1853.2737213185126
0
LINE
5
918
100
AcDbEntity
8
0
62
7.0
100
AcDbLine
10
861.3628295956562
20
1813.6757415721124
11
841.5638397223563
21
1833.4747314453125
0
ARC
5
919
100
AcDbEntity
8
0
62
7.0
100
AcDbCircle
10
844.7669677734375
20
1176.484805297175
40
28.0
50
-135.0
51
-45.0
0
LINE
5
91A
100
AcDbEntity
8
0
62
7.0
100
AcDbLine
10
844.7669677734375
20
1176.484805297175
11
864.5659576466375
21
1156.685815423875
0
LINE
5
91B
100
AcDbEntity
8
0
62
7.0
100
AcDbLine
10
824.9679779002375
20
1156.685815423875
11
844.7669677734375
21
1176.484805297175
0
ARC
5
91C
100
AcDbEntity
8
0
62
7.0
100
AcDbCircle
10
866.7753936760812
20
729.44921875
40
28.0
50
135.0
51
225.0
0
LINE
5
91D
100
AcDbEntity
8
0
62
7.0
100
AcDbLine
10
866.7753936760812
20
729.44921875
11
846.9764038027813
21
709.6502288768
0
LINE
5
91E
100
AcDbEntity
8
0
62
7.0
100
AcDbLine
10
846.9764038027813
20
749.2482086232
11
866.7753936760812
21
729.44921875
0
ARC
5
91F
100
AcDbEntity
8
0
62
7.0
100
AcDbCircle
10
852.6277465820313
20
927.5874664299876
40
28.0
50
-135.0
51
-45.0
0
LINE
5
920
100
AcDbEntity
8
0
62
7.0
100
AcDbLine
10
852.6277465820313
20
927.5874664299876
11
872.4267364552312
21
907.7884765566877
0
LINE
5
921
100
AcDbEntity
8
0
62
7.0
100
AcDbLine
10
832.8287567088313
20
907.7884765566876
11
852.6277465820313
21
927.5874664299876
0
ARC
5
922
100
AcDbEntity
8
0
62
7.0
100
AcDbCircle
10
877.2648956292062
20
656.0689086914063
40
28.0
50
135.0
51
225.0
0
LINE
5
923
100
AcDbEntity
8
0
62
7.0
100
AcDbLine
10
877.2648956292062
20
656.0689086914063
11
857.4659057559063
21
636.2699188182063
0
LINE
5
924
100
AcDbEntity
8
0
62
7.0
100
AcDbLine
10
857.4659057559063
20
675.8678985646062
11
877.2648956292062
21
656.0689086914063
0
ARC
5
925
100
AcDbEntity
8
0
62
7.0
100
AcDbCircle
10
870.18085021905
20
1957.82470703125
40
28.0
50
135.0
51
225.0
0
LINE
5
926
100
AcDbEntity
8
0
62
7.0
100
AcDbLine
10
870.18085021905
20
1957.82470703125
11
850.38186034575
21
1938.02571715805
0
LINE
5
927
100
AcDbEntity
8
0
62
7.0
100
AcDbLine
10
850.38186034575
20
1977.62369690445
11
870.18085021905
21
1957.82470703125
0
ARC
5
928
100
AcDbEntity
8
0
62
7.0
100
AcDbCircle
10
836.297421265325
20
1371.4036865234375
40
28.0
50
-45.0
51
45.0
0
LINE
5
929
100
AcDbEntity
8
0
62
7.0
100
AcDbLine
10
836.297421265325
20
1371.4036865234375
11
856.096411138625
21
1391.2026763966376
0
LINE
5
92A
100
AcDbEntity
8
0
62
7.0
100
AcDbLine
10
856.096411138625
20
1351.6046966502374
11
836.297421265325
21
1371.4036865234375
0
ARC
5
92B
100
AcDbEntity
8
0
62
7.0
100
AcDbCircle
10
872.3459503167062
20
1779.1585693359375
40
28.0
50
135.0
51
225.0
0
LINE
5
92C
100
AcDbEntity
8
0
62
7.0
100
AcDbLine
10
872.3459503167062
20
1779.1585693359375
11
852.5469604434063
21
1759.3595794627374
0
LINE
5
92D
100
AcDbEntity
8
0
62
7.0
100
AcDbLine
10
852.5469604434063
20
1798.9575592091376
11
872.3459503167062
21
1779.1585693359375
0
ARC
5
92E
100
AcDbEntity
8
0
62
7.0
100
AcDbCircle
10
845.31914978095
20
480.8292541503906
40
28.0
50
-45.0
51
45.0
0
LINE
5
92F
100
AcDbEntity
8
0
62
7.0
100
AcDbLine
10
845.31914978095
20
480.8292541503906
11
865.11813965425
21
500.62824402359064
0
LINE
5
930
100
AcDbEntity
8
0
62
7.0
100
AcDbLine
10
865.11813965425
20
461.0302642771906
11
845.31914978095
21
480.8292541503906
0
ARC
5
931
100
AcDbEntity
8
0
62
7.0
100
AcDbCircle
10
856.8377075195313
20
571.3273956292062
40
28.0
50
-135.0
51
-45.0
0
LINE
5
932
100
AcDbEntity
8
0
62
7.0
100
AcDbLine
10
856.8377075195313
20
571.3273956292062
11
876.6366973927312
21
551.5284057559063
0
LINE
5
933
100
AcDbEntity
8
0
62
7.0
100
AcDbLine
10
837.0387176463313
20
551.5284057559062
11
856.8377075195313
21
571.3273956292062
0
ARC
5
934
100
AcDbEntity
8
0
62
7.0
100
AcDbCircle
10
874.0465728753
20
1621.9224853515625
40
28.0
50
135.0
51
225.0
0
LINE
5
935
100
AcDbEntity
8
0
62
7.0
100
AcDbLine
10
874.0465728753
20
1621.9224853515625
11
854.247583002
21
1602.1234954783624
0
LINE
5
936
100
AcDbEntity
8
0
62
7.0
100
AcDbLine
10
854.247583002
20
1641.7214752247626
11
874.0465728753
21
1621.9224853515625
0
ARC
5
937
100
AcDbEntity
8
0
62
7.0
100
AcDbCircle
10
857.3599243164063
20
126.07780151434844
40
28.0
50
45.0
51
135.0
0
LINE
5
938
100
AcDbEntity
8
0
62
7.0
100
AcDbLine
10
857.3599243164063
20
126.07780151434844
11
837.5609344432063
21
145.87679138764844
0
LINE
5
939
100
AcDbEntity
8
0
62
7.0
100
AcDbLine
10
877.1589141896062
20
145.87679138764844
11
857.3599243164063
21
126.07780151434844
0
ARC
5
93A
100
AcDbEntity
8
0
62
7.0
100
AcDbCircle
10
863.5995483398438
20
1177.143612671575
40
28.0
50
45.0
51
135.0
0
LINE
5
93B
100
AcDbEntity
8
0
62
7.0
100
AcDbLine
10
863.5995483398438
20
1177.143612671575
11
843.8005584666438
21
1196.942602544875
0
LINE
5
93C
100
AcDbEntity
8
0
62
7.0
100
AcDbLine
10
883.3985382130437
20
1196.942602544875
11
863.5995483398438
21
1177.143612671575
0
ARC
5
93D
100
AcDbEntity
8
0
62
7.0
100
AcDbCircle
10
875.9558135979562
20
993.946533203125
40
28.0
50
135.0
51
225.0
0
LINE
5
93E
100
AcDbEntity
8
0
62
7.0
100
AcDbLine
10
875.9558135979562
20
993.946533203125
11
856.1568237246563
21
974.147543329925
0
LINE
5
93F
100
AcDbEntity
8
0
62
7.0
100
AcDbLine
10
856.1568237246563
20
1013.745523076325
11
875.9558135979562
21
993.946533203125
0
ARC
5
940
100
AcDbEntity
8
0
62
7.0
100
AcDbCircle
10
829.3049285895438
20
1079.197998046875
40
28.0
50
-45.0
51
45.0
0
LINE
5
941
100
AcDbEntity
8
0
62
7.0
100
AcDbLine
10
829.3049285895438
20
1079.197998046875
11
849.1039184628437
21
1098.996987920075
0
LINE
5
942
100
AcDbEntity
8
0
62
7.0
100
AcDbLine
10
849.1039184628437
20
1059.399008173675
11
829.3049285895438
21
1079.197998046875
0
ARC
5
943
100
AcDbEntity
8
0
62
7.0
100
AcDbCircle
10
884.1480133049874
20
269.01318359375
40
28.0
50
135.0
51
225.0
0
LINE
5
944
100
AcDbEntity
8
0
62
7.0
100
AcDbLine
10
884.1480133049874
20
269.01318359375
11
864.3490234316876
21
249.21419372054999
0
LINE
5
945
100
AcDbEntity
8
0
62
7.0
100
AcDbLine
10
864.3490234316876
20
288.81217346695
11
884.1480133049874
21
269.01318359375
0
ARC
5
946
100
AcDbEntity
8
0
62
7.0
100
AcDbCircle
10
853.363827515325
20
223.09373474121097
40
28.0
50
-45.0
51
45.0
0
LINE
5
947
100
AcDbEntity
8
0
62
7.0
100
AcDbLine
10
853.363827515325
20
223.09373474121097
11
873.162817388625
21
242.89272461441095
0
LINE
5
948
100
AcDbEntity
8
0
62
7.0
100
AcDbLine
10
873.162817388625
20
203.29474486801098
11
853.363827515325
21
223.09373474121097
0
ARC
5
949
100
AcDbEntity
8
0
62
7.0
100
AcDbCircle
10
847.585995484075
20
1228.8067626953125
40
28.0
50
-45.0
51
45.0
0
LINE
5
94A
100
AcDbEntity
8
0
62
7.0
100
AcDbLine
10
847.585995484075
20
1228.8067626953125
11
867.384985357375
21
1248.6057525685126
0
LINE
5
94B
100
AcDbEntity
8
0
62
7.0
100
AcDbLine
10
867.384985357375
20
1209.0077728221124
11
847.585995484075
21
1228.8067626953125
0
ARC
5
94C
100
AcDbEntity
8
0
62
7.0
100
AcDbCircle
10
855.7057495117188
20
397.91076965264375
40
28.0
50
-135.0
51
-45.0
0
LINE
5
94D
100
AcDbEntity
8
0
62
7.0
100
AcDbLine
10
855.7057495117188
20
397.91076965264375
11
875.5047393849187
21
378.11177977934375
0
LINE
5
94E
100
AcDbEntity
8
0
62
7.0
100
AcDbLine
10
835.9067596385188
20
378.11177977934375
11
855.7057495117188
21
397.91076965264375
0
ARC
5
94F
100
AcDbEntity
8
0
62
7.0
100
AcDbCircle
10
842.8694427497
20
319.3042907714844
40
28.0
50
-45.0
51
45.0
0
LINE
5
950
100
AcDbEntity
8
0
62
7.0
100
AcDbLine
10
842.8694427497
20
319.3042907714844
11
862.668432623
21
339.1032806446844
0
LINE
5
951
100
AcDbEntity
8
0
62
7.0
100
AcDbLine
10
862.668432623
20
299.50530089828436
11
842.8694427497
21
319.3042907714844
0
ARC
5
952
100
AcDbEntity
8
0
62
7.0
100
AcDbCircle
10
857.0930145270438
20
1644.5341796875
40
28.0
50
-45.0
51
45.0
0
LINE
5
953
100
AcDbEntity
8
0
62
7.0
100
AcDbLine
10
857.0930145270438
20
1644.5341796875
11
876.8920044003437
21
1664.3331695607
0
LINE
5
954
100
AcDbEntity
8
0
62
7.0
100
AcDbLine
10
876.8920044003437
20
1624.7351898143
11
857.0930145270438
21
1644.5341796875
0
ARC
5
955
100
AcDbEntity
8
0
62
7.0
100
AcDbCircle
10
846.9403045661063
20
699.8458251953125
40
28.0
50
-45.0
51
45.0
0
LINE
5
956
100
AcDbEntity
8
0
62
7.0
100
AcDbLine
10
846.9403045661063
20
699.8458251953125
11
866.7392944394062
21
719.6448150685125
0
LINE
5
957
100
AcDbEntity
8
0
62
7.0
100
AcDbLine
10
866.7392944394062
20
680.0468353221125
11
846.9403045661063
21
699.8458251953125
0
ARC
5
958
100
AcDbEntity
8
0
62
7.0
100
AcDbCircle
10
859.151123046875
20
1503.4100921637626
40
28.0
50
45.0
51
135.0
0
LINE
5
959
100
AcDbEntity
8
0
62
7.0
100
AcDbLine
10
859.151123046875
20
1503.4100921637626
11
839.352133173675
21
1523.2090820370624
0
LINE
5
95A
100
AcDbEntity
8
0
62
7.0
100
AcDbLine
10
878.950112920075
20
1523.2090820370624
11
859.151123046875
21
1503.4100921637626
0
ARC
5
95B
100
AcDbEntity
8
0
62
7.0
100
AcDbCircle
10
850.9559295661063
20
611.5489501953125
40
28.0
50
-45.0
51
45.0
0
LINE
5
95C
100
AcDbEntity
8
0
62
7.0
100
AcDbLine
10
850.9559295661063
20
611.5489501953125
11
870.7549194394062
21
631.3479400685125
0
LINE
5
95D
100
AcDbEntity
8
0
62
7.0
100
AcDbLine
10
870.7549194394062
20
591.7499603221125
11
850.9559295661063
21
611.5489501953125
0
ARC
5
95E
100
AcDbEntity
8
0
62
7.0
100
AcDbCircle
10
855.7545135504813
20
1801.4110107421875
40
28.0
50
-45.0
51
45.0
0
LINE
5
95F
100
AcDbEntity
8
0
62
7.0
100
AcDbLine
10
855.7545135504813
20
1801.4110107421875
11
875.5535034237812
21
1821.2100006153876
0
LINE
5
960
100
AcDbEntity
8
0
62
7.0
100
AcDbLine
10
875.5535034237812
20
1781.6120208689874
11
855.7545135504813
21
1801.4110107421875
0
ARC
5
961
100
AcDbEntity
8
0
62
7.0
100
AcDbCircle
10
886.2033721917062
20
1873.572265625
40
28.0
50
135.0
51
225.0
0
LINE
5
962
100
AcDbEntity
8
0
62
7.0
100
AcDbLine
10
886.2033721917062
20
1873.572265625
11
866.4043823184063
21
1853.7732757518
0
LINE
5
963
100
AcDbEntity
8
0
62
7.0
100
AcDbLine
10
866.4043823184063
20
1893.3712554982
11
886.2033721917062
21
1873.572265625
0
ARC
5
964
100
AcDbEntity
8
0
62
7.0
100
AcDbCircle
10
875.3311798088937
20
1563.3809814453125
40
28.0
50
135.0
51
225.0
0
LINE
5
965
100
AcDbEntity
8
0
62
7.0
100
AcDbLine
10
875.3311798088937
20
1563.3809814453125
11
855.5321899355938
21
1543.5819915721124
0
LINE
5
966
100
AcDbEntity
8
0
62
7.0
100
AcDbLine
10
855.5321899355938
20
1583.1799713185126
11
875.3311798088937
21
1563.3809814453125
0
ARC
5
967
100
AcDbEntity
8
0
62
7.0
100
AcDbCircle
10
889.764102172175
20
1405.7547607421875
40
28.0
50
135.0
51
225.0
0
LINE
5
968
100
AcDbEntity
8
0
62
7.0
100
AcDbLine
10
889.764102172175
20
1405.7547607421875
11
869.965112298875
21
1385.9557708689874
0
LINE
5
969
100
AcDbEntity
8
0
62
7.0
100
AcDbLine
10
869.965112298875
20
1425.5537506153876
11
889.764102172175
21
1405.7547607421875
0
ARC
5
96A
100
AcDbEntity
8
0
62
7.0
100
AcDbCircle
10
870.4349975585938
20
1925.2090484612374
40
28.0
50
-135.0
51
-45.0
0
LINE
5
96B
100
AcDbEntity
8
0
62
7.0
100
AcDbLine
10
870.4349975585938
20
1925.2090484612374
11
890.2339874317937
21
1905.4100585879376
0
LINE
5
96C
100
AcDbEntity
8
0
62
7.0
100
AcDbLine
10
850.6360076853938
20
1905.4100585879376
11
870.4349975585938
21
1925.2090484612374
0
ARC
5
96D
100
AcDbEntity
8
0
62
7.0
100
AcDbCircle
10
855.2543304450126
20
179.58245849609375
40
28.0
50
-45.0
51
45.0
0
LINE
5
96E
100
AcDbEntity
8
0
62
7.0
100
AcDbLine
10
855.2543304450126
20
179.58245849609375
11
875.0533203183124
21
199.38144836929376
0
LINE
5
96F
100
AcDbEntity
8
0
62
7.0
100
AcDbLine
10
875.0533203183124
20
159.78346862289374
11
855.2543304450126
21
179.58245849609375
0
ARC
5
970
100
AcDbEntity
8
0
62
7.0
100
AcDbCircle
10
857.3226898200126
20
1304.7598876953125
40
28.0
50
-45.0
51
45.0
0
LINE
5
971
100
AcDbEntity
8
0
62
7.0
100
AcDbLine
10
857.3226898200126
20
1304.7598876953125
11
877.1216796933124
21
1324.5588775685126
0
LINE
5
972
100
AcDbEntity
8
0
62
7.0
100
AcDbLine
10
877.1216796933124
20
1284.9608978221124
11
857.3226898200126
21
1304.7598876953125
0
ARC
5
973
100
AcDbEntity
8
0
62
7.0
100
AcDbCircle
10
863.3851287848563
20
1012.17626953125
40
28.0
50
-45.0
51
45.0
0
LINE
5
974
100
AcDbEntity
8
0
62
7.0
100
AcDbLine
10
863.3851287848563
20
1012.17626953125
11
883.1841186581562
21
1031.97525940445
0
LINE
5
975
100
AcDbEntity
8
0
62
7.0
100
AcDbLine
10
883.1841186581562
20
992.37727965805
11
863.3851287848563
21
1012.17626953125
0
ARC
5
976
100
AcDbEntity
8
0
62
7.0
100
AcDbCircle
10
853.7919311523438
20
443.80444641045625
40
28.0
50
-135.0
51
-45.0
0
LINE
5
977
100
AcDbEntity
8
0
62
7.0
100
AcDbLine
10
853.7919311523438
20
443.80444641045625
11
873.5909210255437
21
424.00545653715625
0
LINE
5
978
100
AcDbEntity
8
0
62
7.0
100
AcDbLine
10
833.9929412791438
20
424.00545653715625
11
853.7919311523438
21
443.80444641045625
0
ARC
5
979
100
AcDbEntity
8
0
62
7.0
100
AcDbCircle
10
878.090274047175
20
947.5811157226563
40
28.0
50
135.0
51
225.0
0
LINE
5
97A
100
AcDbEntity
8
0
62
7.0
100
AcDbLine
10
878.090274047175
20
947.5811157226563
11
858.291284173875
21
927.7821258494563
0
LINE
5
97B
100
AcDbEntity
8
0
62
7.0
100
AcDbLine
10
858.291284173875
20
967.3801055958562
11
878.090274047175
21
947.5811157226563
0
ARC
5
97C
100
AcDbEntity
8
0
62
7.0
100
AcDbCircle
10
862.9537323004813
20
785.98046875
40
28.0
50
-45.0
51
45.0
0
LINE
5
97D
100
AcDbEntity
8
0
62
7.0
100
AcDbLine
10
862.9537323004813
20
785.98046875
11
882.7527221737812
21
805.7794586232
0
LINE
5
97E
100
AcDbEntity
8
0
62
7.0
100
AcDbLine
10
882.7527221737812
20
766.1814788768
11
862.9537323004813
21
785.98046875
0
ARC
5
97F
100
AcDbEntity
8
0
62
7.0
100
AcDbCircle
10
879.58154296875
20
1921.7581146247
40
28.0
50
45.0
51
135.0
0
LINE
5
980
100
AcDbEntity
8
0
62
7.0
100
AcDbLine
10
879.58154296875
20
1921.7581146247
11
859.78255309555
21
1941.557104498
0
LINE
5
981
100
AcDbEntity
8
0
62
7.0
100
AcDbLine
10
899.38053284195
20
1941.557104498
11
879.58154296875
21
1921.7581146247
0
ARC
5
982
100
AcDbEntity
8
0
62
7.0
100
AcDbCircle
10
895.9053375237374
20
885.6448974609375
40
28.0
50
135.0
51
225.0
0
LINE
5
983
100
AcDbEntity
8
0
62
7.0
100
AcDbLine
10
895.9053375237374
20
885.6448974609375
11
876.1063476504376
21
865.8459075877375
0
LINE
5
984
100
AcDbEntity
8
0
62
7.0
100
AcDbLine
10
876.1063476504376
20
905.4438873341375
11
895.9053375237374
21
885.6448974609375
0
ARC
5
985
100
AcDbEntity
8
0
62
7.0
100
AcDbCircle
10
893.6832305901437
20
65.53350067138672
40
28.0
50
135.0
51
225.0
0
LINE
5
986
100
AcDbEntity
8
0
62
7.0
100
AcDbLine
10
893.6832305901437
20
65.53350067138672
11
873.8842407168438
21
45.73451079818672
0
LINE
5
987
100
AcDbEntity
8
0
62
7.0
100
AcDbLine
10
873.8842407168438
20
85.33249054458672
11
893.6832305901437
21
65.53350067138672
0
ARC
5
988
100
AcDbEntity
8
0
62
7.0
100
AcDbCircle
10
858.3079803473563
20
349.3172302246094
40
28.0
50
-45.0
51
45.0
0
LINE
5
989
100
AcDbEntity
8
0
62
7.0
100
AcDbLine
10
858.3079803473563
20
349.3172302246094
11
878.1069702206562
21
369.1162200978094
0
LINE
5
98A
100
AcDbEntity
8
0
62
7.0
100
AcDbLine
10
878.1069702206562
20
329.51824035140936
11
858.3079803473563
21
349.3172302246094
0
ARC
5
98B
100
AcDbEntity
8
0
62
7.0
100
AcDbCircle
10
857.3840911872
20
401.89556884765625
40
28.0
50
-45.0
51
45.0
0
LINE
5
98C
100
AcDbEntity
8
0
62
7.0
100
AcDbLine
10
857.3840911872
20
401.89556884765625
11
877.1830810605
21
421.69455872085626
0
LINE
5
98D
100
AcDbEntity
8
0
62
7.0
100
AcDbLine
10
877.1830810605
20
382.09657897445624
11
857.3840911872
21
401.89556884765625
0
ARC
5
98E
100
AcDbEntity
8
0
62
7.0
100
AcDbCircle
10
896.1699249260812
20
446.898193359375
40
28.0
50
135.0
51
225.0
0
LINE
5
98F
100
AcDbEntity
8
0
62
7.0
100
AcDbLine
10
896.1699249260812
20
446.898193359375
11
876.3709350527813
21
427.099203486175
0
LINE
5
990
100
AcDbEntity
8
0
62
7.0
100
AcDbLine
10
876.3709350527813
20
466.697183232575
11
896.1699249260812
21
446.898193359375
0
ARC
5
991
100
AcDbEntity
8
0
62
7.0
100
AcDbCircle
10
881.819580078125
20
489.7830474860281
40
28.0
50
45.0
51
135.0
0
LINE
5
992
100
AcDbEntity
8
0
62
7.0
100
AcDbLine
10
881.819580078125
20
489.7830474860281
11
862.020590204925
21
509.5820373593281
0
LINE
5
993
100
AcDbEntity
8
0
62
7.0
100
AcDbLine
10
901.618569951325
20
509.5820373593281
11
881.819580078125
21
489.7830474860281
0
ARC
5
994
100
AcDbEntity
8
0
62
7.0
100
AcDbCircle
10
895.798770140925
20
1064.810302734375
40
28.0
50
135.0
51
225.0
0
LINE
5
995
100
AcDbEntity
8
0
62
7.0
100
AcDbLine
10
895.798770140925
20
1064.810302734375
11
875.999780267625
21
1045.011312861175
0
LINE
5
996
100
AcDbEntity
8
0
62
7.0
100
AcDbLine
10
875.999780267625
20
1084.609292607575
11
895.798770140925
21
1064.810302734375
0
ARC
5
997
100
AcDbEntity
8
0
62
7.0
100
AcDbCircle
10
898.9091827385812
20
574.7132568359375
40
28.0
50
135.0
51
225.0
0
LINE
5
998
100
AcDbEntity
8
0
62
7.0
100
AcDbLine
10
898.9091827385812
20
574.7132568359375
11
879.1101928652813
21
554.9142669627375
0
LINE
5
999
100
AcDbEntity
8
0
62
7.0
100
AcDbLine
10
879.1101928652813
20
594.5122467091375
11
898.9091827385812
21
574.7132568359375
0
ARC
5
99A
100
AcDbEntity
8
0
62
7.0
100
AcDbCircle
10
855.1516082770438
20
1141.4130859375
40
28.0
50
-45.0
51
45.0
0
LINE
5
99B
100
AcDbEntity
8
0
62
7.0
100
AcDbLine
10
855.1516082770438
20
1141.4130859375
11
874.9505981503437
21
1161.2120758107
0
LINE
5
99C
100
AcDbEntity
8
0
62
7.0
100
AcDbLine
10
874.9505981503437
20
1121.6140960643
11
855.1516082770438
21
1141.4130859375
0
ARC
5
99D
100
AcDbEntity
8
0
62
7.0
100
AcDbCircle
10
879.7947998046875
20
142.5150329583078
40
28.0
50
-135.0
51
-45.0
0
LINE
5
99E
100
AcDbEntity
8
0
62
7.0
100
AcDbLine
10
879.7947998046875
20
142.5150329583078
11
899.5937896778875
21
122.71604308500781
0
LINE
5
99F
100
AcDbEntity
8
0
62
7.0
100
AcDbLine
10
859.9958099314875
20
122.71604308500781
11
879.7947998046875
21
142.5150329583078
0
ARC
5
9A0
100
AcDbEntity
8
0
62
7.0
100
AcDbCircle
10
841.3515594489188
20
1468.2100830078125
40
28.0
50
-45.0
51
45.0
0
LINE
5
9A1
100
AcDbEntity
8
0
62
7.0
100
AcDbLine
10
841.3515594489188
20
1468.2100830078125
11
861.1505493222187
21
1488.0090728810126
0
LINE
5
9A2
100
AcDbEntity
8
0
62
7.0
100
AcDbLine
10
861.1505493222187
20
1448.4110931346124
11
841.3515594489188
21
1468.2100830078125
0
ARC
5
9A3
100
AcDbEntity
8
0
62
7.0
100
AcDbCircle
10
902.3951446526437
20
924.60986328125
40
28.0
50
135.0
51
225.0
0
LINE
5
9A4
100
AcDbEntity
8
0
62
7.0
100
AcDbLine
10
902.3951446526437
20
924.60986328125
11
882.5961547793438
21
904.81087340805
0
LINE
5
9A5
100
AcDbEntity
8
0
62
7.0
100
AcDbLine
10
882.5961547793438
20
944.40885315445
11
902.3951446526437
21
924.60986328125
0
ARC
5
9A6
100
AcDbEntity
8
0
62
7.0
100
AcDbCircle
10
878.5668334960938
20
1367.3740875237374
40
28.0
50
-135.0
51
-45.0
0
LINE
5
9A7
100
AcDbEntity
8
0
62
7.0
100
AcDbLine
10
878.5668334960938
20
1367.3740875237374
11
898.3658233692937
21
1347.5750976504376
0
LINE
5
9A8
100
AcDbEntity
8
0
62
7.0
100
AcDbLine
10
858.7678436228938
20
1347.5750976504376
11
878.5668334960938
21
1367.3740875237374
0
ARC
5
9A9
100
AcDbEntity
8
0
62
7.0
100
AcDbCircle
10
875.9371917731376
20
152.81741333007813
40
28.0
50
-45.0
51
45.0
0
LINE
5
9AA
100
AcDbEntity
8
0
62
7.0
100
AcDbLine
10
875.9371917731376
20
152.81741333007813
11
895.7361816464374
21
172.61640320327814
0
LINE
5
9AB
100
AcDbEntity
8
0
62
7.0
100
AcDbLine
10
895.7361816464374
20
133.0184234568781
11
875.9371917731376
21
152.81741333007813
0
ARC
5
9AC
100
AcDbEntity
8
0
62
7.0
100
AcDbCircle
10
839.4747283942313
20
1737.692138671875
40
28.0
50
-45.0
51
45.0
0
LINE
5
9AD
100
AcDbEntity
8
0
62
7.0
100
AcDbLine
10
839.4747283942313
20
1737.692138671875
11
859.2737182675312
21
1757.491128545075
0
LINE
5
9AE
100
AcDbEntity
8
0
62
7.0
100
AcDbLine
10
859.2737182675312
20
1717.893148798675
11
839.4747283942313
21
1737.692138671875
0
ARC
5
9AF
100
AcDbEntity
8
0
62
7.0
100
AcDbCircle
10
873.6751068122
20
91.21097564697266
40
28.0
50
-45.0
51
45.0
0
LINE
5
9B0
100
AcDbEntity
8
0
62
7.0
100
AcDbLine
10
873.6751068122
20
91.21097564697266
11
893.4740966855
21
111.00996552017266
0
LINE
5
9B1
100
AcDbEntity
8
0
62
7.0
100
AcDbLine
10
893.4740966855
20
71.41198577377266
11
873.6751068122
21
91.21097564697266
0
ARC
5
9B2
100
AcDbEntity
8
0
62
7.0
100
AcDbCircle
10
863.3333099372
20
1499.2274169921875
40
28.0
50
-45.0
51
45.0
0
LINE
5
9B3
100
AcDbEntity
8
0
62
7.0
100
AcDbLine
10
863.3333099372
20
1499.2274169921875
11
883.1322998105
21
1519.0264068653876
0
LINE
5
9B4
100
AcDbEntity
8
0
62
7.0
100
AcDbLine
10
883.1322998105
20
1479.4284271189874
11
863.3333099372
21
1499.2274169921875
0
ARC
5
9B5
100
AcDbEntity
8
0
62
7.0
100
AcDbCircle
10
854.3753021247
20
1589.99658203125
40
28.0
50
-45.0
51
45.0
0
LINE
5
9B6
100
AcDbEntity
8
0
62
7.0
100
AcDbLine
10
854.3753021247
20
1589.99658203125
11
874.174291998
21
1609.79557190445
0
LINE
5
9B7
100
AcDbEntity
8
0
62
7.0
100
AcDbLine
10
874.174291998
20
1570.19759215805
11
854.3753021247
21
1589.99658203125
0
ARC
5
9B8
100
AcDbEntity
8
0
62
7.0
100
AcDbCircle
10
863.8534515387626
20
294.9736633300781
40
28.0
50
-45.0
51
45.0
0
LINE
5
9B9
100
AcDbEntity
8
0
62
7.0
100
AcDbLine
10
863.8534515387626
20
294.9736633300781
11
883.6524414120624
21
314.77265320327814
0
LINE
5
9BA
100
AcDbEntity
8
0
62
7.0
100
AcDbLine
10
883.6524414120624
20
275.1746734568781
11
863.8534515387626
21
294.9736633300781
0
ARC
5
9BB
100
AcDbEntity
8
0
62
7.0
100
AcDbCircle
10
862.8897674567313
20
968.4487915039063
40
28.0
50
-45.0
51
45.0
0
LINE
5
9BC
100
AcDbEntity
8
0
62
7.0
100
AcDbLine
10
862.8897674567313
20
968.4487915039063
11
882.6887573300312
21
988.2477813771062
0
LINE
5
9BD
100
AcDbEntity
8
0
62
7.0
100
AcDbLine
10
882.6887573300312
20
948.6498016307063
11
862.8897674567313
21
968.4487915039063
0
ARC
5
9BE
100
AcDbEntity
8
0
62
7.0
100
AcDbCircle
10
884.0286865234375
20
1191.9082672112374
40
28.0
50
-135.0
51
-45.0
0
LINE
5
9BF
100
AcDbEntity
8
0
62
7.0
100
AcDbLine
10
884.0286865234375
20
1191.9082672112374
11
903.8276763966375
21
1172.1092773379376
0
LINE
5
9C0
100
AcDbEntity
8
0
62
7.0
100
AcDbLine
10
864.2296966502375
20
1172.1092773379376
11
884.0286865234375
21
1191.9082672112374
0
ARC
5
9C1
100
AcDbEntity
8
0
62
7.0
100
AcDbCircle
10
862.7857635504813
20
1545.08935546875
40
28.0
50
-45.0
51
45.0
0
LINE
5
9C2
100
AcDbEntity
8
0
62
7.0
100
AcDbLine
10
862.7857635504813
20
1545.08935546875
11
882.5847534237812
21
1564.88834534195
0
LINE
5
9C3
100
AcDbEntity
8
0
62
7.0
100
AcDbLine
10
882.5847534237812
20
1525.29036559555
11
862.7857635504813
21
1545.08935546875
0
ARC
5
9C4
100
AcDbEntity
8
0
62
7.0
100
AcDbCircle
10
876.7455444335938
20
1696.3826324456124
40
28.0
50
-135.0
51
-45.0
0
LINE
5
9C5
100
AcDbEntity
8
0
62
7.0
100
AcDbLine
10
876.7455444335938
20
1696.3826324456124
11
896.5445343067937
21
1676.5836425723126
0
LINE
5
9C6
100
AcDbEntity
8
0
62
7.0
100
AcDbLine
10
856.9465545603938
20
1676.5836425723126
11
876.7455444335938
21
1696.3826324456124
0
ARC
5
9C7
100
AcDbEntity
8
0
62
7.0
100
AcDbCircle
10
863.2679412848563
20
1258.5772705078125
40
28.0
50
-45.0
51
45.0
0
LINE
5
9C8
100
AcDbEntity
8
0
62
7.0
100
AcDbLine
10
863.2679412848563
20
1258.5772705078125
11
883.0669311581562
21
1278.3762603810126
0
LINE
5
9C9
100
AcDbEntity
8
0
62
7.0
100
AcDbLine
10
883.0669311581562
20
1238.7782806346124
11
863.2679412848563
21
1258.5772705078125
0
ARC
5
9CA
100
AcDbEntity
8
0
62
7.0
100
AcDbCircle
10
862.6740692145438
20
1759.919677734375
40
28.0
50
-45.0
51
45.0
0
LINE
5
9CB
100
AcDbEntity
8
0
62
7.0
100
AcDbLine
10
862.6740692145438
20
1759.919677734375
11
882.4730590878437
21
1779.718667607575
0
LINE
5
9CC
100
AcDbEntity
8
0
62
7.0
100
AcDbLine
10
882.4730590878437
20
1740.120687861175
11
862.6740692145438
21
1759.919677734375
0
ARC
5
9CD
100
AcDbEntity
8
0
62
7.0
100
AcDbCircle
10
871.381405640325
20
540.4161376953125
40
28.0
50
-45.0
51
45.0
0
LINE
5
9CE
100
AcDbEntity
8
0
62
7.0
100
AcDbLine
10
871.381405640325
20
540.4161376953125
11
891.180395513625
21
560.2151275685125
0
LINE
5
9CF
100
AcDbEntity
8
0
62
7.0
100
AcDbLine
10
891.180395513625
20
520.6171478221125
11
871.381405640325
21
540.4161376953125
0
ARC
5
9D0
100
AcDbEntity
8
0
62
7.0
100
AcDbCircle
10
870.073300171575
20
824.3373413085938
40
28.0
50
-45.0
51
45.0
0
LINE
5
9D1
100
AcDbEntity
8
0
62
7.0
100
AcDbLine
10
870.073300171575
20
824.3373413085938
11
889.872290044875
21
844.1363311817937
0
LINE
5
9D2
100
AcDbEntity
8
0
62
7.0
100
AcDbLine
10
889.872290044875
20
804.5383514353938
11
870.073300171575
21
824.3373413085938
0
ARC
5
9D3
100
AcDbEntity
8
0
62
7.0
100
AcDbCircle
10
914.6063262932687
20
326.8503723144531
40
28.0
50
135.0
51
225.0
0
LINE
5
9D4
100
AcDbEntity
8
0
62
7.0
100
AcDbLine
10
914.6063262932687
20
326.8503723144531
11
894.8073364199688
21
307.0513824412531
0
LINE
5
9D5
100
AcDbEntity
8
0
62
7.0
100
AcDbLine
10
894.8073364199688
20
346.64936218765314
11
914.6063262932687
21
326.8503723144531
0
ARC
5
9D6
100
AcDbEntity
8
0
62
7.0
100
AcDbCircle
10
884.6721801757813
20
31.978160094538282
40
28.0
50
-135.0
51
-45.0
0
LINE
5
9D7
100
AcDbEntity
8
0
62
7.0
100
AcDbLine
10
884.6721801757813
20
31.978160094538282
11
904.4711700489812
21
12.179170221238284
0
LINE
5
9D8
100
AcDbEntity
8
0
62
7.0
100
AcDbLine
10
864.8731903025813
20
12.179170221238277
11
884.6721801757813
21
31.978160094538282
0
ARC
5
9D9
100
AcDbEntity
8
0
62
7.0
100
AcDbCircle
10
902.4638702385812
20
675.8283081054688
40
28.0
50
135.0
51
225.0
0
LINE
5
9DA
100
AcDbEntity
8
0
62
7.0
100
AcDbLine
10
902.4638702385812
20
675.8283081054688
11
882.6648803652813
21
656.0293182322688
0
LINE
5
9DB
100
AcDbEntity
8
0
62
7.0
100
AcDbLine
10
882.6648803652813
20
695.6272979786687
11
902.4638702385812
21
675.8283081054688
0
ARC
5
9DC
100
AcDbEntity
8
0
62
7.0
100
AcDbCircle
10
877.9340789801688
20
202.35755920410156
40
28.0
50
-45.0
51
45.0
0
LINE
5
9DD
100
AcDbEntity
8
0
62
7.0
100
AcDbLine
10
877.9340789801688
20
202.35755920410156
11
897.7330688534687
21
222.15654907730158
0
LINE
5
9DE
100
AcDbEntity
8
0
62
7.0
100
AcDbLine
10
897.7330688534687
20
182.55856933090155
11
877.9340789801688
21
202.35755920410156
0
ARC
5
9DF
100
AcDbEntity
8
0
62
7.0
100
AcDbCircle
10
878.3266571051688
20
861.5370483398438
40
28.0
50
-45.0
51
45.0
0
LINE
5
9E0
100
AcDbEntity
8
0
62
7.0
100
AcDbLine
10
878.3266571051688
20
861.5370483398438
11
898.1256469784687
21
881.3360382130437
0
LINE
5
9E1
100
AcDbEntity
8
0
62
7.0
100
AcDbLine
10
898.1256469784687
20
841.7380584666438
11
878.3266571051688
21
861.5370483398438
0
ARC
5
9E2
100
AcDbEntity
8
0
62
7.0
100
AcDbCircle
10
883.0458984375
20
1695.7462738043876
40
28.0
50
45.0
51
135.0
0
LINE
5
9E3
100
AcDbEntity
8
0
62
7.0
100
AcDbLine
10
883.0458984375
20
1695.7462738043876
11
863.2469085643
21
1715.5452636776874
0
LINE
5
9E4
100
AcDbEntity
8
0
62
7.0
100
AcDbLine
10
902.8448883107
20
1715.5452636776874
11
883.0458984375
21
1695.7462738043876
0
ARC
5
9E5
100
AcDbEntity
8
0
62
7.0
100
AcDbCircle
10
909.2441436760812
20
245.0316162109375
40
28.0
50
135.0
51
225.0
0
LINE
5
9E6
100
AcDbEntity
8
0
62
7.0
100
AcDbLine
10
909.2441436760812
20
245.0316162109375
11
889.4451538027813
21
225.23262633773749
0
LINE
5
9E7
100
AcDbEntity
8
0
62
7.0
100
AcDbLine
10
889.4451538027813
20
264.8306060841375
11
909.2441436760812
21
245.0316162109375
0
ARC
5
9E8
100
AcDbEntity
8
0
62
7.0
100
AcDbCircle
10
878.6600921637626
20
374.4185485839844
40
28.0
50
-45.0
51
45.0
0
LINE
5
9E9
100
AcDbEntity
8
0
62
7.0
100
AcDbLine
10
878.6600921637626
20
374.4185485839844
11
898.4590820370624
21
394.2175384571844
0
LINE
5
9EA
100
AcDbEntity
8
0
62
7.0
100
AcDbLine
10
898.4590820370624
20
354.61955871078436
11
878.6600921637626
21
374.4185485839844
0
ARC
5
9EB
100
AcDbEntity
8
0
62
7.0
100
AcDbCircle
10
886.094296265325
20
901.1166381835938
40
28.0
50
-45.0
51
45.0
0
LINE
5
9EC
100
AcDbEntity
8
0
62
7.0
100
AcDbLine
10
886.094296265325
20
901.1166381835938
11
905.893286138625
21
920.9156280567937
0
LINE
5
9ED
100
AcDbEntity
8
0
62
7.0
100
AcDbLine
10
905.893286138625
20
881.3176483103938
11
886.094296265325
21
901.1166381835938
0
ARC
5
9EE
100
AcDbEntity
8
0
62
7.0
100
AcDbCircle
10
882.0850830078125
20
759.45721740655
40
28.0
50
-135.0
51
-45.0
0
LINE
5
9EF
100
AcDbEntity
8
0
62
7.0
100
AcDbLine
10
882.0850830078125
20
759.45721740655
11
901.8840728810125
21
739.65822753325
0
LINE
5
9F0
100
AcDbEntity
8
0
62
7.0
100
AcDbLine
10
862.2860931346125
20
739.6582275332499
11
882.0850830078125
21
759.45721740655
0
ARC
5
9F1
100
AcDbEntity
8
0
62
7.0
100
AcDbCircle
10
875.9271850585938
20
1116.6383697503
40
28.0
50
-135.0
51
-45.0
0
LINE
5
9F2
100
AcDbEntity
8
0
62
7.0
100
AcDbLine
10
875.9271850585938
20
1116.6383697503
11
895.7261749317937
21
1096.839379877
0
LINE
5
9F3
100
AcDbEntity
8
0
62
7.0
100
AcDbLine
10
856.1281951853938
20
1096.839379877
11
875.9271850585938
21
1116.6383697503
0
ARC
5
9F4
100
AcDbEntity
8
0
62
7.0
100
AcDbCircle
10
878.1323211676688
20
44.1808967590332
40
28.0
50
-45.0
51
45.0
0
LINE
5
9F5
100
AcDbEntity
8
0
62
7.0
100
AcDbLine
10
878.1323211676688
20
44.1808967590332
11
897.9313110409687
21
63.9798866322332
0
LINE
5
9F6
100
AcDbEntity
8
0
62
7.0
100
AcDbLine
10
897.9313110409687
20
24.381906885833203
11
878.1323211676688
21
44.1808967590332
0
ARC
5
9F7
100
AcDbEntity
8
0
62
7.0
100
AcDbCircle
10
882.4660614020438
20
1284.836181640625
40
28.0
50
-45.0
51
45.0
0
LINE
5
9F8
100
AcDbEntity
8
0
62
7.0
100
AcDbLine
10
882.4660614020438
20
1284.836181640625
11
902.2650512753437
21
1304.635171513825
0
LINE
5
9F9
100
AcDbEntity
8
0
62
7.0
100
AcDbLine
10
902.2650512753437
20
1265.037191767425
11
882.4660614020438
21
1284.836181640625
0
ARC
5
9FA
100
AcDbEntity
8
0
62
7.0
100
AcDbCircle
10
878.4395721442313
20
705.5184936523438
40
28.0
50
-45.0
51
45.0
0
LINE
5
9FB
100
AcDbEntity
8
0
62
7.0
100
AcDbLine
10
878.4395721442313
20
705.5184936523438
11
898.2385620175312
21
725.3174835255437
0
LINE
5
9FC
100
AcDbEntity
8
0
62
7.0
100
AcDbLine
10
898.2385620175312
20
685.7195037791438
11
878.4395721442313
21
705.5184936523438
0
ARC
5
9FD
100
AcDbEntity
8
0
62
7.0
100
AcDbCircle
10
896.4274932854562
20
1444.547119140625
40
28.0
50
135.0
51
225.0
0
LINE
5
9FE
100
AcDbEntity
8
0
62
7.0
100
AcDbLine
10
896.4274932854562
20
1444.547119140625
11
876.6285034121563
21
1424.748129267425
0
LINE
5
9FF
100
AcDbEntity
8
0
62
7.0
100
AcDbLine
10
876.6285034121563
20
1464.346109013825
11
896.4274932854562
21
1444.547119140625
0
ARC
5
A00
100
AcDbEntity
8
0
62
7.0
100
AcDbCircle
10
910.8604156487376
20
608.2247314453125
40
28.0
50
135.0
51
225.0
0
LINE
5
A01
100
AcDbEntity
8
0
62
7.0
100
AcDbLine
10
910.8604156487376
20
608.2247314453125
11
891.0614257754376
21
588.4257415721125
0
LINE
5
A02
100
AcDbEntity
8
0
62
7.0
100
AcDbLine
10
891.0614257754376
20
628.0237213185125
11
910.8604156487376
21
608.2247314453125
0
ARC
5
A03
100
AcDbEntity
8
0
62
7.0
100
AcDbCircle
10
890.3533935546875
20
1361.2756927497
40
28.0
50
45.0
51
135.0
0
LINE
5
A04
100
AcDbEntity
8
0
62
7.0
100
AcDbLine
10
890.3533935546875
20
1361.2756927497
11
870.5544036814875
21
1381.074682623
0
LINE
5
A05
100
AcDbEntity
8
0
62
7.0
100
AcDbLine
10
910.1523834278875
20
1381.074682623
11
890.3533935546875
21
1361.2756927497
0
ARC
5
A06
100
AcDbEntity
8
0
62
7.0
100
AcDbCircle
10
881.1286590582938
20
1572.2119140625
40
28.0
50
-45.0
51
45.0
0
LINE
5
A07
100
AcDbEntity
8
0
62
7.0
100
AcDbLine
10
881.1286590582938
20
1572.2119140625
11
900.9276489315937
21
1592.0109039357
0
LINE
5
A08
100
AcDbEntity
8
0
62
7.0
100
AcDbLine
10
900.9276489315937
20
1552.4129241893
11
881.1286590582938
21
1572.2119140625
0
ARC
5
A09
100
AcDbEntity
8
0
62
7.0
100
AcDbCircle
10
878.0393646247
20
1468.6143798828125
40
28.0
50
-45.0
51
45.0
0
LINE
5
A0A
100
AcDbEntity
8
0
62
7.0
100
AcDbLine
10
878.0393646247
20
1468.6143798828125
11
897.838354498
21
1488.4133697560126
0
LINE
5
A0B
100
AcDbEntity
8
0
62
7.0
100
AcDbLine
10
897.838354498
20
1448.8153900096124
11
878.0393646247
21
1468.6143798828125
0
ARC
5
A0C
100
AcDbEntity
8
0
62
7.0
100
AcDbCircle
10
897.4209594726563
20
1060.75702209405
40
28.0
50
-135.0
51
-45.0
0
LINE
5
A0D
100
AcDbEntity
8
0
62
7.0
100
AcDbLine
10
897.4209594726563
20
1060.75702209405
11
917.2199493458562
21
1040.95803222075
0
LINE
5
A0E
100
AcDbEntity
8
0
62
7.0
100
AcDbLine
10
877.6219695994563
20
1040.95803222075
11
897.4209594726563
21
1060.75702209405
0
ARC
5
A0F
100
AcDbEntity
8
0
62
7.0
100
AcDbCircle
10
919.8835479729562
20
767.2355346679688
40
28.0
50
135.0
51
225.0
0
LINE
5
A10
100
AcDbEntity
8
0
62
7.0
100
AcDbLine
10
919.8835479729562
20
767.2355346679688
11
900.0845580996563
21
747.4365447947688
0
LINE
5
A11
100
AcDbEntity
8
0
62
7.0
100
AcDbLine
10
900.0845580996563
20
787.0345245411687
11
919.8835479729562
21
767.2355346679688
0
ARC
5
A12
100
AcDbEntity
8
0
62
7.0
100
AcDbCircle
10
878.5472991950126
20
646.1959838867188
40
28.0
50
-45.0
51
45.0
0
LINE
5
A13
100
AcDbEntity
8
0
62
7.0
100
AcDbLine
10
878.5472991950126
20
646.1959838867188
11
898.3462890683124
21
665.9949737599187
0
LINE
5
A14
100
AcDbEntity
8
0
62
7.0
100
AcDbLine
10
898.3462890683124
20
626.3969940135188
11
878.5472991950126
21
646.1959838867188
0
ARC
5
A15
100
AcDbEntity
8
0
62
7.0
100
AcDbCircle
10
893.0543823242188
20
1229.33221740655
40
28.0
50
-135.0
51
-45.0
0
LINE
5
A16
100
AcDbEntity
8
0
62
7.0
100
AcDbLine
10
893.0543823242188
20
1229.33221740655
11
912.8533721974187
21
1209.53322753325
0
LINE
5
A17
100
AcDbEntity
8
0
62
7.0
100
AcDbLine
10
873.2553924510188
20
1209.53322753325
11
893.0543823242188
21
1229.33221740655
0
ARC
5
A18
100
AcDbEntity
8
0
62
7.0
100
AcDbCircle
10
903.5964965820313
20
1937.367617797175
40
28.0
50
-135.0
51
-45.0
0
LINE
5
A19
100
AcDbEntity
8
0
62
7.0
100
AcDbLine
10
903.5964965820313
20
1937.367617797175
11
923.3954864552312
21
1917.568627923875
0
LINE
5
A1A
100
AcDbEntity
8
0
62
7.0
100
AcDbLine
10
883.7975067088313
20
1917.568627923875
11
903.5964965820313
21
1937.367617797175
0
ARC
5
A1B
100
AcDbEntity
8
0
62
7.0
100
AcDbCircle
10
909.0544464104562
20
1614.675537109375
40
28.0
50
135.0
51
225.0
0
LINE
5
A1C
100
AcDbEntity
8
0
62
7.0
100
AcDbLine
10
909.0544464104562
20
1614.675537109375
11
889.2554565371563
21
1594.876547236175
0
LINE
5
A1D
100
AcDbEntity
8
0
62
7.0
100
AcDbLine
10
889.2554565371563
20
1634.474526982575
11
909.0544464104562
21
1614.675537109375
0
ARC
5
A1E
100
AcDbEntity
8
0
62
7.0
100
AcDbCircle
10
889.1114471442313
20
1238.93212890625
40
28.0
50
-45.0
51
45.0
0
LINE
5
A1F
100
AcDbEntity
8
0
62
7.0
100
AcDbLine
10
889.1114471442313
20
1238.93212890625
11
908.9104370175312
21
1258.73111877945
0
LINE
5
A20
100
AcDbEntity
8
0
62
7.0
100
AcDbLine
10
908.9104370175312
20
1219.13313903305
11
889.1114471442313
21
1238.93212890625
0
ARC
5
A21
100
AcDbEntity
8
0
62
7.0
100
AcDbCircle
10
868.9755828864188
20
1850.1226806640625
40
28.0
50
-45.0
51
45.0
0
LINE
5
A22
100
AcDbEntity
8
0
62
7.0
100
AcDbLine
10
868.9755828864188
20
1850.1226806640625
11
888.7745727597187
21
1869.9216705372626
0
LINE
5
A23
100
AcDbEntity
8
0
62
7.0
100
AcDbLine
10
888.7745727597187
20
1830.3236907908624
11
868.9755828864188
21
1850.1226806640625
0
ARC
5
A24
100
AcDbEntity
8
0
62
7.0
100
AcDbCircle
10
896.0729370117188
20
452.6700408942313
40
28.0
50
45.0
51
135.0
0
LINE
5
A25
100
AcDbEntity
8
0
62
7.0
100
AcDbLine
10
896.0729370117188
20
452.6700408942313
11
876.2739471385188
21
472.4690307675313
0
LINE
5
A26
100
AcDbEntity
8
0
62
7.0
100
AcDbLine
10
915.8719268849187
20
472.4690307675313
11
896.0729370117188
21
452.6700408942313
0
ARC
5
A27
100
AcDbEntity
8
0
62
7.0
100
AcDbCircle
10
914.60077209405
20
1789.99462890625
40
28.0
50
135.0
51
225.0
0
LINE
5
A28
100
AcDbEntity
8
0
62
7.0
100
AcDbLine
10
914.60077209405
20
1789.99462890625
11
894.80178222075
21
1770.19563903305
0
LINE
5
A29
100
AcDbEntity
8
0
62
7.0
100
AcDbLine
10
894.80178222075
20
1809.79361877945
11
914.60077209405
21
1789.99462890625
0
ARC
5
A2A
100
AcDbEntity
8
0
62
7.0
100
AcDbCircle
10
889.0001190192313
20
1640.420166015625
40
28.0
50
-45.0
51
45.0
0
LINE
5
A2B
100
AcDbEntity
8
0
62
7.0
100
AcDbLine
10
889.0001190192313
20
1640.420166015625
11
908.7991088925312
21
1660.219155888825
0
LINE
5
A2C
100
AcDbEntity
8
0
62
7.0
100
AcDbLine
10
908.7991088925312
20
1620.621176142425
11
889.0001190192313
21
1640.420166015625
0
ARC
5
A2D
100
AcDbEntity
8
0
62
7.0
100
AcDbCircle
10
886.1999481207938
20
946.4634399414063
40
28.0
50
-45.0
51
45.0
0
LINE
5
A2E
100
AcDbEntity
8
0
62
7.0
100
AcDbLine
10
886.1999481207938
20
946.4634399414063
11
905.9989379940937
21
966.2624298146062
0
LINE
5
A2F
100
AcDbEntity
8
0
62
7.0
100
AcDbLine
10
905.9989379940937
20
926.6644500682063
11
886.1999481207938
21
946.4634399414063
0
ARC
5
A30
100
AcDbEntity
8
0
62
7.0
100
AcDbCircle
10
923.8857452385812
20
1328.0167236328125
40
28.0
50
135.0
51
225.0
0
LINE
5
A31
100
AcDbEntity
8
0
62
7.0
100
AcDbLine
10
923.8857452385812
20
1328.0167236328125
11
904.0867553652813
21
1308.2177337596124
0
LINE
5
A32
100
AcDbEntity
8
0
62
7.0
100
AcDbLine
10
904.0867553652813
20
1347.8157135060126
11
923.8857452385812
21
1328.0167236328125
0
ARC
5
A33
100
AcDbEntity
8
0
62
7.0
100
AcDbCircle
10
923.575137328425
20
1080.889892578125
40
28.0
50
135.0
51
225.0
0
LINE
5
A34
100
AcDbEntity
8
0
62
7.0
100
AcDbLine
10
923.575137328425
20
1080.889892578125
11
903.776147455125
21
1061.090902704925
0
LINE
5
A35
100
AcDbEntity
8
0
62
7.0
100
AcDbLine
10
903.776147455125
20
1100.688882451325
11
923.575137328425
21
1080.889892578125
0
ARC
5
A36
100
AcDbEntity
8
0
62
7.0
100
AcDbCircle
10
915.28924865655
20
417.6077575683594
40
28.0
50
135.0
51
225.0
0
LINE
5
A37
100
AcDbEntity
8
0
62
7.0
100
AcDbLine
10
915.28924865655
20
417.6077575683594
11
895.49025878325
21
397.80876769515936
0
LINE
5
A38
100
AcDbEntity
8
0
62
7.0
100
AcDbLine
10
895.49025878325
20
437.4067474415594
11
915.28924865655
21
417.6077575683594
0
ARC
5
A39
100
AcDbEntity
8
0
62
7.0
100
AcDbCircle
10
882.5200164801688
20
1124.4935302734375
40
28.0
50
-45.0
51
45.0
0
LINE
5
A3A
100
AcDbEntity
8
0
62
7.0
100
AcDbLine
10
882.5200164801688
20
1124.4935302734375
11
902.3190063534687
21
1144.2925201466376
0
LINE
5
A3B
100
AcDbEntity
8
0
62
7.0
100
AcDbLine
10
902.3190063534687
20
1104.6945404002374
11
882.5200164801688
21
1124.4935302734375
0
ARC
5
A3C
100
AcDbEntity
8
0
62
7.0
100
AcDbCircle
10
886.3344085700126
20
1737.7730712890625
40
28.0
50
-45.0
51
45.0
0
LINE
5
A3D
100
AcDbEntity
8
0
62
7.0
100
AcDbLine
10
886.3344085700126
20
1737.7730712890625
11
906.1333984433124
21
1757.5720611622626
0
LINE
5
A3E
100
AcDbEntity
8
0
62
7.0
100
AcDbLine
10
906.1333984433124
20
1717.9740814158624
11
886.3344085700126
21
1737.7730712890625
0
ARC
5
A3F
100
AcDbEntity
8
0
62
7.0
100
AcDbCircle
10
891.9154632575126
20
800.8641967773438
40
28.0
50
-45.0
51
45.0
0
LINE
5
A40
100
AcDbEntity
8
0
62
7.0
100
AcDbLine
10
891.9154632575126
20
800.8641967773438
11
911.7144531308124
21
820.6631866505437
0
LINE
5
A41
100
AcDbEntity
8
0
62
7.0
100
AcDbLine
10
911.7144531308124
20
781.0652069041438
11
891.9154632575126
21
800.8641967773438
0
ARC
5
A42
100
AcDbEntity
8
0
62
7.0
100
AcDbCircle
10
895.2311981207938
20
1157.23681640625
40
28.0
50
-45.0
51
45.0
0
LINE
5
A43
100
AcDbEntity
8
0
62
7.0
100
AcDbLine
10
895.2311981207938
20
1157.23681640625
11
915.0301879940937
21
1177.03580627945
0
LINE
5
A44
100
AcDbEntity
8
0
62
7.0
100
AcDbLine
10
915.0301879940937
20
1137.43782653305
11
895.2311981207938
21
1157.23681640625
0
ARC
5
A45
100
AcDbEntity
8
0
62
7.0
100
AcDbCircle
10
899.269775390625
20
1401.9113128668876
40
28.0
50
45.0
51
135.0
0
LINE
5
A46
100
AcDbEntity
8
0
62
7.0
100
AcDbLine
10
899.269775390625
20
1401.9113128668876
11
879.470785517425
21
1421.7103027401874
0
LINE
5
A47
100
AcDbEntity
8
0
62
7.0
100
AcDbLine
10
919.068765263825
20
1421.7103027401874
11
899.269775390625
21
1401.9113128668876
0
ARC
5
A48
100
AcDbEntity
8
0
62
7.0
100
AcDbCircle
10
923.9101593010812
20
1826.137451171875
40
28.0
50
135.0
51
225.0
0
LINE
5
A49
100
AcDbEntity
8
0
62
7.0
100
AcDbLine
10
923.9101593010812
20
1826.137451171875
11
904.1111694277813
21
1806.338461298675
0
LINE
5
A4A
100
AcDbEntity
8
0
62
7.0
100
AcDbLine
10
904.1111694277813
20
1845.936441045075
11
923.9101593010812
21
1826.137451171875
0
ARC
5
A4B
100
AcDbEntity
8
0
62
7.0
100
AcDbCircle
10
930.7772247307687
20
72.87657928466797
40
28.0
50
135.0
51
225.0
0
LINE
5
A4C
100
AcDbEntity
8
0
62
7.0
100
AcDbLine
10
930.7772247307687
20
72.87657928466797
11
910.9782348574688
21
53.07758941146797
0
LINE
5
A4D
100
AcDbEntity
8
0
62
7.0
100
AcDbLine
10
910.9782348574688
20
92.67556915786797
11
930.7772247307687
21
72.87657928466797
0
ARC
5
A4E
100
AcDbEntity
8
0
62
7.0
100
AcDbCircle
10
898.3376434332938
20
348.78375244140625
40
28.0
50
-45.0
51
45.0
0
LINE
5
A4F
100
AcDbEntity
8
0
62
7.0
100
AcDbLine
10
898.3376434332938
20
348.78375244140625
11
918.1366333065937
21
368.58274231460626
0
LINE
5
A50
100
AcDbEntity
8
0
62
7.0
100
AcDbLine
10
918.1366333065937
20
328.98476256820624
11
898.3376434332938
21
348.78375244140625
0
ARC
5
A51
100
AcDbEntity
8
0
62
7.0
100
AcDbCircle
10
672.2081909179688
20
1960.9342620856376
40
28.0
50
45.0
51
135.0
0
LINE
5
A52
100
AcDbEntity
8
0
62
7.0
100
AcDbLine
10
672.2081909179688
20
1960.9342620856376
11
652.4092010447688
21
1980.7332519589374
0
LINE
5
A53
100
AcDbEntity
8
0
62
7.0
100
AcDbLine
10
692.0071807911687
20
1980.7332519589374
11
672.2081909179688
21
1960.9342620856376
0
ARC
5
A54
100
AcDbEntity
8
0
62
7.0
100
AcDbCircle
10
906.7218017578124
20
970.53204040595
40
28.0
50
45.0
51
135.0
0
LINE
5
A55
100
AcDbEntity
8
0
62
7.0
100
AcDbLine
10
906.7218017578124
20
970.53204040595
11
886.9228118846124
21
990.33103027925
0
LINE
5
A56
100
AcDbEntity
8
0
62
7.0
100
AcDbLine
10
926.5207916310123
20
990.33103027925
11
906.7218017578124
21
970.53204040595
0
ARC
5
A57
100
AcDbEntity
8
0
62
7.0
100
AcDbCircle
10
919.1242706292062
20
1521.437255859375
40
28.0
50
135.0
51
225.0
0
LINE
5
A58
100
AcDbEntity
8
0
62
7.0
100
AcDbLine
10
919.1242706292062
20
1521.437255859375
11
899.3252807559063
21
1501.638265986175
0
LINE
5
A59
100
AcDbEntity
8
0
62
7.0
100
AcDbLine
10
899.3252807559063
20
1541.236245732575
11
919.1242706292062
21
1521.437255859375
0
ARC
5
A5A
100
AcDbEntity
8
0
62
7.0
100
AcDbCircle
10
901.2751434332938
20
668.935302734375
40
28.0
50
-45.0
51
45.0
0
LINE
5
A5B
100
AcDbEntity
8
0
62
7.0
100
AcDbLine
10
901.2751434332938
20
668.935302734375
11
921.0741333065937
21
688.734292607575
0
LINE
5
A5C
100
AcDbEntity
8
0
62
7.0
100
AcDbLine
10
921.0741333065937
20
649.136312861175
11
901.2751434332938
21
668.935302734375
0
ARC
5
A5D
100
AcDbEntity
8
0
62
7.0
100
AcDbCircle
10
898.7615936286063
20
730.655029296875
40
28.0
50
-45.0
51
45.0
0
LINE
5
A5E
100
AcDbEntity
8
0
62
7.0
100
AcDbLine
10
898.7615936286063
20
730.655029296875
11
918.5605835019062
21
750.454019170075
0
LINE
5
A5F
100
AcDbEntity
8
0
62
7.0
100
AcDbLine
10
918.5605835019062
20
710.856039423675
11
898.7615936286063
21
730.655029296875
0
ARC
5
A60
100
AcDbEntity
8
0
62
7.0
100
AcDbCircle
10
930.9840118401437
20
575.8572998046875
40
28.0
50
135.0
51
225.0
0
LINE
5
A61
100
AcDbEntity
8
0
62
7.0
100
AcDbLine
10
930.9840118401437
20
575.8572998046875
11
911.1850219668438
21
556.0583099314875
0
LINE
5
A62
100
AcDbEntity
8
0
62
7.0
100
AcDbLine
10
911.1850219668438
20
595.6562896778875
11
930.9840118401437
21
575.8572998046875
0
ARC
5
A63
100
AcDbEntity
8
0
62
7.0
100
AcDbCircle
10
899.8900726325126
20
109.6907730102539
40
28.0
50
-45.0
51
45.0
0
LINE
5
A64
100
AcDbEntity
8
0
62
7.0
100
AcDbLine
10
899.8900726325126
20
109.6907730102539
11
919.6890625058124
21
129.48976288345392
0
LINE
5
A65
100
AcDbEntity
8
0
62
7.0
100
AcDbLine
10
919.6890625058124
20
89.8917831370539
11
899.8900726325126
21
109.6907730102539
0
ARC
5
A66
100
AcDbEntity
8
0
62
7.0
100
AcDbCircle
10
902.783261109075
20
170.3259735107422
40
28.0
50
-45.0
51
45.0
0
LINE
5
A67
100
AcDbEntity
8
0
62
7.0
100
AcDbLine
10
902.783261109075
20
170.3259735107422
11
922.582250982375
21
190.1249633839422
0
LINE
5
A68
100
AcDbEntity
8
0
62
7.0
100
AcDbLine
10
922.582250982375
20
150.52698363754217
11
902.783261109075
21
170.3259735107422
0
ARC
5
A69
100
AcDbEntity
8
0
62
7.0
100
AcDbCircle
10
887.0504119879813
20
272.883544921875
40
28.0
50
-45.0
51
45.0
0
LINE
5
A6A
100
AcDbEntity
8
0
62
7.0
100
AcDbLine
10
887.0504119879813
20
272.883544921875
11
906.8494018612812
21
292.682534795075
0
LINE
5
A6B
100
AcDbEntity
8
0
62
7.0
100
AcDbLine
10
906.8494018612812
20
253.08455504867499
11
887.0504119879813
21
272.883544921875
0
ARC
5
A6C
100
AcDbEntity
8
0
62
7.0
100
AcDbCircle
10
918.6690063476563
20
1881.8137847893624
40
28.0
50
-135.0
51
-45.0
0
LINE
5
A6D
100
AcDbEntity
8
0
62
7.0
100
AcDbLine
10
918.6690063476563
20
1881.8137847893624
11
938.4679962208562
21
1862.0147949160626
0
LINE
5
A6E
100
AcDbEntity
8
0
62
7.0
100
AcDbLine
10
898.8700164744563
20
1862.0147949160626
11
918.6690063476563
21
1881.8137847893624
0
ARC
5
A6F
100
AcDbEntity
8
0
62
7.0
100
AcDbCircle
10
905.2244842536063
20
392.361083984375
40
28.0
50
-45.0
51
45.0
0
LINE
5
A70
100
AcDbEntity
8
0
62
7.0
100
AcDbLine
10
905.2244842536063
20
392.361083984375
11
925.0234741269062
21
412.160073857575
0
LINE
5
A71
100
AcDbEntity
8
0
62
7.0
100
AcDbLine
10
925.0234741269062
20
372.562094111175
11
905.2244842536063
21
392.361083984375
0
ARC
5
A72
100
AcDbEntity
8
0
62
7.0
100
AcDbCircle
10
917.010986328125
20
421.54955749579375
40
28.0
50
45.0
51
135.0
0
LINE
5
A73
100
AcDbEntity
8
0
62
7.0
100
AcDbLine
10
917.010986328125
20
421.54955749579375
11
897.211996454925
21
441.34854736909375
0
LINE
5
A74
100
AcDbEntity
8
0
62
7.0
100
AcDbLine
10
936.809976201325
20
441.34854736909375
11
917.010986328125
21
421.54955749579375
0
ARC
5
A75
100
AcDbEntity
8
0
62
7.0
100
AcDbCircle
10
902.9714324957938
20
23.861658096313477
40
28.0
50
-45.0
51
45.0
0
LINE
5
A76
100
AcDbEntity
8
0
62
7.0
100
AcDbLine
10
902.9714324957938
20
23.861658096313477
11
922.7704223690937
21
43.66064796951348
0
LINE
5
A77
100
AcDbEntity
8
0
62
7.0
100
AcDbLine
10
922.7704223690937
20
4.0626682231134765
11
902.9714324957938
21
23.861658096313477
0
ARC
5
A78
100
AcDbEntity
8
0
62
7.0
100
AcDbCircle
10
909.9941375739188
20
866.1829223632813
40
28.0
50
-45.0
51
45.0
0
LINE
5
A79
100
AcDbEntity
8
0
62
7.0
100
AcDbLine
10
909.9941375739188
20
866.1829223632813
11
929.7931274472187
21
885.9819122364812
0
LINE
5
A7A
100
AcDbEntity
8
0
62
7.0
100
AcDbLine
10
929.7931274472187
20
846.3839324900813
11
909.9941375739188
21
866.1829223632813
0
ARC
5
A7B
100
AcDbEntity
8
0
62
7.0
100
AcDbCircle
10
883.9412231445313
20
1989.39569396905
40
28.0
50
-135.0
51
-45.0
0
LINE
5
A7C
100
AcDbEntity
8
0
62
7.0
100
AcDbLine
10
883.9412231445313
20
1989.39569396905
11
903.7402130177312
21
1969.59670409575
0
LINE
5
A7D
100
AcDbEntity
8
0
62
7.0
100
AcDbLine
10
864.1422332713313
20
1969.59670409575
11
883.9412231445313
21
1989.39569396905
0
ARC
5
A7E
100
AcDbEntity
8
0
62
7.0
100
AcDbCircle
10
932.3289215081123
20
499.9927062988281
40
28.0
50
135.0
51
225.0
0
LINE
5
A7F
100
AcDbEntity
8
0
62
7.0
100
AcDbLine
10
932.3289215081123
20
499.9927062988281
11
912.5299316348123
21
480.1937164256281
0
LINE
5
A80
100
AcDbEntity
8
0
62
7.0
100
AcDbLine
10
912.5299316348123
20
519.7916961720281
11
932.3289215081123
21
499.9927062988281
0
ARC
5
A81
100
AcDbEntity
8
0
62
7.0
100
AcDbCircle
10
897.93536071845
20
227.8140563964844
40
28.0
50
-45.0
51
45.0
0
LINE
5
A82
100
AcDbEntity
8
0
62
7.0
100
AcDbLine
10
897.93536071845
20
227.8140563964844
11
917.73435059175
21
247.6130462696844
0
LINE
5
A83
100
AcDbEntity
8
0
62
7.0
100
AcDbLine
10
917.73435059175
20
208.01506652328442
11
897.93536071845
21
227.8140563964844
0
ARC
5
A84
100
AcDbEntity
8
0
62
7.0
100
AcDbCircle
10
903.1798675543876
20
534.8021850585938
40
28.0
50
-45.0
51
45.0
0
LINE
5
A85
100
AcDbEntity
8
0
62
7.0
100
AcDbLine
10
903.1798675543876
20
534.8021850585938
11
922.9788574276874
21
554.6011749317937
0
LINE
5
A86
100
AcDbEntity
8
0
62
7.0
100
AcDbLine
10
922.9788574276874
20
515.0031951853938
11
903.1798675543876
21
534.8021850585938
0
ARC
5
A87
100
AcDbEntity
8
0
62
7.0
100
AcDbCircle
10
908.86700134345
20
923.7974853515624
40
28.0
50
-45.0
51
45.0
0
LINE
5
A88
100
AcDbEntity
8
0
62
7.0
100
AcDbLine
10
908.86700134345
20
923.7974853515624
11
928.66599121675
21
943.5964752247623
0
LINE
5
A89
100
AcDbEntity
8
0
62
7.0
100
AcDbLine
10
928.66599121675
20
903.9984954783624
11
908.86700134345
21
923.7974853515624
0
ARC
5
A8A
100
AcDbEntity
8
0
62
7.0
100
AcDbCircle
10
899.9439666754813
20
1769.6207275390625
40
28.0
50
-45.0
51
45.0
0
LINE
5
A8B
100
AcDbEntity
8
0
62
7.0
100
AcDbLine
10
899.9439666754813
20
1769.6207275390625
11
919.7429565487812
21
1789.4197174122626
0
LINE
5
A8C
100
AcDbEntity
8
0
62
7.0
100
AcDbLine
10
919.7429565487812
20
1749.8217376658624
11
899.9439666754813
21
1769.6207275390625
0
ARC
5
A8D
100
AcDbEntity
8
0
62
7.0
100
AcDbCircle
10
900.5643890387626
20
1445.816162109375
40
28.0
50
-45.0
51
45.0
0
LINE
5
A8E
100
AcDbEntity
8
0
62
7.0
100
AcDbLine
10
900.5643890387626
20
1445.816162109375
11
920.3633789120624
21
1465.615151982575
0
LINE
5
A8F
100
AcDbEntity
8
0
62
7.0
100
AcDbLine
10
920.3633789120624
20
1426.017172236175
11
900.5643890387626
21
1445.816162109375
0
ARC
5
A90
100
AcDbEntity
8
0
62
7.0
100
AcDbCircle
10
932.2121612542062
20
1954.2081298828125
40
28.0
50
135.0
51
225.0
0
LINE
5
A91
100
AcDbEntity
8
0
62
7.0
100
AcDbLine
10
932.2121612542062
20
1954.2081298828125
11
912.4131713809063
21
1934.4091400096124
0
LINE
5
A92
100
AcDbEntity
8
0
62
7.0
100
AcDbLine
10
912.4131713809063
20
1974.0071197560126
11
932.2121612542062
21
1954.2081298828125
0
ARC
5
A93
100
AcDbEntity
8
0
62
7.0
100
AcDbCircle
10
917.3309326171876
20
1513.92401428155
40
28.0
50
-135.0
51
-45.0
0
LINE
5
A94
100
AcDbEntity
8
0
62
7.0
100
AcDbLine
10
917.3309326171876
20
1513.92401428155
11
937.1299224903876
21
1494.12502440825
0
LINE
5
A95
100
AcDbEntity
8
0
62
7.0
100
AcDbLine
10
897.5319427439877
20
1494.12502440825
11
917.3309326171876
21
1513.92401428155
0
ARC
5
A96
100
AcDbEntity
8
0
62
7.0
100
AcDbCircle
10
903.5982635504813
20
1194.3260498046875
40
28.0
50
-45.0
51
45.0
0
LINE
5
A97
100
AcDbEntity
8
0
62
7.0
100
AcDbLine
10
903.5982635504813
20
1194.3260498046875
11
923.3972534237812
21
1214.1250396778876
0
LINE
5
A98
100
AcDbEntity
8
0
62
7.0
100
AcDbLine
10
923.3972534237812
20
1174.5270599314874
11
903.5982635504813
21
1194.3260498046875
0
ARC
5
A99
100
AcDbEntity
8
0
62
7.0
100
AcDbCircle
10
923.3399047851563
20
814.9049041754813
40
28.0
50
45.0
51
135.0
0
LINE
5
A9A
100
AcDbEntity
8
0
62
7.0
100
AcDbLine
10
923.3399047851563
20
814.9049041754813
11
903.5409149119563
21
834.7038940487812
0
LINE
5
A9B
100
AcDbEntity
8
0
62
7.0
100
AcDbLine
10
943.1388946583562
20
834.7038940487812
11
923.3399047851563
21
814.9049041754813
0
ARC
5
A9C
100
AcDbEntity
8
0
62
7.0
100
AcDbCircle
10
952.7006866448312
20
203.4881134033203
40
28.0
50
135.0
51
225.0
0
LINE
5
A9D
100
AcDbEntity
8
0
62
7.0
100
AcDbLine
10
952.7006866448312
20
203.4881134033203
11
932.9016967715313
21
183.6891235301203
0
LINE
5
A9E
100
AcDbEntity
8
0
62
7.0
100
AcDbLine
10
932.9016967715313
20
223.28710327652033
11
952.7006866448312
21
203.4881134033203
0
ARC
5
A9F
100
AcDbEntity
8
0
62
7.0
100
AcDbCircle
10
914.7405975348563
20
256.4619140625
40
28.0
50
-45.0
51
45.0
0
LINE
5
AA0
100
AcDbEntity
8
0
62
7.0
100
AcDbLine
10
914.7405975348563
20
256.4619140625
11
934.5395874081562
21
276.2609039357
0
LINE
5
AA1
100
AcDbEntity
8
0
62
7.0
100
AcDbLine
10
934.5395874081562
20
236.66292418929999
11
914.7405975348563
21
256.4619140625
0
ARC
5
AA2
100
AcDbEntity
8
0
62
7.0
100
AcDbCircle
10
910.4023406989188
20
967.4520263671876
40
28.0
50
-45.0
51
45.0
0
LINE
5
AA3
100
AcDbEntity
8
0
62
7.0
100
AcDbLine
10
910.4023406989188
20
967.4520263671876
11
930.2013305722187
21
987.2510162403876
0
LINE
5
AA4
100
AcDbEntity
8
0
62
7.0
100
AcDbLine
10
930.2013305722187
20
947.6530364939877
11
910.4023406989188
21
967.4520263671876
0
ARC
5
AA5
100
AcDbEntity
8
0
62
7.0
100
AcDbCircle
10
924.5590789801688
20
418.4779357910156
40
28.0
50
-45.0
51
45.0
0
LINE
5
AA6
100
AcDbEntity
8
0
62
7.0
100
AcDbLine
10
924.5590789801688
20
418.4779357910156
11
944.3580688534687
21
438.27692566421564
0
LINE
5
AA7
100
AcDbEntity
8
0
62
7.0
100
AcDbLine
10
944.3580688534687
20
398.6789459178156
11
924.5590789801688
21
418.4779357910156
0
ARC
5
AA8
100
AcDbEntity
8
0
62
7.0
100
AcDbCircle
10
951.6735870354562
20
1096.3731689453125
40
28.0
50
135.0
51
225.0
0
LINE
5
AA9
100
AcDbEntity
8
0
62
7.0
100
AcDbLine
10
951.6735870354562
20
1096.3731689453125
11
931.8745971621563
21
1076.5741790721124
0
LINE
5
AAA
100
AcDbEntity
8
0
62
7.0
100
AcDbLine
10
931.8745971621563
20
1116.1721588185126
11
951.6735870354562
21
1096.3731689453125
0
ARC
5
AAB
100
AcDbEntity
8
0
62
7.0
100
AcDbCircle
10
950.0897247307687
20
470.4653015136719
40
28.0
50
135.0
51
225.0
0
LINE
5
AAC
100
AcDbEntity
8
0
62
7.0
100
AcDbLine
10
950.0897247307687
20
470.4653015136719
11
930.2907348574688
21
450.66631164047186
0
LINE
5
AAD
100
AcDbEntity
8
0
62
7.0
100
AcDbLine
10
930.2907348574688
20
490.2642913868719
11
950.0897247307687
21
470.4653015136719
0
ARC
5
AAE
100
AcDbEntity
8
0
62
7.0
100
AcDbCircle
10
952.6725494378
20
1140.0748291015625
40
28.0
50
135.0
51
225.0
0
LINE
5
AAF
100
AcDbEntity
8
0
62
7.0
100
AcDbLine
10
952.6725494378
20
1140.0748291015625
11
932.8735595645
21
1120.2758392283624
0
LINE
5
AB0
100
AcDbEntity
8
0
62
7.0
100
AcDbLine
10
932.8735595645
20
1159.8738189747626
11
952.6725494378
21
1140.0748291015625
0
ARC
5
AB1
100
AcDbEntity
8
0
62
7.0
100
AcDbCircle
10
901.4140594489188
20
1395.52734375
40
28.0
50
-45.0
51
45.0
0
LINE
5
AB2
100
AcDbEntity
8
0
62
7.0
100
AcDbLine
10
901.4140594489188
20
1395.52734375
11
921.2130493222187
21
1415.3263336232
0
LINE
5
AB3
100
AcDbEntity
8
0
62
7.0
100
AcDbLine
10
921.2130493222187
20
1375.7283538768
11
901.4140594489188
21
1395.52734375
0
ARC
5
AB4
100
AcDbEntity
8
0
62
7.0
100
AcDbCircle
10
921.1513671875
20
603.5944793707938
40
28.0
50
45.0
51
135.0
0
LINE
5
AB5
100
AcDbEntity
8
0
62
7.0
100
AcDbLine
10
921.1513671875
20
603.5944793707938
11
901.3523773143
21
623.3934692440937
0
LINE
5
AB6
100
AcDbEntity
8
0
62
7.0
100
AcDbLine
10
940.9503570607
20
623.3934692440937
11
921.1513671875
21
603.5944793707938
0
ARC
5
AB7
100
AcDbEntity
8
0
62
7.0
100
AcDbCircle
10
948.8225738518623
20
1233.7060546875
40
28.0
50
135.0
51
225.0
0
LINE
5
AB8
100
AcDbEntity
8
0
62
7.0
100
AcDbLine
10
948.8225738518623
20
1233.7060546875
11
929.0235839785623
21
1213.9070648143
0
LINE
5
AB9
100
AcDbEntity
8
0
62
7.0
100
AcDbLine
10
929.0235839785623
20
1253.5050445607
11
948.8225738518623
21
1233.7060546875
0
ARC
5
ABA
100
AcDbEntity
8
0
62
7.0
100
AcDbCircle
10
920.1378143317313
20
1516.7926025390625
40
28.0
50
-45.0
51
45.0
0
LINE
5
ABB
100
AcDbEntity
8
0
62
7.0
100
AcDbLine
10
920.1378143317313
20
1516.7926025390625
11
939.9368042050312
21
1536.5915924122626
0
LINE
5
ABC
100
AcDbEntity
8
0
62
7.0
100
AcDbLine
10
939.9368042050312
20
1496.9936126658624
11
920.1378143317313
21
1516.7926025390625
0
ARC
5
ABD
100
AcDbEntity
8
0
62
7.0
100
AcDbCircle
10
918.7073944098563
20
756.16259765625
40
28.0
50
-45.0
51
45.0
0
LINE
5
ABE
100
AcDbEntity
8
0
62
7.0
100
AcDbLine
10
918.7073944098563
20
756.16259765625
11
938.5063842831562
21
775.96158752945
0
LINE
5
ABF
100
AcDbEntity
8
0
62
7.0
100
AcDbLine
10
938.5063842831562
20
736.36360778305
11
918.7073944098563
21
756.16259765625
0
ARC
5
AC0
100
AcDbEntity
8
0
62
7.0
100
AcDbCircle
10
940.7266265862376
20
1019.0349731445313
40
28.0
50
135.0
51
225.0
0
LINE
5
AC1
100
AcDbEntity
8
0
62
7.0
100
AcDbLine
10
940.7266265862376
20
1019.0349731445313
11
920.9276367129376
21
999.2359832713313
0
LINE
5
AC2
100
AcDbEntity
8
0
62
7.0
100
AcDbLine
10
920.9276367129376
20
1038.8339630177313
11
940.7266265862376
21
1019.0349731445313
0
ARC
5
AC3
100
AcDbEntity
8
0
62
7.0
100
AcDbCircle
10
936.9434844963937
20
1549.070068359375
40
28.0
50
135.0
51
225.0
0
LINE
5
AC4
100
AcDbEntity
8
0
62
7.0
100
AcDbLine
10
936.9434844963937
20
1549.070068359375
11
917.1444946230938
21
1529.271078486175
0
LINE
5
AC5
100
AcDbEntity
8
0
62
7.0
100
AcDbLine
10
917.1444946230938
20
1568.869058232575
11
936.9434844963937
21
1549.070068359375
0
ARC
5
AC6
100
AcDbEntity
8
0
62
7.0
100
AcDbCircle
10
900.1793182379813
20
305.2109069824219
40
28.0
50
-45.0
51
45.0
0
LINE
5
AC7
100
AcDbEntity
8
0
62
7.0
100
AcDbLine
10
900.1793182379813
20
305.2109069824219
11
919.9783081112812
21
325.0098968556219
0
LINE
5
AC8
100
AcDbEntity
8
0
62
7.0
100
AcDbLine
10
919.9783081112812
20
285.41191710922186
11
900.1793182379813
21
305.2109069824219
0
ARC
5
AC9
100
AcDbEntity
8
0
62
7.0
100
AcDbCircle
10
905.7199096679688
20
1712.7194244378
40
28.0
50
-135.0
51
-45.0
0
LINE
5
ACA
100
AcDbEntity
8
0
62
7.0
100
AcDbLine
10
905.7199096679688
20
1712.7194244378
11
925.5188995411687
21
1692.9204345645
0
LINE
5
ACB
100
AcDbEntity
8
0
62
7.0
100
AcDbLine
10
885.9209197947688
20
1692.9204345645
11
905.7199096679688
21
1712.7194244378
0
ARC
5
ACC
100
AcDbEntity
8
0
62
7.0
100
AcDbCircle
10
940.7888214104562
20
1270.989501953125
40
28.0
50
135.0
51
225.0
0
LINE
5
ACD
100
AcDbEntity
8
0
62
7.0
100
AcDbLine
10
940.7888214104562
20
1270.989501953125
11
920.9898315371563
21
1251.190512079925
0
LINE
5
ACE
100
AcDbEntity
8
0
62
7.0
100
AcDbLine
10
920.9898315371563
20
1290.788491826325
11
940.7888214104562
21
1270.989501953125
0
ARC
5
ACF
100
AcDbEntity
8
0
62
7.0
100
AcDbCircle
10
916.4347503668877
20
138.60707092285156
40
28.0
50
-45.0
51
45.0
0
LINE
5
AD0
100
AcDbEntity
8
0
62
7.0
100
AcDbLine
10
916.4347503668877
20
138.60707092285156
11
936.2337402401877
21
158.40606079605158
0
LINE
5
AD1
100
AcDbEntity
8
0
62
7.0
100
AcDbLine
10
936.2337402401877
20
118.80808104965156
11
916.4347503668877
21
138.60707092285156
0
ARC
5
AD2
100
AcDbEntity
8
0
62
7.0
100
AcDbCircle
10
904.4619110114188
20
1353.1043701171875
40
28.0
50
-45.0
51
45.0
0
LINE
5
AD3
100
AcDbEntity
8
0
62
7.0
100
AcDbLine
10
904.4619110114188
20
1353.1043701171875
11
924.2609008847187
21
1372.9033599903876
0
LINE
5
AD4
100
AcDbEntity
8
0
62
7.0
100
AcDbLine
10
924.2609008847187
20
1333.3053802439874
11
904.4619110114188
21
1353.1043701171875
0
ARC
5
AD5
100
AcDbEntity
8
0
62
7.0
100
AcDbCircle
10
925.8427703864188
20
512.1395874023438
40
28.0
50
-45.0
51
45.0
0
LINE
5
AD6
100
AcDbEntity
8
0
62
7.0
100
AcDbLine
10
925.8427703864188
20
512.1395874023438
11
945.6417602597187
21
531.9385772755437
0
LINE
5
AD7
100
AcDbEntity
8
0
62
7.0
100
AcDbLine
10
945.6417602597187
20
492.34059752914374
11
925.8427703864188
21
512.1395874023438
0
ARC
5
AD8
100
AcDbEntity
8
0
62
7.0
100
AcDbCircle
10
932.185302734375
20
718.7459747307687
40
28.0
50
-135.0
51
-45.0
0
LINE
5
AD9
100
AcDbEntity
8
0
62
7.0
100
AcDbLine
10
932.185302734375
20
718.7459747307687
11
951.984292607575
21
698.9469848574688
0
LINE
5
ADA
100
AcDbEntity
8
0
62
7.0
100
AcDbLine
10
912.386312861175
20
698.9469848574687
11
932.185302734375
21
718.7459747307687
0
ARC
5
ADB
100
AcDbEntity
8
0
62
7.0
100
AcDbCircle
10
951.5254547112376
20
794.7399291992188
40
28.0
50
135.0
51
225.0
0
LINE
5
ADC
100
AcDbEntity
8
0
62
7.0
100
AcDbLine
10
951.5254547112376
20
794.7399291992188
11
931.7264648379376
21
774.9409393260188
0
LINE
5
ADD
100
AcDbEntity
8
0
62
7.0
100
AcDbLine
10
931.7264648379376
20
814.5389190724187
11
951.5254547112376
21
794.7399291992188
0
ARC
5
ADE
100
AcDbEntity
8
0
62
7.0
100
AcDbCircle
10
921.6776733398438
20
1577.1188323981376
40
28.0
50
45.0
51
135.0
0
LINE
5
ADF
100
AcDbEntity
8
0
62
7.0
100
AcDbLine
10
921.6776733398438
20
1577.1188323981376
11
901.8786834666438
21
1596.9178222714374
0
LINE
5
AE0
100
AcDbEntity
8
0
62
7.0
100
AcDbLine
10
941.4766632130437
20
1596.9178222714374
11
921.6776733398438
21
1577.1188323981376
0
ARC
5
AE1
100
AcDbEntity
8
0
62
7.0
100
AcDbCircle
10
908.9249847418877
20
1897.2347412109375
40
28.0
50
-45.0
51
45.0
0
LINE
5
AE2
100
AcDbEntity
8
0
62
7.0
100
AcDbLine
10
908.9249847418877
20
1897.2347412109375
11
928.7239746151877
21
1917.0337310841376
0
LINE
5
AE3
100
AcDbEntity
8
0
62
7.0
100
AcDbLine
10
928.7239746151877
20
1877.4357513377374
11
908.9249847418877
21
1897.2347412109375
0
ARC
5
AE4
100
AcDbEntity
8
0
62
7.0
100
AcDbCircle
10
935.0416259765624
20
1951.233828734675
40
28.0
50
-135.0
51
-45.0
0
LINE
5
AE5
100
AcDbEntity
8
0
62
7.0
100
AcDbLine
10
935.0416259765624
20
1951.233828734675
11
954.8406158497623
21
1931.434838861375
0
LINE
5
AE6
100
AcDbEntity
8
0
62
7.0
100
AcDbLine
10
915.2426361033624
20
1931.434838861375
11
935.0416259765624
21
1951.233828734675
0
ARC
5
AE7
100
AcDbEntity
8
0
62
7.0
100
AcDbCircle
10
909.2550018317313
20
1805.764892578125
40
28.0
50
-45.0
51
45.0
0
LINE
5
AE8
100
AcDbEntity
8
0
62
7.0
100
AcDbLine
10
909.2550018317313
20
1805.764892578125
11
929.0539917050312
21
1825.563882451325
0
LINE
5
AE9
100
AcDbEntity
8
0
62
7.0
100
AcDbLine
10
929.0539917050312
20
1785.965902704925
11
909.2550018317313
21
1805.764892578125
0
ARC
5
AEA
100
AcDbEntity
8
0
62
7.0
100
AcDbCircle
10
928.4616088867188
20
1036.9569671637626
40
28.0
50
45.0
51
135.0
0
LINE
5
AEB
100
AcDbEntity
8
0
62
7.0
100
AcDbLine
10
928.4616088867188
20
1036.9569671637626
11
908.6626190135188
21
1056.7559570370624
0
LINE
5
AEC
100
AcDbEntity
8
0
62
7.0
100
AcDbLine
10
948.2605987599187
20
1056.7559570370624
11
928.4616088867188
21
1036.9569671637626
0
ARC
5
AED
100
AcDbEntity
8
0
62
7.0
100
AcDbCircle
10
935.8684051520438
20
1074.898681640625
40
28.0
50
-45.0
51
45.0
0
LINE
5
AEE
100
AcDbEntity
8
0
62
7.0
100
AcDbLine
10
935.8684051520438
20
1074.898681640625
11
955.6673950253437
21
1094.697671513825
0
LINE
5
AEF
100
AcDbEntity
8
0
62
7.0
100
AcDbLine
10
955.6673950253437
20
1055.099691767425
11
935.8684051520438
21
1074.898681640625
0
ARC
5
AF0
100
AcDbEntity
8
0
62
7.0
100
AcDbCircle
10
934.7814910895438
20
886.4561157226563
40
28.0
50
-45.0
51
45.0
0
LINE
5
AF1
100
AcDbEntity
8
0
62
7.0
100
AcDbLine
10
934.7814910895438
20
886.4561157226563
11
954.5804809628437
21
906.2551055958562
0
LINE
5
AF2
100
AcDbEntity
8
0
62
7.0
100
AcDbLine
10
954.5804809628437
20
866.6571258494563
11
934.7814910895438
21
886.4561157226563
0
ARC
5
AF3
100
AcDbEntity
8
0
62
7.0
100
AcDbCircle
10
923.1571624762624
20
86.15572357177734
40
28.0
50
-45.0
51
45.0
0
LINE
5
AF4
100
AcDbEntity
8
0
62
7.0
100
AcDbLine
10
923.1571624762624
20
86.15572357177734
11
942.9561523495624
21
105.95471344497734
0
LINE
5
AF5
100
AcDbEntity
8
0
62
7.0
100
AcDbLine
10
942.9561523495624
20
66.35673369857734
11
923.1571624762624
21
86.15572357177734
0
ARC
5
AF6
100
AcDbEntity
8
0
62
7.0
100
AcDbCircle
10
925.3531463629813
20
997.9603271484376
40
28.0
50
-45.0
51
45.0
0
LINE
5
AF7
100
AcDbEntity
8
0
62
7.0
100
AcDbLine
10
925.3531463629813
20
997.9603271484376
11
945.1521362362812
21
1017.7593170216376
0
LINE
5
AF8
100
AcDbEntity
8
0
62
7.0
100
AcDbLine
10
945.1521362362812
20
978.1613372752377
11
925.3531463629813
21
997.9603271484376
0
ARC
5
AF9
100
AcDbEntity
8
0
62
7.0
100
AcDbCircle
10
932.2978485114188
20
724.2940673828125
40
28.0
50
-45.0
51
45.0
0
LINE
5
AFA
100
AcDbEntity
8
0
62
7.0
100
AcDbLine
10
932.2978485114188
20
724.2940673828125
11
952.0968383847187
21
744.0930572560125
0
LINE
5
AFB
100
AcDbEntity
8
0
62
7.0
100
AcDbLine
10
952.0968383847187
20
704.4950775096125
11
932.2978485114188
21
724.2940673828125
0
ARC
5
AFC
100
AcDbEntity
8
0
62
7.0
100
AcDbCircle
10
935.5653656012624
20
1162.84619140625
40
28.0
50
-45.0
51
45.0
0
LINE
5
AFD
100
AcDbEntity
8
0
62
7.0
100
AcDbLine
10
935.5653656012624
20
1162.84619140625
11
955.3643554745624
21
1182.64518127945
0
LINE
5
AFE
100
AcDbEntity
8
0
62
7.0
100
AcDbLine
10
955.3643554745624
20
1143.04720153305
11
935.5653656012624
21
1162.84619140625
0
ARC
5
AFF
100
AcDbEntity
8
0
62
7.0
100
AcDbCircle
10
919.217831421575
20
1623.9718017578125
40
28.0
50
-45.0
51
45.0
0
LINE
5
B00
100
AcDbEntity
8
0
62
7.0
100
AcDbLine
10
919.217831421575
20
1623.9718017578125
11
939.016821294875
21
1643.7707916310126
0
LINE
5
B01
100
AcDbEntity
8
0
62
7.0
100
AcDbLine
10
939.016821294875
20
1604.1728118846124
11
919.217831421575
21
1623.9718017578125
0
ARC
5
B02
100
AcDbEntity
8
0
62
7.0
100
AcDbCircle
10
906.5087860114188
20
1668.363525390625
40
28.0
50
-45.0
51
45.0
0
LINE
5
B03
100
AcDbEntity
8
0
62
7.0
100
AcDbLine
10
906.5087860114188
20
1668.363525390625
11
926.3077758847187
21
1688.162515263825
0
LINE
5
B04
100
AcDbEntity
8
0
62
7.0
100
AcDbLine
10
926.3077758847187
20
1648.564535517425
11
906.5087860114188
21
1668.363525390625
0
ARC
5
B05
100
AcDbEntity
8
0
62
7.0
100
AcDbCircle
10
934.6690643317313
20
165.83462524414063
40
28.0
50
-45.0
51
45.0
0
LINE
5
B06
100
AcDbEntity
8
0
62
7.0
100
AcDbLine
10
934.6690643317313
20
165.83462524414063
11
954.4680542050312
21
185.63361511734064
0
LINE
5
B07
100
AcDbEntity
8
0
62
7.0
100
AcDbLine
10
954.4680542050312
20
146.0356353709406
11
934.6690643317313
21
165.83462524414063
0
ARC
5
B08
100
AcDbEntity
8
0
62
7.0
100
AcDbCircle
10
938.2499389648438
20
574.2543914801688
40
28.0
50
45.0
51
135.0
0
LINE
5
B09
100
AcDbEntity
8
0
62
7.0
100
AcDbLine
10
938.2499389648438
20
574.2543914801688
11
918.4509490916438
21
594.0533813534687
0
LINE
5
B0A
100
AcDbEntity
8
0
62
7.0
100
AcDbLine
10
958.0489288380437
20
594.0533813534687
11
938.2499389648438
21
574.2543914801688
0
ARC
5
B0B
100
AcDbEntity
8
0
62
7.0
100
AcDbCircle
10
927.1626586914063
20
1324.8447906487374
40
28.0
50
-135.0
51
-45.0
0
LINE
5
B0C
100
AcDbEntity
8
0
62
7.0
100
AcDbLine
10
927.1626586914063
20
1324.8447906487374
11
946.9616485646062
21
1305.0458007754376
0
LINE
5
B0D
100
AcDbEntity
8
0
62
7.0
100
AcDbLine
10
907.3636688182063
20
1305.0458007754376
11
927.1626586914063
21
1324.8447906487374
0
ARC
5
B0E
100
AcDbEntity
8
0
62
7.0
100
AcDbCircle
10
940.0065307617188
20
1491.012149047175
40
28.0
50
-135.0
51
-45.0
0
LINE
5
B0F
100
AcDbEntity
8
0
62
7.0
100
AcDbLine
10
940.0065307617188
20
1491.012149047175
11
959.8055206349187
21
1471.213159173875
0
LINE
5
B10
100
AcDbEntity
8
0
62
7.0
100
AcDbLine
10
920.2075408885188
20
1471.213159173875
11
940.0065307617188
21
1491.012149047175
0
ARC
5
B11
100
AcDbEntity
8
0
62
7.0
100
AcDbCircle
10
926.5291717536063
20
556.8467407226563
40
28.0
50
-45.0
51
45.0
0
LINE
5
B12
100
AcDbEntity
8
0
62
7.0
100
AcDbLine
10
926.5291717536063
20
556.8467407226563
11
946.3281616269062
21
576.6457305958562
0
LINE
5
B13
100
AcDbEntity
8
0
62
7.0
100
AcDbLine
10
946.3281616269062
20
537.0477508494563
11
926.5291717536063
21
556.8467407226563
0
ARC
5
B14
100
AcDbEntity
8
0
62
7.0
100
AcDbCircle
10
959.5327789299876
20
296.37030029296875
40
28.0
50
135.0
51
225.0
0
LINE
5
B15
100
AcDbEntity
8
0
62
7.0
100
AcDbLine
10
959.5327789299876
20
296.37030029296875
11
939.7337890566876
21
276.57131041976874
0
LINE
5
B16
100
AcDbEntity
8
0
62
7.0
100
AcDbLine
10
939.7337890566876
20
316.16929016616876
11
959.5327789299876
21
296.37030029296875
0
ARC
5
B17
100
AcDbEntity
8
0
62
7.0
100
AcDbCircle
10
951.7753936760812
20
1711.31787109375
40
28.0
50
135.0
51
225.0
0
LINE
5
B18
100
AcDbEntity
8
0
62
7.0
100
AcDbLine
10
951.7753936760812
20
1711.31787109375
11
931.9764038027813
21
1691.51888122055
0
LINE
5
B19
100
AcDbEntity
8
0
62
7.0
100
AcDbLine
10
931.9764038027813
20
1731.11686096695
11
951.7753936760812
21
1711.31787109375
0
ARC
5
B1A
100
AcDbEntity
8
0
62
7.0
100
AcDbCircle
10
944.2840576171876
20
625.7799041754813
40
28.0
50
45.0
51
135.0
0
LINE
5
B1B
100
AcDbEntity
8
0
62
7.0
100
AcDbLine
10
944.2840576171876
20
625.7799041754813
11
924.4850677439877
21
645.5788940487812
0
LINE
5
B1C
100
AcDbEntity
8
0
62
7.0
100
AcDbLine
10
964.0830474903876
20
645.5788940487812
11
944.2840576171876
21
625.7799041754813
0
ARC
5
B1D
100
AcDbEntity
8
0
62
7.0
100
AcDbCircle
10
947.132568359375
20
1310.537655640325
40
28.0
50
45.0
51
135.0
0
LINE
5
B1E
100
AcDbEntity
8
0
62
7.0
100
AcDbLine
10
947.132568359375
20
1310.537655640325
11
927.333578486175
21
1330.336645513625
0
LINE
5
B1F
100
AcDbEntity
8
0
62
7.0
100
AcDbLine
10
966.931558232575
20
1330.336645513625
11
947.132568359375
21
1310.537655640325
0
ARC
5
B20
100
AcDbEntity
8
0
62
7.0
100
AcDbCircle
10
962.2285186760812
20
1369.2357177734375
40
28.0
50
135.0
51
225.0
0
LINE
5
B21
100
AcDbEntity
8
0
62
7.0
100
AcDbLine
10
962.2285186760812
20
1369.2357177734375
11
942.4295288027813
21
1349.4367279002374
0
LINE
5
B22
100
AcDbEntity
8
0
62
7.0
100
AcDbLine
10
942.4295288027813
20
1389.0347076466376
11
962.2285186760812
21
1369.2357177734375
0
ARC
5
B23
100
AcDbEntity
8
0
62
7.0
100
AcDbCircle
10
946.8311157226563
20
314.73913269110625
40
28.0
50
45.0
51
135.0
0
LINE
5
B24
100
AcDbEntity
8
0
62
7.0
100
AcDbLine
10
946.8311157226563
20
314.73913269110625
11
927.0321258494563
21
334.53812256440625
0
LINE
5
B25
100
AcDbEntity
8
0
62
7.0
100
AcDbLine
10
966.6301055958562
20
334.53812256440625
11
946.8311157226563
21
314.73913269110625
0
ARC
5
B26
100
AcDbEntity
8
0
62
7.0
100
AcDbCircle
10
942.5828247070313
20
1399.8234222418876
40
28.0
50
45.0
51
135.0
0
LINE
5
B27
100
AcDbEntity
8
0
62
7.0
100
AcDbLine
10
942.5828247070313
20
1399.8234222418876
11
922.7838348338313
21
1419.6224121151874
0
LINE
5
B28
100
AcDbEntity
8
0
62
7.0
100
AcDbLine
10
962.3818145802312
20
1419.6224121151874
11
942.5828247070313
21
1399.8234222418876
0
ARC
5
B29
100
AcDbEntity
8
0
62
7.0
100
AcDbCircle
10
925.0535858161063
20
366.4975280761719
40
28.0
50
-45.0
51
45.0
0
LINE
5
B2A
100
AcDbEntity
8
0
62
7.0
100
AcDbLine
10
925.0535858161063
20
366.4975280761719
11
944.8525756894062
21
386.2965179493719
0
LINE
5
B2B
100
AcDbEntity
8
0
62
7.0
100
AcDbLine
10
944.8525756894062
20
346.69853820297186
11
925.0535858161063
21
366.4975280761719
0
ARC
5
B2C
100
AcDbEntity
8
0
62
7.0
100
AcDbCircle
10
963.8480255120187
20
1967.8837890625
40
28.0
50
135.0
51
225.0
0
LINE
5
B2D
100
AcDbEntity
8
0
62
7.0
100
AcDbLine
10
963.8480255120187
20
1967.8837890625
11
944.0490356387188
21
1948.0847991893
0
LINE
5
B2E
100
AcDbEntity
8
0
62
7.0
100
AcDbLine
10
944.0490356387188
20
1987.6827789357
11
963.8480255120187
21
1967.8837890625
0
ARC
5
B2F
100
AcDbEntity
8
0
62
7.0
100
AcDbCircle
10
935.3510711676688
20
1653.2911376953125
40
28.0
50
-45.0
51
45.0
0
LINE
5
B30
100
AcDbEntity
8
0
62
7.0
100
AcDbLine
10
935.3510711676688
20
1653.2911376953125
11
955.1500610409687
21
1673.0901275685126
0
LINE
5
B31
100
AcDbEntity
8
0
62
7.0
100
AcDbLine
10
955.1500610409687
20
1633.4921478221124
11
935.3510711676688
21
1653.2911376953125
0
ARC
5
B32
100
AcDbEntity
8
0
62
7.0
100
AcDbCircle
10
938.3272705078124
20
33.96563606329863
40
28.0
50
45.0
51
135.0
0
LINE
5
B33
100
AcDbEntity
8
0
62
7.0
100
AcDbLine
10
938.3272705078124
20
33.96563606329863
11
918.5282806346124
21
53.764625936598634
0
LINE
5
B34
100
AcDbEntity
8
0
62
7.0
100
AcDbLine
10
958.1262603810123
20
53.764625936598634
11
938.3272705078124
21
33.96563606329863
0
ARC
5
B35
100
AcDbEntity
8
0
62
7.0
100
AcDbCircle
10
971.8900176995187
20
819.8363037109375
40
28.0
50
135.0
51
225.0
0
LINE
5
B36
100
AcDbEntity
8
0
62
7.0
100
AcDbLine
10
971.8900176995187
20
819.8363037109375
11
952.0910278262188
21
800.0373138377375
0
LINE
5
B37
100
AcDbEntity
8
0
62
7.0
100
AcDbLine
10
952.0910278262188
20
839.6352935841375
11
971.8900176995187
21
819.8363037109375
0
ARC
5
B38
100
AcDbEntity
8
0
62
7.0
100
AcDbCircle
10
969.698184203425
20
231.94317626953125
40
28.0
50
135.0
51
225.0
0
LINE
5
B39
100
AcDbEntity
8
0
62
7.0
100
AcDbLine
10
969.698184203425
20
231.94317626953125
11
949.899194330125
21
212.14418639633124
0
LINE
5
B3A
100
AcDbEntity
8
0
62
7.0
100
AcDbLine
10
949.899194330125
20
251.74216614273126
11
969.698184203425
21
231.94317626953125
0
ARC
5
B3B
100
AcDbEntity
8
0
62
7.0
100
AcDbCircle
10
939.0992401129813
20
115.6663818359375
40
28.0
50
-45.0
51
45.0
0
LINE
5
B3C
100
AcDbEntity
8
0
62
7.0
100
AcDbLine
10
939.0992401129813
20
115.6663818359375
11
958.8982299862812
21
135.46537170913751
0
LINE
5
B3D
100
AcDbEntity
8
0
62
7.0
100
AcDbLine
10
958.8982299862812
20
95.8673919627375
11
939.0992401129813
21
115.6663818359375
0
ARC
5
B3E
100
AcDbEntity
8
0
62
7.0
100
AcDbCircle
10
920.9769256598563
20
1570.7470703125
40
28.0
50
-45.0
51
45.0
0
LINE
5
B3F
100
AcDbEntity
8
0
62
7.0
100
AcDbLine
10
920.9769256598563
20
1570.7470703125
11
940.7759155331562
21
1590.5460601857
0
LINE
5
B40
100
AcDbEntity
8
0
62
7.0
100
AcDbLine
10
940.7759155331562
20
1550.9480804393
11
920.9769256598563
21
1570.7470703125
0
ARC
5
B41
100
AcDbEntity
8
0
62
7.0
100
AcDbCircle
10
934.9139984137624
20
676.0001831054688
40
28.0
50
-45.0
51
45.0
0
LINE
5
B42
100
AcDbEntity
8
0
62
7.0
100
AcDbLine
10
934.9139984137624
20
676.0001831054688
11
954.7129882870624
21
695.7991729786687
0
LINE
5
B43
100
AcDbEntity
8
0
62
7.0
100
AcDbLine
10
954.7129882870624
20
656.2011932322688
11
934.9139984137624
21
676.0001831054688
0
ARC
5
B44
100
AcDbEntity
8
0
62
7.0
100
AcDbCircle
10
952.56591796875
20
1187.8471038825126
40
28.0
50
45.0
51
135.0
0
LINE
5
B45
100
AcDbEntity
8
0
62
7.0
100
AcDbLine
10
952.56591796875
20
1187.8471038825126
11
932.76692809555
21
1207.6460937558124
0
LINE
5
B46
100
AcDbEntity
8
0
62
7.0
100
AcDbLine
10
972.36490784195
20
1207.6460937558124
11
952.56591796875
21
1187.8471038825126
0
ARC
5
B47
100
AcDbEntity
8
0
62
7.0
100
AcDbCircle
10
955.7546997070313
20
631.5781280510812
40
28.0
50
-135.0
51
-45.0
0
LINE
5
B48
100
AcDbEntity
8
0
62
7.0
100
AcDbLine
10
955.7546997070313
20
631.5781280510812
11
975.5536895802312
21
611.7791381777813
0
LINE
5
B49
100
AcDbEntity
8
0
62
7.0
100
AcDbLine
10
935.9557098338313
20
611.7791381777812
11
955.7546997070313
21
631.5781280510812
0
ARC
5
B4A
100
AcDbEntity
8
0
62
7.0
100
AcDbCircle
10
970.294921875
20
896.4038055426688
40
28.0
50
45.0
51
135.0
0
LINE
5
B4B
100
AcDbEntity
8
0
62
7.0
100
AcDbLine
10
970.294921875
20
896.4038055426688
11
950.4959320018
21
916.2027954159687
0
LINE
5
B4C
100
AcDbEntity
8
0
62
7.0
100
AcDbLine
10
990.0939117482
20
916.2027954159687
11
970.294921875
21
896.4038055426688
0
ARC
5
B4D
100
AcDbEntity
8
0
62
7.0
100
AcDbCircle
10
932.0855682379813
20
1256.116455078125
40
28.0
50
-45.0
51
45.0
0
LINE
5
B4E
100
AcDbEntity
8
0
62
7.0
100
AcDbLine
10
932.0855682379813
20
1256.116455078125
11
951.8845581112812
21
1275.915444951325
0
LINE
5
B4F
100
AcDbEntity
8
0
62
7.0
100
AcDbLine
10
951.8845581112812
20
1236.317465204925
11
932.0855682379813
21
1256.116455078125
0
ARC
5
B50
100
AcDbEntity
8
0
62
7.0
100
AcDbCircle
10
959.4171752929688
20
1274.245175171575
40
28.0
50
45.0
51
135.0
0
LINE
5
B51
100
AcDbEntity
8
0
62
7.0
100
AcDbLine
10
959.4171752929688
20
1274.245175171575
11
939.6181854197688
21
1294.044165044875
0
LINE
5
B52
100
AcDbEntity
8
0
62
7.0
100
AcDbLine
10
979.2161651661687
20
1294.044165044875
11
959.4171752929688
21
1274.245175171575
0
ARC
5
B53
100
AcDbEntity
8
0
62
7.0
100
AcDbCircle
10
953.4448211676688
20
1232.0985107421875
40
28.0
50
-45.0
51
45.0
0
LINE
5
B54
100
AcDbEntity
8
0
62
7.0
100
AcDbLine
10
953.4448211676688
20
1232.0985107421875
11
973.2438110409687
21
1251.8975006153876
0
LINE
5
B55
100
AcDbEntity
8
0
62
7.0
100
AcDbLine
10
973.2438110409687
20
1212.2995208689874
11
953.4448211676688
21
1232.0985107421875
0
ARC
5
B56
100
AcDbEntity
8
0
62
7.0
100
AcDbCircle
10
952.3049926757813
20
1430.5364349372
40
28.0
50
45.0
51
135.0
0
LINE
5
B57
100
AcDbEntity
8
0
62
7.0
100
AcDbLine
10
952.3049926757813
20
1430.5364349372
11
932.5060028025813
21
1450.3354248105
0
LINE
5
B58
100
AcDbEntity
8
0
62
7.0
100
AcDbLine
10
972.1039825489812
20
1450.3354248105
11
952.3049926757813
21
1430.5364349372
0
ARC
5
B59
100
AcDbEntity
8
0
62
7.0
100
AcDbCircle
10
954.171932984075
20
352.721435546875
40
28.0
50
-45.0
51
45.0
0
LINE
5
B5A
100
AcDbEntity
8
0
62
7.0
100
AcDbLine
10
954.171932984075
20
352.721435546875
11
973.970922857375
21
372.520425420075
0
LINE
5
B5B
100
AcDbEntity
8
0
62
7.0
100
AcDbLine
10
973.970922857375
20
332.922445673675
11
954.171932984075
21
352.721435546875
0
ARC
5
B5C
100
AcDbEntity
8
0
62
7.0
100
AcDbCircle
10
937.7914398200124
20
1030.978271484375
40
28.0
50
-45.0
51
45.0
0
LINE
5
B5D
100
AcDbEntity
8
0
62
7.0
100
AcDbLine
10
937.7914398200124
20
1030.978271484375
11
957.5904296933124
21
1050.777261357575
0
LINE
5
B5E
100
AcDbEntity
8
0
62
7.0
100
AcDbLine
10
957.5904296933124
20
1011.179281611175
11
937.7914398200124
21
1030.978271484375
0
ARC
5
B5F
100
AcDbEntity
8
0
62
7.0
100
AcDbCircle
10
960.9974975585938
20
1788.416561890325
40
28.0
50
45.0
51
135.0
0
LINE
5
B60
100
AcDbEntity
8
0
62
7.0
100
AcDbLine
10
960.9974975585938
20
1788.416561890325
11
941.1985076853938
21
1808.215551763625
0
LINE
5
B61
100
AcDbEntity
8
0
62
7.0
100
AcDbLine
10
980.7964874317937
20
1808.215551763625
11
960.9974975585938
21
1788.416561890325
0
ARC
5
B62
100
AcDbEntity
8
0
62
7.0
100
AcDbCircle
10
946.44903259345
20
260.8590393066406
40
28.0
50
-45.0
51
45.0
0
LINE
5
B63
100
AcDbEntity
8
0
62
7.0
100
AcDbLine
10
946.44903259345
20
260.8590393066406
11
966.24802246675
21
280.65802917984064
0
LINE
5
B64
100
AcDbEntity
8
0
62
7.0
100
AcDbLine
10
966.24802246675
20
241.0600494334406
11
946.44903259345
21
260.8590393066406
0
ARC
5
B65
100
AcDbEntity
8
0
62
7.0
100
AcDbCircle
10
943.00567321845
20
1493.6768798828125
40
28.0
50
-45.0
51
45.0
0
LINE
5
B66
100
AcDbEntity
8
0
62
7.0
100
AcDbLine
10
943.00567321845
20
1493.6768798828125
11
962.80466309175
21
1513.4758697560126
0
LINE
5
B67
100
AcDbEntity
8
0
62
7.0
100
AcDbLine
10
962.80466309175
20
1473.8778900096124
11
943.00567321845
21
1493.6768798828125
0
ARC
5
B68
100
AcDbEntity
8
0
62
7.0
100
AcDbCircle
10
959.9791900628
20
1837.6817626953125
40
28.0
50
135.0
51
225.0
0
LINE
5
B69
100
AcDbEntity
8
0
62
7.0
100
AcDbLine
10
959.9791900628
20
1837.6817626953125
11
940.1802001895
21
1817.8827728221124
0
LINE
5
B6A
100
AcDbEntity
8
0
62
7.0
100
AcDbLine
10
940.1802001895
20
1857.4807525685126
11
959.9791900628
21
1837.6817626953125
0
ARC
5
B6B
100
AcDbEntity
8
0
62
7.0
100
AcDbCircle
10
938.2677001953124
20
1762.632754515925
40
28.0
50
-135.0
51
-45.0
0
LINE
5
B6C
100
AcDbEntity
8
0
62
7.0
100
AcDbLine
10
938.2677001953124
20
1762.632754515925
11
958.0666900685123
21
1742.833764642625
0
LINE
5
B6D
100
AcDbEntity
8
0
62
7.0
100
AcDbLine
10
918.4687103221124
20
1742.833764642625
11
938.2677001953124
21
1762.632754515925
0
ARC
5
B6E
100
AcDbEntity
8
0
62
7.0
100
AcDbCircle
10
977.8164703362376
20
445.9483947753906
40
28.0
50
135.0
51
225.0
0
LINE
5
B6F
100
AcDbEntity
8
0
62
7.0
100
AcDbLine
10
977.8164703362376
20
445.9483947753906
11
958.0174804629376
21
426.1494049021906
0
LINE
5
B70
100
AcDbEntity
8
0
62
7.0
100
AcDbLine
10
958.0174804629376
20
465.74738464859064
11
977.8164703362376
21
445.9483947753906
0
ARC
5
B71
100
AcDbEntity
8
0
62
7.0
100
AcDbCircle
10
989.988223265925
20
1352.7763671875
40
28.0
50
135.0
51
225.0
0
LINE
5
B72
100
AcDbEntity
8
0
62
7.0
100
AcDbLine
10
989.988223265925
20
1352.7763671875
11
970.189233392625
21
1332.9773773143
0
LINE
5
B73
100
AcDbEntity
8
0
62
7.0
100
AcDbLine
10
970.189233392625
20
1372.5753570607
11
989.988223265925
21
1352.7763671875
0
ARC
5
B74
100
AcDbEntity
8
0
62
7.0
100
AcDbCircle
10
944.1192596442313
20
1593.0631103515625
40
28.0
50
-45.0
51
45.0
0
LINE
5
B75
100
AcDbEntity
8
0
62
7.0
100
AcDbLine
10
944.1192596442313
20
1593.0631103515625
11
963.9182495175312
21
1612.8621002247626
0
LINE
5
B76
100
AcDbEntity
8
0
62
7.0
100
AcDbLine
10
963.9182495175312
20
1573.2641204783624
11
944.1192596442313
21
1593.0631103515625
0
ARC
5
B77
100
AcDbEntity
8
0
62
7.0
100
AcDbCircle
10
952.9224853515624
20
964.5954620354562
40
28.0
50
-135.0
51
-45.0
0
LINE
5
B78
100
AcDbEntity
8
0
62
7.0
100
AcDbLine
10
952.9224853515624
20
964.5954620354562
11
972.7214752247623
21
944.7964721621563
0
LINE
5
B79
100
AcDbEntity
8
0
62
7.0
100
AcDbLine
10
933.1234954783624
20
944.7964721621562
11
952.9224853515624
21
964.5954620354562
0
ARC
5
B7A
100
AcDbEntity
8
0
62
7.0
100
AcDbCircle
10
982.8806793206123
20
74.14786529541016
40
28.0
50
135.0
51
225.0
0
LINE
5
B7B
100
AcDbEntity
8
0
62
7.0
100
AcDbLine
10
982.8806793206123
20
74.14786529541016
11
963.0816894473123
21
54.348875422210156
0
LINE
5
B7C
100
AcDbEntity
8
0
62
7.0
100
AcDbLine
10
963.0816894473123
20
93.94685516861016
11
982.8806793206123
21
74.14786529541016
0
ARC
5
B7D
100
AcDbEntity
8
0
62
7.0
100
AcDbCircle
10
992.8174468987376
20
691.7081909179688
40
28.0
50
135.0
51
225.0
0
LINE
5
B7E
100
AcDbEntity
8
0
62
7.0
100
AcDbLine
10
992.8174468987376
20
691.7081909179688
11
973.0184570254376
21
671.9092010447688
0
LINE
5
B7F
100
AcDbEntity
8
0
62
7.0
100
AcDbLine
10
973.0184570254376
20
711.5071807911687
11
992.8174468987376
21
691.7081909179688
0
ARC
5
B80
100
AcDbEntity
8
0
62
7.0
100
AcDbCircle
10
973.640567015925
20
23.892486572265625
40
28.0
50
135.0
51
225.0
0
LINE
5
B81
100
AcDbEntity
8
0
62
7.0
100
AcDbLine
10
973.640567015925
20
23.892486572265625
11
953.841577142625
21
4.093496699065625
0
LINE
5
B82
100
AcDbEntity
8
0
62
7.0
100
AcDbLine
10
953.841577142625
20
43.691476445465625
11
973.640567015925
21
23.892486572265625
0
ARC
5
B83
100
AcDbEntity
8
0
62
7.0
100
AcDbCircle
10
941.6400115973563
20
1114.5843505859375
40
28.0
50
-45.0
51
45.0
0
LINE
5
B84
100
AcDbEntity
8
0
62
7.0
100
AcDbLine
10
941.6400115973563
20
1114.5843505859375
11
961.4390014706562
21
1134.3833404591376
0
LINE
5
B85
100
AcDbEntity
8
0
62
7.0
100
AcDbLine
10
961.4390014706562
20
1094.7853607127374
11
941.6400115973563
21
1114.5843505859375
0
ARC
5
B86
100
AcDbEntity
8
0
62
7.0
100
AcDbCircle
10
981.9989044182687
20
1690.9111328125
40
28.0
50
135.0
51
225.0
0
LINE
5
B87
100
AcDbEntity
8
0
62
7.0
100
AcDbLine
10
981.9989044182687
20
1690.9111328125
11
962.1999145449688
21
1671.1121429393
0
LINE
5
B88
100
AcDbEntity
8
0
62
7.0
100
AcDbLine
10
962.1999145449688
20
1710.7101226857
11
981.9989044182687
21
1690.9111328125
0
ARC
5
B89
100
AcDbEntity
8
0
62
7.0
100
AcDbCircle
10
938.7191741950124
20
1909.205078125
40
28.0
50
-45.0
51
45.0
0
LINE
5
B8A
100
AcDbEntity
8
0
62
7.0
100
AcDbLine
10
938.7191741950124
20
1909.205078125
11
958.5181640683124
21
1929.0040679982
0
LINE
5
B8B
100
AcDbEntity
8
0
62
7.0
100
AcDbLine
10
958.5181640683124
20
1889.4060882518
11
938.7191741950124
21
1909.205078125
0
ARC
5
B8C
100
AcDbEntity
8
0
62
7.0
100
AcDbCircle
10
992.0838653557687
20
1838.1610107421875
40
28.0
50
135.0
51
225.0
0
LINE
5
B8D
100
AcDbEntity
8
0
62
7.0
100
AcDbLine
10
992.0838653557687
20
1838.1610107421875
11
972.2848754824688
21
1818.3620208689874
0
LINE
5
B8E
100
AcDbEntity
8
0
62
7.0
100
AcDbLine
10
972.2848754824688
20
1857.9600006153876
11
992.0838653557687
21
1838.1610107421875
0
ARC
5
B8F
100
AcDbEntity
8
0
62
7.0
100
AcDbCircle
10
945.581600952825
20
851.8078002929688
40
28.0
50
-45.0
51
45.0
0
LINE
5
B90
100
AcDbEntity
8
0
62
7.0
100
AcDbLine
10
945.581600952825
20
851.8078002929688
11
965.380590826125
21
871.6067901661687
0
LINE
5
B91
100
AcDbEntity
8
0
62
7.0
100
AcDbLine
10
965.380590826125
20
832.0088104197688
11
945.581600952825
21
851.8078002929688
0
ARC
5
B92
100
AcDbEntity
8
0
62
7.0
100
AcDbCircle
10
941.4049652106377
20
778.916748046875
40
28.0
50
-45.0
51
45.0
0
LINE
5
B93
100
AcDbEntity
8
0
62
7.0
100
AcDbLine
10
941.4049652106377
20
778.916748046875
11
961.2039550839377
21
798.715737920075
0
LINE
5
B94
100
AcDbEntity
8
0
62
7.0
100
AcDbLine
10
961.2039550839377
20
759.117758173675
11
941.4049652106377
21
778.916748046875
0
ARC
5
B95
100
AcDbEntity
8
0
62
7.0
100
AcDbCircle
10
944.2277801520438
20
392.7763366699219
40
28.0
50
-45.0
51
45.0
0
LINE
5
B96
100
AcDbEntity
8
0
62
7.0
100
AcDbLine
10
944.2277801520438
20
392.7763366699219
11
964.0267700253437
21
412.5753265431219
0
LINE
5
B97
100
AcDbEntity
8
0
62
7.0
100
AcDbLine
10
964.0267700253437
20
372.97734679672186
11
944.2277801520438
21
392.7763366699219
0
ARC
5
B98
100
AcDbEntity
8
0
62
7.0
100
AcDbCircle
10
982.5194122307687
20
1394.407470703125
40
28.0
50
135.0
51
225.0
0
LINE
5
B99
100
AcDbEntity
8
0
62
7.0
100
AcDbLine
10
982.5194122307687
20
1394.407470703125
11
962.7204223574688
21
1374.608480829925
0
LINE
5
B9A
100
AcDbEntity
8
0
62
7.0
100
AcDbLine
10
962.7204223574688
20
1414.206460576325
11
982.5194122307687
21
1394.407470703125
0
ARC
5
B9B
100
AcDbEntity
8
0
62
7.0
100
AcDbCircle
10
944.2438323981377
20
485.1805725097656
40
28.0
50
-45.0
51
45.0
0
LINE
5
B9C
100
AcDbEntity
8
0
62
7.0
100
AcDbLine
10
944.2438323981377
20
485.1805725097656
11
964.0428222714377
21
504.97956238296564
0
LINE
5
B9D
100
AcDbEntity
8
0
62
7.0
100
AcDbLine
10
964.0428222714377
20
465.3815826365656
11
944.2438323981377
21
485.1805725097656
0
LWPOLYLINE
5
B9E
100
AcDbEntity
8
BIN_BOUNDARY
100
AcDbPolyline
90
4.0
70
1.0
10
0.0
20
0.0
10
1000.0
20
0.0
10
1000.0
20
2000.0
10
0.0
20
2000.0
0
ENDSEC
0
EOF
